solid Mosquito 2x18650
facet normal -0.3826834322960659 1.8989815376311267e-05 0.9238795323447151
  outer loop
    vertex -21.45704938667853 -29.164724383730427 36.630472391351745
    vertex -21.191750567000827 -24.164718208451312 36.74025998827663
    vertex -21.457049617388076 -24.164718208451266 36.63036952352154
  endloop
endfacet
facet normal -0.3826834322960659 1.8989815376311267e-05 0.9238795323447151
  outer loop
    vertex -21.191750567000827 -24.164718208451312 36.74025998827663
    vertex -21.45704938667853 -29.164724383730427 36.630472391351745
    vertex -21.191750336291282 -29.164724383730448 36.740362856106834
  endloop
endfacet
facet normal 0.6087614289273208 1.6350176560436906e-05 0.7933533401852156
  outer loop
    vertex -22.5195677955965 -29.164724383730494 36.915173340964515
    vertex -22.291750567000825 -24.164718208451312 36.74025998827663
    vertex -22.519568026306047 -24.164718208451333 36.91507047313431
  endloop
endfacet
facet normal 0.6087614289273208 1.6350176560436906e-05 0.7933533401852156
  outer loop
    vertex -22.291750567000825 -24.164718208451312 36.74025998827663
    vertex -22.5195677955965 -29.164724383730494 36.915173340964515
    vertex -22.291750336291283 -29.164724383730448 36.740362856106834
  endloop
endfacet
facet normal 1.0478817520803027e-12 -0.3826834323651012 -0.9238795325112822
  outer loop
    vertex -40.54163090753813 -26.66459837216343 60.434425586588254
    vertex -31.74163090753821 -26.905779327059495 60.53432600910228
    vertex -40.541630907538206 -26.905779327060916 60.53432600909288
  endloop
endfacet
facet normal 1.0478817520803027e-12 -0.3826834323651012 -0.9238795325112822
  outer loop
    vertex -31.74163090753821 -26.905779327059495 60.53432600910228
    vertex -40.54163090753813 -26.66459837216343 60.434425586588254
    vertex -31.74163090753813 -26.664598372162054 60.43442558659765
  endloop
endfacet
facet normal 2.5951645789991585e-13 0.92387953251129 -0.3826834323650821
  outer loop
    vertex -40.54163090756176 -8.030531194564178 78.94328691989413
    vertex -31.74163090756149 -8.130431617067384 78.70210596500606
    vertex -40.5416309075615 -8.130431617068805 78.70210596499666
  endloop
endfacet
facet normal 2.5951645789991585e-13 0.92387953251129 -0.3826834323650821
  outer loop
    vertex -31.74163090756149 -8.130431617067384 78.70210596500606
    vertex -40.54163090756176 -8.030531194564178 78.94328691989413
    vertex -31.741630907561763 -8.030531194562757 78.94328691990354
  endloop
endfacet
facet normal -1.0423932236781537e-12 -0.13052619222004572 0.9914448613738112
  outer loop
    vertex -40.541630907543144 12.83558718261964 58.5684001828038
    vertex -31.74163090754324 13.094406227723438 58.60247435652415
    vertex -40.54163090754324 13.094406227722152 58.602474356514726
  endloop
endfacet
facet normal -1.0423932236781537e-12 -0.13052619222004572 0.9914448613738112
  outer loop
    vertex -31.74163090754324 13.094406227723438 58.60247435652415
    vertex -40.541630907543144 12.83558718261964 58.5684001828038
    vertex -31.74163090754315 12.835587182620927 58.56840018281322
  endloop
endfacet
facet normal 2.1986213475081187e-14 -0.991444861373802 0.13052619222011588
  outer loop
    vertex -31.741630907561255 -6.19857996448924 78.18446787480102
    vertex -40.54163090756152 -6.164505790779724 78.44328691989413
    vertex -40.54163090756125 -6.198579964490661 78.18446787479162
  endloop
endfacet
facet normal 2.1986213475081187e-14 -0.991444861373802 0.13052619222011588
  outer loop
    vertex -40.54163090756152 -6.164505790779724 78.44328691989413
    vertex -31.741630907561255 -6.19857996448924 78.18446787480102
    vertex -31.741630907561525 -6.164505790778279 78.44328691990354
  endloop
endfacet
facet normal 9.459233800453712e-13 -0.6087614290087263 -0.793353340291231
  outer loop
    vertex -40.54163090756223 -6.457399009593172 79.15039370108067
    vertex -31.74163090756238 -6.664505790778302 79.30931232368798
    vertex -40.54163090756238 -6.6645057907797005 79.30931232367857
  endloop
endfacet
facet normal 9.459233800453712e-13 -0.6087614290087263 -0.793353340291231
  outer loop
    vertex -31.74163090756238 -6.664505790778302 79.30931232368798
    vertex -40.54163090756223 -6.457399009593172 79.15039370108067
    vertex -31.741630907562236 -6.457399009591729 79.15039370109008
  endloop
endfacet
facet normal -0.9999999965333499 2.0123953666505014e-08 8.326643823419935e-05
  outer loop
    vertex -38.74163098391187 -25.164598374234597 42.69342922243304
    vertex -38.742130574347435 -24.164684523104444 36.693285987617955
    vertex -38.74213058254295 -25.164684168656674 36.693429243846325
  endloop
endfacet
facet normal -0.9999999965333499 2.0123953666505014e-08 8.326643823419935e-05
  outer loop
    vertex -38.742130574347435 -24.164684523104444 36.693285987617955
    vertex -38.74163098391187 -25.164598374234597 42.69342922243304
    vertex -38.741630975716355 -24.164598728682343 42.69328596620466
  endloop
endfacet
facet normal 2.608235072721501e-13 0.9238795325112458 -0.3826834323651889
  outer loop
    vertex -40.54163090753752 -28.030623775947863 60.0684001828038
    vertex -31.74163090753725 -28.130524198451113 59.82721922791572
    vertex -40.54163090753725 -28.130524198452513 59.82721922790633
  endloop
endfacet
facet normal 2.608235072721501e-13 0.9238795325112458 -0.3826834323651889
  outer loop
    vertex -31.74163090753725 -28.130524198451113 59.82721922791572
    vertex -40.54163090753752 -28.030623775947863 60.0684001828038
    vertex -31.741630907537523 -28.03062377594644 60.06840018281321
  endloop
endfacet
facet normal -1.0801562721892829e-12 0.13052619222003958 0.991444861373812
  outer loop
    vertex -31.741630907536056 -27.423417417264563 58.60247435652415
    vertex -40.54163090753605 -27.16459837216343 58.56840018280381
    vertex -40.54163090753605 -27.423417417265963 58.60247435651474
  endloop
endfacet
facet normal -1.0801562721892829e-12 0.13052619222003958 0.991444861373812
  outer loop
    vertex -40.54163090753605 -27.16459837216343 58.56840018280381
    vertex -31.741630907536056 -27.423417417264563 58.60247435652415
    vertex -31.741630907536056 -27.164598372162008 58.56840018281321
  endloop
endfacet
facet normal -2.329365324514504e-06 -0.99999999999392 2.5950437403091687e-06
  outer loop
    vertex -16.74163086285596 10.835587182619891 42.691883921718926
    vertex -21.741750235429475 10.835503216558477 41.59200691140825
    vertex -16.741636253216477 10.835537255838908 41.59200691091656
  endloop
endfacet
facet normal -2.329365324514504e-06 -0.99999999999392 2.5950437403091687e-06
  outer loop
    vertex -16.741636253216477 10.835419834564664 33.7920069120517
    vertex -38.7418766441559 10.83534127036377 32.69242507057838
    vertex -16.74167987161294 10.835442734646287 32.6918839229426
  endloop
endfacet
facet normal -2.329365324514504e-06 -0.99999999999392 2.5950437403091687e-06
  outer loop
    vertex -38.7418766441559 10.83534127036377 32.69242507057838
    vertex -16.741636253216477 10.835419834564664 33.7920069120517
    vertex -21.741750235429475 10.835419834564686 33.7920069120517
  endloop
endfacet
facet normal -2.329365324514504e-06 -0.99999999999392 2.5950437403091687e-06
  outer loop
    vertex -38.7418766441559 10.83534127036377 32.69242507057838
    vertex -21.741750235429475 10.835419834564686 33.7920069120517
    vertex -35.74180926464448 10.835438860058114 35.29235130258548
  endloop
endfacet
facet normal -2.329365324514504e-06 -0.99999999999392 2.5950437403091687e-06
  outer loop
    vertex -38.7418766441559 10.83534127036377 32.69242507057838
    vertex -35.74180926464448 10.835438860058114 35.29235130258548
    vertex -36.36296820794379 10.835443747460442 35.37414331356018
  endloop
endfacet
facet normal -2.329365324514504e-06 -0.99999999999392 2.5950437403091687e-06
  outer loop
    vertex -38.7418766441559 10.83534127036377 32.69242507057838
    vertex -36.36296820794379 10.835443747460442 35.37414331356018
    vertex -36.94179283440092 10.83545807553115 35.61391490805235
  endloop
endfacet
facet normal -2.329365324514504e-06 -0.99999999999392 2.5950437403091687e-06
  outer loop
    vertex -38.7418766441559 10.83534127036377 32.69242507057838
    vertex -36.94179283440092 10.83545807553115 35.61391490805235
    vertex -38.74213045005157 10.835501353221362 36.69292749902143
  endloop
endfacet
facet normal -2.329365324514504e-06 -0.99999999999392 2.5950437403091687e-06
  outer loop
    vertex -38.74213045005157 10.835501353221362 36.69292749902143
    vertex -36.94179283440092 10.83545807553115 35.61391490805235
    vertex -37.438837815968355 10.835480867851048 35.995326302353874
  endloop
endfacet
facet normal -2.329365324514504e-06 -0.99999999999392 2.5950437403091687e-06
  outer loop
    vertex -38.74213045005157 10.835501353221362 36.69292749902143
    vertex -37.438837815968355 10.835480867851048 35.995326302353874
    vertex -37.82023088554441 10.835510571185418 36.492385344642535
  endloop
endfacet
facet normal -2.329365324514504e-06 -0.99999999999392 2.5950437403091687e-06
  outer loop
    vertex -38.74213045005157 10.835501353221362 36.69292749902143
    vertex -37.82023088554441 10.835510571185418 36.492385344642535
    vertex -38.05998114008726 10.835545161332583 37.07121880961674
  endloop
endfacet
facet normal -2.329365324514504e-06 -0.99999999999392 2.5950437403091687e-06
  outer loop
    vertex -38.74213045005157 10.835501353221362 36.69292749902143
    vertex -38.05998114008726 10.835545161332583 37.07121880961674
    vertex -45.542130506152965 10.835501388197406 36.69351346713206
  endloop
endfacet
facet normal -2.329365324514504e-06 -0.99999999999392 2.5950437403091687e-06
  outer loop
    vertex -45.542130506152965 10.835501388197406 36.69351346713206
    vertex -38.05998114008726 10.835545161332583 37.07121880961674
    vertex -45.54166785573914 10.835587182619372 76.44328691988854
  endloop
endfacet
facet normal -2.329365324514504e-06 -0.99999999999392 2.5950437403091687e-06
  outer loop
    vertex -45.54166785573914 10.835587182619372 76.44328691988854
    vertex -38.05998114008726 10.835545161332583 37.07121880961674
    vertex -38.14175025014842 10.835582281067852 37.69238076690791
  endloop
endfacet
facet normal -2.329365324514504e-06 -0.99999999999392 2.5950437403091687e-06
  outer loop
    vertex -45.54166785573914 10.835587182619372 76.44328691988854
    vertex -38.14175025014842 10.835582281067852 37.69238076690791
    vertex -38.059965872701866 10.835619400781962 38.313540714225574
  endloop
endfacet
facet normal -2.329365324514504e-06 -0.99999999999392 2.5950437403091687e-06
  outer loop
    vertex -45.54166785573914 10.835587182619372 76.44328691988854
    vertex -38.059965872701866 10.835619400781962 38.313540714225574
    vertex -37.820201391204535 10.835653990867065 38.892368286253465
  endloop
endfacet
facet normal -2.329365324514504e-06 -0.99999999999392 2.5950437403091687e-06
  outer loop
    vertex -45.54166785573914 10.835587182619372 76.44328691988854
    vertex -37.820201391204535 10.835653990867065 38.892368286253465
    vertex -37.438796104633205 10.835683694102803 39.38941795421135
  endloop
endfacet
facet normal -2.329365324514504e-06 -0.99999999999392 2.5950437403091687e-06
  outer loop
    vertex -45.54166785573914 10.835587182619372 76.44328691988854
    vertex -37.438796104633205 10.835683694102803 39.38941795421135
    vertex -36.94174174858488 10.83570648629411 39.770817131632825
  endloop
endfacet
facet normal -2.329365324514504e-06 -0.99999999999392 2.5950437403091687e-06
  outer loop
    vertex -45.54166785573914 10.835587182619372 76.44328691988854
    vertex -36.94174174858488 10.83570648629411 39.770817131632825
    vertex -36.36291122900659 10.835720814215046 40.0105744992429
  endloop
endfacet
facet normal -2.329365324514504e-06 -0.99999999999392 2.5950437403091687e-06
  outer loop
    vertex -45.54166785573914 10.835587182619372 76.44328691988854
    vertex -36.36291122900659 10.835720814215046 40.0105744992429
    vertex -35.74175027554617 10.835725701456635 40.092351242856886
  endloop
endfacet
facet normal -2.329365324514504e-06 -0.99999999999392 2.5950437403091687e-06
  outer loop
    vertex -45.54166785573914 10.835587182619372 76.44328691988854
    vertex -35.74175027554617 10.835725701456635 40.092351242856886
    vertex -31.741630907525902 10.83558718262014 42.69351344572307
  endloop
endfacet
facet normal -2.329365324514504e-06 -0.99999999999392 2.5950437403091687e-06
  outer loop
    vertex -31.741630907525902 10.83558718262014 42.69351344572307
    vertex -35.74175027554617 10.835725701456635 40.092351242856886
    vertex -21.741750235429475 10.835503216558477 41.59200691140825
  endloop
endfacet
facet normal -2.329365324514504e-06 -0.99999999999392 2.5950437403091687e-06
  outer loop
    vertex -31.741630907525902 10.83558718262014 42.69351344572307
    vertex -21.741750235429475 10.835503216558477 41.59200691140825
    vertex -16.74163086285596 10.835587182619891 42.691883921718926
  endloop
endfacet
facet normal -2.329365324514504e-06 -0.99999999999392 2.5950437403091687e-06
  outer loop
    vertex -45.54166785573914 10.835587182619372 76.44328691988854
    vertex -31.741630907525902 10.83558718262014 42.69351344572307
    vertex -31.74163090756157 10.835587182621719 76.44328691990336
  endloop
endfacet
facet normal -1.047391948592948e-12 0.38268343236508595 0.9238795325112884
  outer loop
    vertex -31.741630907536134 -27.66459837216205 58.70237477902877
    vertex -40.54163090753605 -27.423417417265963 58.60247435651474
    vertex -40.54163090753613 -27.66459837216343 58.702374779019365
  endloop
endfacet
facet normal -1.047391948592948e-12 0.38268343236508595 0.9238795325112884
  outer loop
    vertex -40.54163090753605 -27.423417417265963 58.60247435651474
    vertex -31.741630907536134 -27.66459837216205 58.70237477902877
    vertex -31.741630907536056 -27.423417417264563 58.60247435652415
  endloop
endfacet
facet normal -1.0381616931130514e-12 -0.13052619222005635 0.9914448613738098
  outer loop
    vertex -40.54163090753605 -27.16459837216343 58.56840018280381
    vertex -31.741630907536145 -26.905779327059495 58.60247435652415
    vertex -40.54163090753614 -26.905779327060916 58.60247435651474
  endloop
endfacet
facet normal -1.0381616931130514e-12 -0.13052619222005635 0.9914448613738098
  outer loop
    vertex -31.741630907536145 -26.905779327059495 58.60247435652415
    vertex -40.54163090753605 -27.16459837216343 58.56840018280381
    vertex -31.741630907536056 -27.164598372162008 58.56840018281321
  endloop
endfacet
facet normal 9.267225585022264e-13 0.3826834323650859 -0.9238795325112884
  outer loop
    vertex -31.74163090753812 -27.423417417264563 60.53432600910228
    vertex -40.541630907537964 -27.66459837216343 60.434425586588254
    vertex -40.541630907538114 -27.423417417265963 60.53432600909288
  endloop
endfacet
facet normal 9.267225585022264e-13 0.3826834323650859 -0.9238795325112884
  outer loop
    vertex -40.541630907537964 -27.66459837216343 60.434425586588254
    vertex -31.74163090753812 -27.423417417264563 60.53432600910228
    vertex -31.741630907537974 -27.66459837216205 60.43442558659765
  endloop
endfacet
facet normal 1.0803236887343343e-12 -0.13052619222005635 -0.9914448613738098
  outer loop
    vertex -31.74163090753821 -26.905779327059495 60.53432600910228
    vertex -40.541630907538206 -27.16459837216343 60.568400182803806
    vertex -40.541630907538206 -26.905779327060916 60.53432600909288
  endloop
endfacet
facet normal 1.0803236887343343e-12 -0.13052619222005635 -0.9914448613738098
  outer loop
    vertex -40.541630907538206 -27.16459837216343 60.568400182803806
    vertex -31.74163090753821 -26.905779327059495 60.53432600910228
    vertex -31.74163090753821 -27.164598372162008 60.56840018281321
  endloop
endfacet
facet normal 0.9999999999375369 5.019457478488429e-06 -9.986565087388758e-06
  outer loop
    vertex -45.54183669706221 -3.544761464187858 55.49029719197579
    vertex -45.541650798853524 -3.454243984570659 67.86542847887785
    vertex -45.541663374979315 -3.631782517513946 66.5168894372067
  endloop
endfacet
facet normal 0.9999999999375369 5.019457478488429e-06 -9.986565087388758e-06
  outer loop
    vertex -45.541650798853524 -3.454243984570659 67.86542847887785
    vertex -45.54183669706221 -3.544761464187858 55.49029719197579
    vertex -45.541830567087736 -3.509162896625948 56.12201189180786
  endloop
endfacet
facet normal 0.9999999999375369 5.019457478488429e-06 -9.986565087388758e-06
  outer loop
    vertex -45.541650798853524 -3.454243984570659 67.86542847887785
    vertex -45.541830567087736 -3.509162896625948 56.12201189180786
    vertex -45.541825699218684 -3.402367194008083 56.66313143475496
  endloop
endfacet
facet normal 0.9999999999375369 5.019457478488429e-06 -9.986565087388758e-06
  outer loop
    vertex -45.5418391630978 -1.8837791995135562 56.07820646889054
    vertex -45.541833862234654 -2.0534585992162344 56.523721475689605
    vertex -45.54184008890023 -2.1361666483617627 55.858646441616365
  endloop
endfacet
facet normal 0.9999999999375369 5.019457478488429e-06 -9.986565087388758e-06
  outer loop
    vertex -45.541833862234654 -2.0534585992162344 56.523721475689605
    vertex -45.5418391630978 -1.8837791995135562 56.07820646889054
    vertex -45.54183060829295 -1.9349388174794446 56.909123931332054
  endloop
endfacet
facet normal 0.9999999999375369 5.019457478488429e-06 -9.986565087388758e-06
  outer loop
    vertex -45.54183060829295 -1.9349388174794446 56.909123931332054
    vertex -45.5418391630978 -1.8837791995135562 56.07820646889054
    vertex -45.54182963600907 -1.8317669211567615 57.05833948384849
  endloop
endfacet
facet normal 0.9999999999375369 5.019457478488429e-06 -9.986565087388758e-06
  outer loop
    vertex -45.54182963600907 -1.8317669211567615 57.05833948384849
    vertex -45.5418391630978 -1.8837791995135562 56.07820646889054
    vertex -45.541838927200864 -1.6245704682676352 56.23211165305749
  endloop
endfacet
facet normal 0.9999999999375369 5.019457478488429e-06 -9.986565087388758e-06
  outer loop
    vertex -45.54182963600907 -1.8317669211567615 57.05833948384849
    vertex -45.541838927200864 -1.6245704682676352 56.23211165305749
    vertex -45.541829183640196 -1.7098364982334435 57.164922021360226
  endloop
endfacet
facet normal 0.9999999999375369 5.019457478488429e-06 -9.986565087388758e-06
  outer loop
    vertex -45.541829183640196 -1.7098364982334435 57.164922021360226
    vertex -45.541838927200864 -1.6245704682676352 56.23211165305749
    vertex -45.54182925118632 -1.5691475487095017 57.228871543867264
  endloop
endfacet
facet normal 0.9999999999375369 5.019457478488429e-06 -9.986565087388758e-06
  outer loop
    vertex -45.54182925118632 -1.5691475487095017 57.228871543867264
    vertex -45.541838927200864 -1.6245704682676352 56.23211165305749
    vertex -45.54183944126183 -1.341487248621355 56.322919975017484
  endloop
endfacet
facet normal 0.9999999999375369 5.019457478488429e-06 -9.986565087388758e-06
  outer loop
    vertex -45.54182925118632 -1.5691475487095017 57.228871543867264
    vertex -45.54183944126183 -1.341487248621355 56.322919975017484
    vertex -45.54182983864746 -1.4097000725849302 57.25018805136961
  endloop
endfacet
facet normal 0.9999999999375369 5.019457478488429e-06 -9.986565087388758e-06
  outer loop
    vertex -45.54182983864746 -1.4097000725849302 57.25018805136961
    vertex -45.54183944126183 -1.341487248621355 56.322919975017484
    vertex -45.54183100335578 -1.2370363618109717 57.22034494086633
  endloop
endfacet
facet normal 0.9999999999375369 5.019457478488429e-06 -9.986565087388758e-06
  outer loop
    vertex -45.54183100335578 -1.2370363618109717 57.22034494086633
    vertex -45.54183944126183 -1.341487248621355 56.322919975017484
    vertex -45.54184076533309 -1.0174763345720763 56.353189415670826
  endloop
endfacet
facet normal 0.9999999999375369 5.019457478488429e-06 -9.986565087388758e-06
  outer loop
    vertex -45.54183100335578 -1.2370363618109717 57.22034494086633
    vertex -45.54184076533309 -1.0174763345720763 56.353189415670826
    vertex -45.54183261432821 -1.0942157615444077 57.130815609356475
  endloop
endfacet
facet normal 0.9999999999375369 5.019457478488429e-06 -9.986565087388758e-06
  outer loop
    vertex -45.54183261432821 -1.0942157615444077 57.130815609356475
    vertex -45.54184076533309 -1.0174763345720763 56.353189415670826
    vertex -45.54183478217239 -0.9846489129863795 56.96881015233863
  endloop
endfacet
facet normal 0.9999999999375369 5.019457478488429e-06 -9.986565087388758e-06
  outer loop
    vertex -45.54183478217239 -0.9846489129863795 56.96881015233863
    vertex -45.54184076533309 -1.0174763345720763 56.353189415670826
    vertex -45.54183761749596 -0.9117464573380287 56.7215386653114
  endloop
endfacet
facet normal 0.9999999999375369 5.019457478488429e-06 -9.986565087388758e-06
  outer loop
    vertex -45.54183761749596 -0.9117464573380287 56.7215386653114
    vertex -45.54184076533309 -1.0174763345720763 56.353189415670826
    vertex -45.541842676347606 -0.6961299839637077 56.32334630516755
  endloop
endfacet
facet normal 0.9999999999375369 5.019457478488429e-06 -9.986565087388758e-06
  outer loop
    vertex -45.54183761749596 -0.9117464573380287 56.7215386653114
    vertex -45.541842676347606 -0.6961299839637077 56.32334630516755
    vertex -45.54184284789168 0.4695632288741301 56.89207072533017
  endloop
endfacet
facet normal 0.9999999999375369 5.019457478488429e-06 -9.986565087388758e-06
  outer loop
    vertex -45.54184284789168 0.4695632288741301 56.89207072533017
    vertex -45.541842676347606 -0.6961299839637077 56.32334630516755
    vertex -45.541845053955704 -0.4005766074371265 56.23381697365768
  endloop
endfacet
facet normal 0.9999999999375369 5.019457478488429e-06 -9.986565087388758e-06
  outer loop
    vertex -45.54184284789168 0.4695632288741301 56.89207072533017
    vertex -45.541845053955704 -0.4005766074371265 56.23381697365768
    vertex -45.54184789815741 -0.13081620499234398 56.084601421141244
  endloop
endfacet
facet normal 0.9999999999375369 5.019457478488429e-06 -9.986565087388758e-06
  outer loop
    vertex -45.54184284789168 0.4695632288741301 56.89207072533017
    vertex -45.54184789815741 -0.13081620499234398 56.084601421141244
    vertex -45.54185120895269 0.11315122337064544 55.87569964761824
  endloop
endfacet
facet normal 0.9999999999375369 5.019457478488429e-06 -9.986565087388758e-06
  outer loop
    vertex -45.54184284789168 0.4695632288741301 56.89207072533017
    vertex -45.54185120895269 0.11315122337064544 55.87569964761824
    vertex -45.541854767722455 0.3153382970251809 55.62096738296518
  endloop
endfacet
facet normal 0.9999999999375369 5.019457478488429e-06 -9.986565087388758e-06
  outer loop
    vertex -45.54184284789168 0.4695632288741301 56.89207072533017
    vertex -45.541854767722455 0.3153382970251809 55.62096738296518
    vertex -45.54185835584755 0.4597576353445959 55.33426035705861
  endloop
endfacet
facet normal 0.9999999999375369 5.019457478488429e-06 -9.986565087388758e-06
  outer loop
    vertex -45.54184284789168 0.4695632288741301 56.89207072533017
    vertex -45.54185835584755 0.4597576353445959 55.33426035705861
    vertex -45.541861973328004 0.5464092383288961 55.015578569898516
  endloop
endfacet
facet normal 0.9999999999375369 5.019457478488429e-06 -9.986565087388758e-06
  outer loop
    vertex -45.542130506152965 10.835501388197406 36.69351346713206
    vertex -45.541630907529985 -16.964598944367673 51.043286347686205
    vertex -45.54213050615659 -16.96468473880031 36.693513467134316
  endloop
endfacet
facet normal 0.9999999999375369 5.019457478488429e-06 -9.986565087388758e-06
  outer loop
    vertex -45.541630907529985 -16.964598944367673 51.043286347686205
    vertex -45.542130506152965 10.835501388197406 36.69351346713206
    vertex -45.541846114450266 -6.588225823072924 53.01758232170346
  endloop
endfacet
facet normal 0.9999999999375369 5.019457478488429e-06 -9.986565087388758e-06
  outer loop
    vertex -45.541630907529985 -16.964598944367673 51.043286347686205
    vertex -45.541846114450266 -6.588225823072924 53.01758232170346
    vertex -45.54162801317697 -13.17689831566722 65.26025110224192
  endloop
endfacet
facet normal 0.9999999999375369 5.019457478488429e-06 -9.986565087388758e-06
  outer loop
    vertex -45.541630907529985 -16.964598944367673 51.043286347686205
    vertex -45.54162801317697 -13.17689831566722 65.26025110224192
    vertex -45.541612850965286 -13.69741495684396 66.51688943675879
  endloop
endfacet
facet normal 0.9999999999375369 5.019457478488429e-06 -9.986565087388758e-06
  outer loop
    vertex -45.541630907529985 -16.964598944367673 51.043286347686205
    vertex -45.541612850965286 -13.69741495684396 66.51688943675879
    vertex -45.54159849254526 -13.874953489772066 67.86542847841413
  endloop
endfacet
facet normal 0.9999999999375369 5.019457478488429e-06 -9.986565087388758e-06
  outer loop
    vertex -45.54162801317697 -13.17689831566722 65.26025110224192
    vertex -45.541846114450266 -6.588225823072924 53.01758232170346
    vertex -45.5416429459006 -12.348875915143628 64.18115130066785
  endloop
endfacet
facet normal 0.9999999999375369 5.019457478488429e-06 -9.986565087388758e-06
  outer loop
    vertex -45.5416429459006 -12.348875915143628 64.18115130066785
    vertex -45.541846114450266 -6.588225823072924 53.01758232170346
    vertex -45.54165663149577 -11.269776113497105 63.35312890021703
  endloop
endfacet
facet normal 0.9999999999375369 5.019457478488429e-06 -9.986565087388758e-06
  outer loop
    vertex -45.54165663149577 -11.269776113497105 63.35312890021703
    vertex -45.541846114450266 -6.588225823072924 53.01758232170346
    vertex -45.54180238113891 -8.094556825600897 56.639683276502375
  endloop
endfacet
facet normal 0.9999999999375369 5.019457478488429e-06 -9.986565087388758e-06
  outer loop
    vertex -45.54165663149577 -11.269776113497105 63.35312890021703
    vertex -45.54180238113891 -8.094556825600897 56.639683276502375
    vertex -45.54166813731176 -10.013137778913196 62.832612259108544
  endloop
endfacet
facet normal 0.9999999999375369 5.019457478488429e-06 -9.986565087388758e-06
  outer loop
    vertex -45.54166813731176 -10.013137778913196 62.832612259108544
    vertex -45.54180238113891 -8.094556825600897 56.639683276502375
    vertex -45.54167667924626 -8.664598737200707 62.65507372623948
  endloop
endfacet
facet normal 0.9999999999375369 5.019457478488429e-06 -9.986565087388758e-06
  outer loop
    vertex -45.541846114450266 -6.588225823072924 53.01758232170346
    vertex -45.542130506152965 10.835501388197406 36.69351346713206
    vertex -45.541852294346995 -5.357037640960194 53.01758232170346
  endloop
endfacet
facet normal 0.9999999999375369 5.019457478488429e-06 -9.986565087388758e-06
  outer loop
    vertex -45.541852294346995 -5.357037640960194 53.01758232170346
    vertex -45.542130506152965 10.835501388197406 36.69351346713206
    vertex -45.54185932229632 -2.9568521873499534 53.52022556860882
  endloop
endfacet
facet normal 0.9999999999375369 5.019457478488429e-06 -9.986565087388758e-06
  outer loop
    vertex -45.541852294346995 -5.357037640960194 53.01758232170346
    vertex -45.54185932229632 -2.9568521873499534 53.52022556860882
    vertex -45.54185624015852 -3.12663816960129 53.74351598469592
  endloop
endfacet
facet normal 0.9999999999375369 5.019457478488429e-06 -9.986565087388758e-06
  outer loop
    vertex -45.541852294346995 -5.357037640960194 53.01758232170346
    vertex -45.54185624015852 -3.12663816960129 53.74351598469592
    vertex -45.541852891454994 -3.2736154888223465 54.004962949212214
  endloop
endfacet
facet normal 0.9999999999375369 5.019457478488429e-06 -9.986565087388758e-06
  outer loop
    vertex -45.541852294346995 -5.357037640960194 53.01758232170346
    vertex -45.541852891454994 -3.2736154888223465 54.004962949212214
    vertex -45.54184926781564 -3.392241853062134 54.3081902684331
  endloop
endfacet
facet normal 0.9999999999375369 5.019457478488429e-06 -9.986565087388758e-06
  outer loop
    vertex -45.541852294346995 -5.357037640960194 53.01758232170346
    vertex -45.54184926781564 -3.392241853062134 54.3081902684331
    vertex -45.5418453608704 -3.476974970369648 54.656821748633995
  endloop
endfacet
facet normal 0.9999999999375369 5.019457478488429e-06 -9.986565087388758e-06
  outer loop
    vertex -45.541852294346995 -5.357037640960194 53.01758232170346
    vertex -45.5418453608704 -3.476974970369648 54.656821748633995
    vertex -45.54182384907779 -3.817612760170463 56.639683276502375
  endloop
endfacet
facet normal 0.9999999999375369 5.019457478488429e-06 -9.986565087388758e-06
  outer loop
    vertex -45.54182384907779 -3.817612760170463 56.639683276502375
    vertex -45.5418453608704 -3.476974970369648 54.656821748633995
    vertex -45.54183669706221 -3.544761464187858 55.49029719197579
  endloop
endfacet
facet normal 0.9999999999375369 5.019457478488429e-06 -9.986565087388758e-06
  outer loop
    vertex -45.54182384907779 -3.817612760170463 56.639683276502375
    vertex -45.54183669706221 -3.544761464187858 55.49029719197579
    vertex -45.541663374979315 -3.631782517513946 66.5168894372067
  endloop
endfacet
facet normal 0.9999999999375369 5.019457478488429e-06 -9.986565087388758e-06
  outer loop
    vertex -45.54185932229632 -2.9568521873499534 53.52022556860882
    vertex -45.542130506152965 10.835501388197406 36.69351346713206
    vertex -45.54186213786837 -2.7642575420683473 53.33509170095093
  endloop
endfacet
facet normal 0.9999999999375369 5.019457478488429e-06 -9.986565087388758e-06
  outer loop
    vertex -45.54186213786837 -2.7642575420683473 53.33509170095093
    vertex -45.542130506152965 10.835501388197406 36.69351346713206
    vertex -45.54186468687468 -2.5488542337564613 53.188114381722244
  endloop
endfacet
facet normal 0.9999999999375369 5.019457478488429e-06 -9.986565087388758e-06
  outer loop
    vertex -45.54186468687468 -2.5488542337564613 53.188114381722244
    vertex -45.542130506152965 10.835501388197406 36.69351346713206
    vertex -45.54186703602676 -2.3035012324009068 53.076202717334915
  endloop
endfacet
facet normal 0.9999999999375369 5.019457478488429e-06 -9.986565087388758e-06
  outer loop
    vertex -45.54186703602676 -2.3035012324009068 53.076202717334915
    vertex -45.542130506152965 10.835501388197406 36.69351346713206
    vertex -45.54186925203611 -2.0210575079882798 52.99626581420111
  endloop
endfacet
facet normal 0.9999999999375369 5.019457478488429e-06 -9.986565087388758e-06
  outer loop
    vertex -45.54186925203611 -2.0210575079882798 52.99626581420111
    vertex -45.542130506152965 10.835501388197406 36.69351346713206
    vertex -45.54187328462663 -1.3448978899918183 52.93231629169407
  endloop
endfacet
facet normal 0.9999999999375369 5.019457478488429e-06 -9.986565087388758e-06
  outer loop
    vertex -45.54187328462663 -1.3448978899918183 52.93231629169407
    vertex -45.542130506152965 10.835501388197406 36.69351346713206
    vertex -45.54187563061272 -0.7731891587549189 52.984754900149845
  endloop
endfacet
facet normal 0.9999999999375369 5.019457478488429e-06 -9.986565087388758e-06
  outer loop
    vertex -45.54187563061272 -0.7731891587549189 52.984754900149845
    vertex -45.542130506152965 10.835501388197406 36.69351346713206
    vertex -45.541876402808924 -0.30635764442821944 53.142070725517165
  endloop
endfacet
facet normal 0.9999999999375369 5.019457478488429e-06 -9.986565087388758e-06
  outer loop
    vertex -45.541876402808924 -0.30635764442821944 53.142070725517165
    vertex -45.542130506152965 10.835501388197406 36.69351346713206
    vertex -45.54187566313978 0.06284426553921581 53.40170578689577
  endloop
endfacet
facet normal 0.9999999999375369 5.019457478488429e-06 -9.986565087388758e-06
  outer loop
    vertex -45.54187566313978 0.06284426553921581 53.40170578689577
    vertex -45.542130506152965 10.835501388197406 36.69351346713206
    vertex -45.54187347352979 0.34166418369832846 53.76110210338535
  endloop
endfacet
facet normal 0.9999999999375369 5.019457478488429e-06 -9.986565087388758e-06
  outer loop
    vertex -45.54187347352979 0.34166418369832846 53.76110210338535
    vertex -45.542130506152965 10.835501388197406 36.69351346713206
    vertex -45.54187005289809 0.5168858753957438 54.19169555493277
  endloop
endfacet
facet normal 0.9999999999375369 5.019457478488429e-06 -9.986565087388758e-06
  outer loop
    vertex -45.54187005289809 0.5168858753957438 54.19169555493277
    vertex -45.542130506152965 10.835501388197406 36.69351346713206
    vertex -45.54186562016379 0.5752931059780758 54.664922021484884
  endloop
endfacet
facet normal 0.9999999999375369 5.019457478488429e-06 -9.986565087388758e-06
  outer loop
    vertex -45.54166785573362 -25.164598372163862 76.44328691988868
    vertex -45.54156761621826 -10.013137778856555 72.89824469806341
    vertex -45.54166785573914 10.835587182619372 76.44328691988854
  endloop
endfacet
facet normal 0.9999999999375369 5.019457478488429e-06 -9.986565087388758e-06
  outer loop
    vertex -45.54156761621826 -10.013137778856555 72.89824469806341
    vertex -45.54166785573362 -25.164598372163862 76.44328691988868
    vertex -45.54156650674889 -11.269776113446314 72.3777280568431
  endloop
endfacet
facet normal 0.9999999999375369 5.019457478488429e-06 -9.986565087388758e-06
  outer loop
    vertex -45.54156650674889 -11.269776113446314 72.3777280568431
    vertex -45.54166785573362 -25.164598372163862 76.44328691988868
    vertex -45.54156935935293 -12.348875915102145 71.54970565629625
  endloop
endfacet
facet normal 0.9999999999375369 5.019457478488429e-06 -9.986565087388758e-06
  outer loop
    vertex -45.54156935935293 -12.348875915102145 71.54970565629625
    vertex -45.54166785573362 -25.164598372163862 76.44328691988868
    vertex -45.54157597963009 -13.176898315637896 70.47060585464845
  endloop
endfacet
facet normal 0.9999999999375369 5.019457478488429e-06 -9.986565087388758e-06
  outer loop
    vertex -45.54157597963009 -13.176898315637896 70.47060585464845
    vertex -45.54166785573362 -25.164598372163862 76.44328691988868
    vertex -45.541630907528756 -25.16459837216377 51.0432863476841
  endloop
endfacet
facet normal 0.9999999999375369 5.019457478488429e-06 -9.986565087388758e-06
  outer loop
    vertex -45.54157597963009 -13.176898315637896 70.47060585464845
    vertex -45.541630907528756 -25.16459837216377 51.0432863476841
    vertex -45.54158591641947 -13.697414956828782 69.21396752008526
  endloop
endfacet
facet normal 0.9999999999375369 5.019457478488429e-06 -9.986565087388758e-06
  outer loop
    vertex -45.54158591641947 -13.697414956828782 69.21396752008526
    vertex -45.541630907528756 -25.16459837216377 51.0432863476841
    vertex -45.541630907529985 -16.964598944367673 51.043286347686205
  endloop
endfacet
facet normal 0.9999999999375369 5.019457478488429e-06 -9.986565087388758e-06
  outer loop
    vertex -45.54158591641947 -13.697414956828782 69.21396752008526
    vertex -45.541630907529985 -16.964598944367673 51.043286347686205
    vertex -45.54159849254526 -13.874953489772066 67.86542847841413
  endloop
endfacet
facet normal 0.9999999999375369 5.019457478488429e-06 -9.986565087388758e-06
  outer loop
    vertex -45.54166785573914 10.835587182619372 76.44328691988854
    vertex -45.54156761621826 -10.013137778856555 72.89824469806341
    vertex -45.54157261215253 -8.66459873714206 73.07578323105251
  endloop
endfacet
facet normal 0.9999999999375369 5.019457478488429e-06 -9.986565087388758e-06
  outer loop
    vertex -45.54166785573914 10.835587182619372 76.44328691988854
    vertex -45.54157261215253 -8.66459873714206 73.07578323105251
    vertex -45.54158115408703 -7.316059695429531 72.89824469818343
  endloop
endfacet
facet normal 0.9999999999375369 5.019457478488429e-06 -9.986565087388758e-06
  outer loop
    vertex -45.54166785573914 10.835587182619372 76.44328691988854
    vertex -45.54158115408703 -7.316059695429531 72.89824469818343
    vertex -45.54159265990302 -6.059421360845625 72.37772805707495
  endloop
endfacet
facet normal 0.9999999999375369 5.019457478488429e-06 -9.986565087388758e-06
  outer loop
    vertex -45.54166785573914 10.835587182619372 76.44328691988854
    vertex -45.54159265990302 -6.059421360845625 72.37772805707495
    vertex -45.54160634549819 -4.980321559199099 71.54970565662413
  endloop
endfacet
facet normal 0.9999999999375369 5.019457478488429e-06 -9.986565087388758e-06
  outer loop
    vertex -45.54166785573914 10.835587182619372 76.44328691988854
    vertex -45.54160634549819 -4.980321559199099 71.54970565662413
    vertex -45.541621278221825 -4.15229915867551 70.47060585505005
  endloop
endfacet
facet normal 0.9999999999375369 5.019457478488429e-06 -9.986565087388758e-06
  outer loop
    vertex -45.54166785573914 10.835587182619372 76.44328691988854
    vertex -45.541621278221825 -4.15229915867551 70.47060585505005
    vertex -45.5416364404335 -3.6317825174987695 69.21396752053319
  endloop
endfacet
facet normal 0.9999999999375369 5.019457478488429e-06 -9.986565087388758e-06
  outer loop
    vertex -45.54166785573914 10.835587182619372 76.44328691988854
    vertex -45.5416364404335 -3.6317825174987695 69.21396752053319
    vertex -45.541650798853524 -3.454243984570659 67.86542847887785
  endloop
endfacet
facet normal 0.9999999999375369 5.019457478488429e-06 -9.986565087388758e-06
  outer loop
    vertex -45.54166785573914 10.835587182619372 76.44328691988854
    vertex -45.541650798853524 -3.454243984570659 67.86542847887785
    vertex -45.54181974979686 -2.975184383604487 57.47358504999422
  endloop
endfacet
facet normal 0.9999999999375369 5.019457478488429e-06 -9.986565087388758e-06
  outer loop
    vertex -45.54181974979686 -2.975184383604487 57.47358504999422
    vertex -45.541650798853524 -3.454243984570659 67.86542847887785
    vertex -45.54182209345507 -3.2243743563342626 57.11365582081709
  endloop
endfacet
facet normal 0.9999999999375369 5.019457478488429e-06 -9.986565087388758e-06
  outer loop
    vertex -45.54182209345507 -3.2243743563342626 57.11365582081709
    vertex -45.541650798853524 -3.454243984570659 67.86542847887785
    vertex -45.541825699218684 -3.402367194008083 56.66313143475496
  endloop
endfacet
facet normal 0.9999999999375369 5.019457478488429e-06 -9.986565087388758e-06
  outer loop
    vertex -45.54166785573914 10.835587182619372 76.44328691988854
    vertex -45.54181974979686 -2.975184383604487 57.47358504999422
    vertex -45.54181856797908 -2.662897548669655 57.74888774438704
  endloop
endfacet
facet normal 0.9999999999375369 5.019457478488429e-06 -9.986565087388758e-06
  outer loop
    vertex -45.54166785573914 10.835587182619372 76.44328691988854
    vertex -45.54181856797908 -2.662897548669655 57.74888774438704
    vertex -45.54181844773669 -2.2956141243806587 57.945532526096194
  endloop
endfacet
facet normal 0.9999999999375369 5.019457478488429e-06 -9.986565087388758e-06
  outer loop
    vertex -45.54166785573914 10.835587182619372 76.44328691988854
    vertex -45.54181844773669 -2.2956141243806587 57.945532526096194
    vertex -45.54181938906972 -1.8733341107374986 58.06351939512169
  endloop
endfacet
facet normal 0.9999999999375369 5.019457478488429e-06 -9.986565087388758e-06
  outer loop
    vertex -45.54166785573914 10.835587182619372 76.44328691988854
    vertex -45.54181938906972 -1.8733341107374986 58.06351939512169
    vertex -45.54182139197815 -1.3960575077401745 58.10284835146352
  endloop
endfacet
facet normal 0.9999999999375369 5.019457478488429e-06 -9.986565087388758e-06
  outer loop
    vertex -45.54166785573914 10.835587182619372 76.44328691988854
    vertex -45.54182139197815 -1.3960575077401745 58.10284835146352
    vertex -45.54182441819404 -0.861865829713163 58.068315609309714
  endloop
endfacet
facet normal 0.9999999999375369 5.019457478488429e-06 -9.986565087388758e-06
  outer loop
    vertex -45.54166785573914 10.835587182619372 76.44328691988854
    vertex -45.54182441819404 -0.861865829713163 58.068315609309714
    vertex -45.541827504992746 -0.45301521580809 57.96471738284831
  endloop
endfacet
facet normal 0.9999999999375369 5.019457478488429e-06 -9.986565087388758e-06
  outer loop
    vertex -45.54166785573914 10.835587182619372 76.44328691988854
    vertex -45.541827504992746 -0.45301521580809 57.96471738284831
    vertex -45.54183079374461 -0.13625191431992748 57.79461165297957
  endloop
endfacet
facet normal 0.9999999999375369 5.019457478488429e-06 -9.986565087388758e-06
  outer loop
    vertex -45.54166785573914 10.835587182619372 76.44328691988854
    vertex -45.54183079374461 -0.13625191431992748 57.79461165297957
    vertex -45.54183442581999 0.12167782645635809 57.5605564006038
  endloop
endfacet
facet normal 0.9999999999375369 5.019457478488429e-06 -9.986565087388758e-06
  outer loop
    vertex -45.54166785573914 10.835587182619372 76.44328691988854
    vertex -45.54183442581999 0.12167782645635809 57.5605564006038
    vertex -45.54183843320648 0.32290565727097464 57.260419974970745
  endloop
endfacet
facet normal 0.9999999999375369 5.019457478488429e-06 -9.986565087388758e-06
  outer loop
    vertex -45.54166785573914 10.835587182619372 76.44328691988854
    vertex -45.54183843320648 0.32290565727097464 57.260419974970745
    vertex -45.54184284789168 0.4695632288741301 56.89207072533017
  endloop
endfacet
facet normal 0.9999999999375369 5.019457478488429e-06 -9.986565087388758e-06
  outer loop
    vertex -45.54166785573914 10.835587182619372 76.44328691988854
    vertex -45.54184284789168 0.4695632288741301 56.89207072533017
    vertex -45.541861973328004 0.5464092383288961 55.015578569898516
  endloop
endfacet
facet normal 0.9999999999375369 5.019457478488429e-06 -9.986565087388758e-06
  outer loop
    vertex -45.54166785573914 10.835587182619372 76.44328691988854
    vertex -45.541861973328004 0.5464092383288961 55.015578569898516
    vertex -45.54186562016379 0.5752931059780758 54.664922021484884
  endloop
endfacet
facet normal 0.9999999999375369 5.019457478488429e-06 -9.986565087388758e-06
  outer loop
    vertex -45.54166785573914 10.835587182619372 76.44328691988854
    vertex -45.54186562016379 0.5752931059780758 54.664922021484884
    vertex -45.542130506152965 10.835501388197406 36.69351346713206
  endloop
endfacet
facet normal 0.9999999999375369 5.019457478488429e-06 -9.986565087388758e-06
  outer loop
    vertex -45.54180238113891 -8.094556825600897 56.639683276502375
    vertex -45.541681675180534 -7.3160596954861505 62.83261225922856
    vertex -45.54167667924626 -8.664598737200707 62.65507372623948
  endloop
endfacet
facet normal 0.9999999999375369 5.019457478488429e-06 -9.986565087388758e-06
  outer loop
    vertex -45.541681675180534 -7.3160596954861505 62.83261225922856
    vertex -45.54180238113891 -8.094556825600897 56.639683276502375
    vertex -45.54180963074117 -6.650256859725501 56.639683276502375
  endloop
endfacet
facet normal 0.9999999999375369 5.019457478488429e-06 -9.986565087388758e-06
  outer loop
    vertex -45.541681675180534 -7.3160596954861505 62.83261225922856
    vertex -45.54180963074117 -6.650256859725501 56.639683276502375
    vertex -45.54168278464989 -6.059421360896402 63.35312890044889
  endloop
endfacet
facet normal 0.9999999999375369 5.019457478488429e-06 -9.986565087388758e-06
  outer loop
    vertex -45.54168278464989 -6.059421360896402 63.35312890044889
    vertex -45.54180963074117 -6.650256859725501 56.639683276502375
    vertex -45.54183608068456 -5.947558189999484 54.34432174864958
  endloop
endfacet
facet normal 0.9999999999375369 5.019457478488429e-06 -9.986565087388758e-06
  outer loop
    vertex -45.54168278464989 -6.059421360896402 63.35312890044889
    vertex -45.54183608068456 -5.947558189999484 54.34432174864958
    vertex -45.54167993204587 -4.980321559240581 64.18115130099572
  endloop
endfacet
facet normal 0.9999999999375369 5.019457478488429e-06 -9.986565087388758e-06
  outer loop
    vertex -45.54167993204587 -4.980321559240581 64.18115130099572
    vertex -45.54183608068456 -5.947558189999484 54.34432174864958
    vertex -45.54181681775002 -5.2184270507394475 56.639683276502375
  endloop
endfacet
facet normal 0.9999999999375369 5.019457478488429e-06 -9.986565087388758e-06
  outer loop
    vertex -45.54167993204587 -4.980321559240581 64.18115130099572
    vertex -45.54181681775002 -5.2184270507394475 56.639683276502375
    vertex -45.54182384907779 -3.817612760170463 56.639683276502375
  endloop
endfacet
facet normal 0.9999999999375369 5.019457478488429e-06 -9.986565087388758e-06
  outer loop
    vertex -45.54167993204587 -4.980321559240581 64.18115130099572
    vertex -45.54182384907779 -3.817612760170463 56.639683276502375
    vertex -45.5416733117687 -4.152299158704838 65.26025110264351
  endloop
endfacet
facet normal 0.9999999999375369 5.019457478488429e-06 -9.986565087388758e-06
  outer loop
    vertex -45.5416733117687 -4.152299158704838 65.26025110264351
    vertex -45.54182384907779 -3.817612760170463 56.639683276502375
    vertex -45.541663374979315 -3.631782517513946 66.5168894372067
  endloop
endfacet
facet normal -9.451439207587041e-13 0.6087614290087054 0.793353340291247
  outer loop
    vertex -31.7416309075605 -7.8716125719648495 77.736180138717
    vertex -40.54163090756037 -7.664505790779698 77.5772615161097
    vertex -40.541630907560496 -7.871612571966271 77.73618013870761
  endloop
endfacet
facet normal -9.451439207587041e-13 0.6087614290087054 0.793353340291247
  outer loop
    vertex -40.54163090756037 -7.664505790779698 77.5772615161097
    vertex -31.7416309075605 -7.8716125719648495 77.736180138717
    vertex -31.741630907560374 -7.6645057907783 77.57726151611911
  endloop
endfacet
facet normal -9.38612473220375e-13 0.6087614290087404 0.7933533402912201
  outer loop
    vertex -31.741630907543374 12.1284804014344 58.86129340162667
    vertex -40.541630907543215 12.33558718261964 58.702374779019365
    vertex -40.54163090754336 12.128480401433091 58.861293401617246
  endloop
endfacet
facet normal -9.38612473220375e-13 0.6087614290087404 0.7933533402912201
  outer loop
    vertex -40.541630907543215 12.33558718261964 58.702374779019365
    vertex -31.741630907543374 12.1284804014344 58.86129340162667
    vertex -31.741630907543218 12.335587182620927 58.70237477902877
  endloop
endfacet
facet normal -7.599204430284462e-13 -0.6087614290087195 0.793353340291236
  outer loop
    vertex -40.54163090754336 13.335587182619639 58.702374779019365
    vertex -31.74163090754358 13.542693963807475 58.86129340162667
    vertex -40.54163090754357 13.542693963806189 58.861293401617246
  endloop
endfacet
facet normal -7.599204430284462e-13 -0.6087614290087195 0.793353340291236
  outer loop
    vertex -31.74163090754358 13.542693963807475 58.86129340162667
    vertex -40.54163090754336 13.335587182619639 58.702374779019365
    vertex -31.741630907543374 13.335587182620925 58.70237477902877
  endloop
endfacet
facet normal 5.434066261070504e-13 -0.9238795325113343 -0.38268343236497526
  outer loop
    vertex -31.74163090754464 13.801513008909964 59.82721922791574
    vertex -40.54163090754489 13.701612586404096 60.0684001828038
    vertex -40.541630907544636 13.801513008908701 59.82721922790631
  endloop
endfacet
facet normal 5.434066261070504e-13 -0.9238795325113343 -0.38268343236497526
  outer loop
    vertex -40.54163090754489 13.701612586404096 60.0684001828038
    vertex -31.74163090754464 13.801513008909964 59.82721922791574
    vertex -31.7416309075449 13.701612586405382 60.06840018281321
  endloop
endfacet
facet normal 9.329136679022833e-13 0.3826834323650707 -0.9238795325112946
  outer loop
    vertex -31.741630907545225 12.576768137518414 60.53432600910229
    vertex -40.54163090754508 12.33558718261964 60.43442558658823
    vertex -40.54163090754522 12.576768137517128 60.53432600909286
  endloop
endfacet
facet normal 9.329136679022833e-13 0.3826834323650707 -0.9238795325112946
  outer loop
    vertex -40.54163090754508 12.33558718261964 60.43442558658823
    vertex -31.741630907545225 12.576768137518414 60.53432600910229
    vertex -31.74163090754508 12.335587182620927 60.43442558659766
  endloop
endfacet
facet normal 9.380858863459495e-13 -0.6087614290087263 -0.793353340291231
  outer loop
    vertex -40.54163090754508 13.542693963806189 60.275506963990345
    vertex -31.741630907545236 13.335587182620925 60.43442558659766
    vertex -40.54163090754522 13.335587182619639 60.43442558658823
  endloop
endfacet
facet normal 9.380858863459495e-13 -0.6087614290087263 -0.793353340291231
  outer loop
    vertex -31.741630907545236 13.335587182620925 60.43442558659766
    vertex -40.54163090754508 13.542693963806189 60.275506963990345
    vertex -31.74163090754508 13.542693963807475 60.27550696399975
  endloop
endfacet
facet normal -5.445904968711557e-13 0.9238795325112578 0.3826834323651596
  outer loop
    vertex -40.5416309075438 11.86966135633058 59.30958113770127
    vertex -31.741630907543556 11.969561778836516 59.06840018281322
    vertex -40.54163090754356 11.96956177883523 59.0684001828038
  endloop
endfacet
facet normal -5.445904968711557e-13 0.9238795325112578 0.3826834323651596
  outer loop
    vertex -31.741630907543556 11.969561778836516 59.06840018281322
    vertex -40.5416309075438 11.86966135633058 59.30958113770127
    vertex -31.741630907543815 11.869661356331866 59.309581137710694
  endloop
endfacet
facet normal 1.0 1.4683825911944202e-13 1.0708222247430531e-12
  outer loop
    vertex -40.5416309075438 11.86966135633058 59.30958113770127
    vertex -40.54163090754435 11.86966135633058 59.82721922790631
    vertex -40.54163090754407 11.835587182619642 59.5684001828038
  endloop
endfacet
facet normal 1.0 1.4683825911944202e-13 1.0708222247430531e-12
  outer loop
    vertex -40.54163090754435 11.86966135633058 59.82721922790631
    vertex -40.5416309075438 11.86966135633058 59.30958113770127
    vertex -40.54163090754356 11.96956177883523 59.0684001828038
  endloop
endfacet
facet normal 1.0 1.4683825911944202e-13 1.0708222247430531e-12
  outer loop
    vertex -40.54163090754435 11.86966135633058 59.82721922790631
    vertex -40.54163090754356 11.96956177883523 59.0684001828038
    vertex -40.54163090754462 11.96956177883523 60.0684001828038
  endloop
endfacet
facet normal 1.0 1.4683825911944202e-13 1.0708222247430531e-12
  outer loop
    vertex -40.54163090754462 11.96956177883523 60.0684001828038
    vertex -40.54163090754356 11.96956177883523 59.0684001828038
    vertex -40.54163090754336 12.128480401433091 58.861293401617246
  endloop
endfacet
facet normal 1.0 1.4683825911944202e-13 1.0708222247430531e-12
  outer loop
    vertex -40.54163090754462 11.96956177883523 60.0684001828038
    vertex -40.54163090754336 12.128480401433091 58.861293401617246
    vertex -40.541630907544885 12.128480401433091 60.275506963990345
  endloop
endfacet
facet normal 1.0 1.4683825911944202e-13 1.0708222247430531e-12
  outer loop
    vertex -40.541630907544885 12.128480401433091 60.275506963990345
    vertex -40.54163090754336 12.128480401433091 58.861293401617246
    vertex -40.541630907543215 12.33558718261964 58.702374779019365
  endloop
endfacet
facet normal 1.0 1.4683825911944202e-13 1.0708222247430531e-12
  outer loop
    vertex -40.541630907544885 12.128480401433091 60.275506963990345
    vertex -40.541630907543215 12.33558718261964 58.702374779019365
    vertex -40.54163090754508 12.33558718261964 60.43442558658823
  endloop
endfacet
facet normal 1.0 1.4683825911944202e-13 1.0708222247430531e-12
  outer loop
    vertex -40.54163090754508 12.33558718261964 60.43442558658823
    vertex -40.541630907543215 12.33558718261964 58.702374779019365
    vertex -40.541630907543144 12.576768137517128 58.602474356514726
  endloop
endfacet
facet normal 1.0 1.4683825911944202e-13 1.0708222247430531e-12
  outer loop
    vertex -40.54163090754508 12.33558718261964 60.43442558658823
    vertex -40.541630907543144 12.576768137517128 58.602474356514726
    vertex -40.54163090754522 12.576768137517128 60.53432600909286
  endloop
endfacet
facet normal 1.0 1.4683825911944202e-13 1.0708222247430531e-12
  outer loop
    vertex -40.54163090754522 12.576768137517128 60.53432600909286
    vertex -40.541630907543144 12.576768137517128 58.602474356514726
    vertex -40.541630907543144 12.83558718261964 58.5684001828038
  endloop
endfacet
facet normal 1.0 1.4683825911944202e-13 1.0708222247430531e-12
  outer loop
    vertex -40.54163090754522 12.576768137517128 60.53432600909286
    vertex -40.541630907543144 12.83558718261964 58.5684001828038
    vertex -40.54163090754529 12.83558718261964 60.5684001828038
  endloop
endfacet
facet normal 1.0 1.4683825911944202e-13 1.0708222247430531e-12
  outer loop
    vertex -40.54163090754529 12.83558718261964 60.5684001828038
    vertex -40.541630907543144 12.83558718261964 58.5684001828038
    vertex -40.54163090754324 13.094406227722152 58.602474356514726
  endloop
endfacet
facet normal 1.0 1.4683825911944202e-13 1.0708222247430531e-12
  outer loop
    vertex -40.54163090754529 12.83558718261964 60.5684001828038
    vertex -40.54163090754324 13.094406227722152 58.602474356514726
    vertex -40.54163090754529 13.094406227722152 60.53432600909286
  endloop
endfacet
facet normal 1.0 1.4683825911944202e-13 1.0708222247430531e-12
  outer loop
    vertex -40.54163090754529 13.094406227722152 60.53432600909286
    vertex -40.54163090754324 13.094406227722152 58.602474356514726
    vertex -40.54163090754336 13.335587182619639 58.702374779019365
  endloop
endfacet
facet normal 1.0 1.4683825911944202e-13 1.0708222247430531e-12
  outer loop
    vertex -40.54163090754529 13.094406227722152 60.53432600909286
    vertex -40.54163090754336 13.335587182619639 58.702374779019365
    vertex -40.54163090754522 13.335587182619639 60.43442558658823
  endloop
endfacet
facet normal 1.0 1.4683825911944202e-13 1.0708222247430531e-12
  outer loop
    vertex -40.54163090754522 13.335587182619639 60.43442558658823
    vertex -40.54163090754336 13.335587182619639 58.702374779019365
    vertex -40.54163090754357 13.542693963806189 58.861293401617246
  endloop
endfacet
facet normal 1.0 1.4683825911944202e-13 1.0708222247430531e-12
  outer loop
    vertex -40.54163090754522 13.335587182619639 60.43442558658823
    vertex -40.54163090754357 13.542693963806189 58.861293401617246
    vertex -40.54163090754508 13.542693963806189 60.275506963990345
  endloop
endfacet
facet normal 1.0 1.4683825911944202e-13 1.0708222247430531e-12
  outer loop
    vertex -40.54163090754508 13.542693963806189 60.275506963990345
    vertex -40.54163090754357 13.542693963806189 58.861293401617246
    vertex -40.54163090754381 13.701612586404096 59.0684001828038
  endloop
endfacet
facet normal 1.0 1.4683825911944202e-13 1.0708222247430531e-12
  outer loop
    vertex -40.54163090754508 13.542693963806189 60.275506963990345
    vertex -40.54163090754381 13.701612586404096 59.0684001828038
    vertex -40.54163090754489 13.701612586404096 60.0684001828038
  endloop
endfacet
facet normal 1.0 1.4683825911944202e-13 1.0708222247430531e-12
  outer loop
    vertex -40.54163090754489 13.701612586404096 60.0684001828038
    vertex -40.54163090754381 13.701612586404096 59.0684001828038
    vertex -40.54163090754408 13.801513008908701 59.30958113770127
  endloop
endfacet
facet normal 1.0 1.4683825911944202e-13 1.0708222247430531e-12
  outer loop
    vertex -40.54163090754489 13.701612586404096 60.0684001828038
    vertex -40.54163090754408 13.801513008908701 59.30958113770127
    vertex -40.541630907544636 13.801513008908701 59.82721922790631
  endloop
endfacet
facet normal 1.0 1.4683825911944202e-13 1.0708222247430531e-12
  outer loop
    vertex -40.541630907544636 13.801513008908701 59.82721922790631
    vertex -40.54163090754408 13.801513008908701 59.30958113770127
    vertex -40.541630907544366 13.835587182619639 59.5684001828038
  endloop
endfacet
facet normal -1.080490987380409e-12 0.1305261922200295 0.9914448613738134
  outer loop
    vertex -31.741630907560307 -7.423324835880812 77.47736109361448
    vertex -40.541630907560304 -7.164505790779722 77.44328691989415
    vertex -40.541630907560304 -7.423324835882233 77.47736109360507
  endloop
endfacet
facet normal -1.080490987380409e-12 0.1305261922200295 0.9914448613738134
  outer loop
    vertex -40.541630907560304 -7.164505790779722 77.44328691989415
    vertex -31.741630907560307 -7.423324835880812 77.47736109361448
    vertex -31.741630907560307 -7.164505790778278 77.44328691990354
  endloop
endfacet
facet normal 5.346141510758662e-13 0.7933533402912726 -0.6087614290086719
  outer loop
    vertex -40.541630907544885 12.128480401433091 60.275506963990345
    vertex -31.74163090754463 11.969561778836516 60.06840018281321
    vertex -40.54163090754462 11.96956177883523 60.0684001828038
  endloop
endfacet
facet normal 5.346141510758662e-13 0.7933533402912726 -0.6087614290086719
  outer loop
    vertex -31.74163090754463 11.969561778836516 60.06840018281321
    vertex -40.541630907544885 12.128480401433091 60.275506963990345
    vertex -31.741630907544888 12.1284804014344 60.27550696399975
  endloop
endfacet
facet normal -5.354366523757772e-13 -0.7933533402912059 0.6087614290087587
  outer loop
    vertex -31.74163090754358 13.542693963807475 58.86129340162667
    vertex -40.54163090754381 13.701612586404096 59.0684001828038
    vertex -40.54163090754357 13.542693963806189 58.861293401617246
  endloop
endfacet
facet normal -5.354366523757772e-13 -0.7933533402912059 0.6087614290087587
  outer loop
    vertex -40.54163090754381 13.701612586404096 59.0684001828038
    vertex -31.74163090754358 13.542693963807475 58.86129340162667
    vertex -31.741630907543815 13.701612586405382 59.06840018281322
  endloop
endfacet
facet normal 7.674905034938846e-13 -0.79335334029121 -0.6087614290087535
  outer loop
    vertex -31.7416309075449 13.701612586405382 60.06840018281321
    vertex -40.54163090754508 13.542693963806189 60.275506963990345
    vertex -40.54163090754489 13.701612586404096 60.0684001828038
  endloop
endfacet
facet normal 7.674905034938846e-13 -0.79335334029121 -0.6087614290087535
  outer loop
    vertex -40.54163090754508 13.542693963806189 60.275506963990345
    vertex -31.7416309075449 13.701612586405382 60.06840018281321
    vertex -31.74163090754508 13.542693963807475 60.27550696399975
  endloop
endfacet
facet normal -2.4561387326988953e-06 -0.9999999999969837 -2.416048608241733e-23
  outer loop
    vertex -44.24166924213677 -17.264592797122717 45.14336340589267
    vertex -45.54173164281948 -17.264589603989098 49.143238270311706
    vertex -45.54173164281948 -17.264589603989098 45.14333144612088
  endloop
endfacet
facet normal -2.4561387326988953e-06 -0.9999999999969837 -2.416048608241733e-23
  outer loop
    vertex -45.54173164281948 -17.264589603989098 49.143238270311706
    vertex -44.24166924213677 -17.264592797122717 45.14336340589267
    vertex -44.24166924213677 -17.264592797122717 49.14327023008349
  endloop
endfacet
facet normal -7.683120966039946e-13 0.7933533402912687 0.6087614290086771
  outer loop
    vertex -40.54163090754356 11.96956177883523 59.0684001828038
    vertex -31.741630907543374 12.1284804014344 58.86129340162667
    vertex -40.54163090754336 12.128480401433091 58.861293401617246
  endloop
endfacet
facet normal -7.683120966039946e-13 0.7933533402912687 0.6087614290086771
  outer loop
    vertex -31.741630907543374 12.1284804014344 58.86129340162667
    vertex -40.54163090754356 11.96956177883523 59.0684001828038
    vertex -31.741630907543556 11.969561778836516 59.06840018281322
  endloop
endfacet
facet normal 7.500662779138556e-13 0.6087614290087054 -0.793353340291247
  outer loop
    vertex -31.741630907562225 -7.6645057907783 79.30931232368798
    vertex -40.541630907562 -7.871612571966271 79.15039370108067
    vertex -40.54163090756222 -7.664505790779698 79.30931232367857
  endloop
endfacet
facet normal 7.500662779138556e-13 0.6087614290087054 -0.793353340291247
  outer loop
    vertex -40.541630907562 -7.871612571966271 79.15039370108067
    vertex -31.741630907562225 -7.6645057907783 79.30931232368798
    vertex -31.741630907562023 -7.8716125719648495 79.15039370109008
  endloop
endfacet
facet normal 1.0802220082519493e-12 -0.13052619222005635 -0.9914448613738098
  outer loop
    vertex -31.741630907545293 13.094406227723438 60.53432600910229
    vertex -40.54163090754529 12.83558718261964 60.5684001828038
    vertex -40.54163090754529 13.094406227722152 60.53432600909286
  endloop
endfacet
facet normal 1.0802220082519493e-12 -0.13052619222005635 -0.9914448613738098
  outer loop
    vertex -40.54163090754529 12.83558718261964 60.5684001828038
    vertex -31.741630907545293 13.094406227723438 60.53432600910229
    vertex -31.741630907545293 12.835587182620927 60.568400182813214
  endloop
endfacet
facet normal 2.745860083245157e-13 0.9238795325112578 -0.3826834323651596
  outer loop
    vertex -40.54163090754462 11.96956177883523 60.0684001828038
    vertex -31.74163090754436 11.869661356331866 59.82721922791574
    vertex -40.54163090754435 11.86966135633058 59.82721922790631
  endloop
endfacet
facet normal 2.745860083245157e-13 0.9238795325112578 -0.3826834323651596
  outer loop
    vertex -31.74163090754436 11.869661356331866 59.82721922791574
    vertex -40.54163090754462 11.96956177883523 60.0684001828038
    vertex -31.74163090754463 11.969561778836516 60.06840018281321
  endloop
endfacet
facet normal -9.332098959840726e-13 -0.38268343236507985 0.9238795325112908
  outer loop
    vertex -40.54163090754324 13.094406227722152 58.602474356514726
    vertex -31.741630907543374 13.335587182620925 58.70237477902877
    vertex -40.54163090754336 13.335587182619639 58.702374779019365
  endloop
endfacet
facet normal -9.332098959840726e-13 -0.38268343236507985 0.9238795325112908
  outer loop
    vertex -31.741630907543374 13.335587182620925 58.70237477902877
    vertex -40.54163090754324 13.094406227722152 58.602474356514726
    vertex -31.74163090754324 13.094406227723438 58.60247435652415
  endloop
endfacet
facet normal -1.0450491624461927e-12 0.3826834323650799 0.9238795325112908
  outer loop
    vertex -31.741630907543218 12.335587182620927 58.70237477902877
    vertex -40.541630907543144 12.576768137517128 58.602474356514726
    vertex -40.541630907543215 12.33558718261964 58.702374779019365
  endloop
endfacet
facet normal -1.0450491624461927e-12 0.3826834323650799 0.9238795325112908
  outer loop
    vertex -40.541630907543144 12.576768137517128 58.602474356514726
    vertex -31.741630907543218 12.335587182620927 58.70237477902877
    vertex -31.74163090754315 12.576768137518414 58.60247435652415
  endloop
endfacet
facet normal 3.9017399744147096e-15 -0.9914448613738023 0.13052619222011447
  outer loop
    vertex -31.741630907544085 13.801513008909964 59.309581137710694
    vertex -40.541630907544366 13.835587182619639 59.5684001828038
    vertex -40.54163090754408 13.801513008908701 59.30958113770127
  endloop
endfacet
facet normal 3.9017399744147096e-15 -0.9914448613738023 0.13052619222011447
  outer loop
    vertex -40.541630907544366 13.835587182619639 59.5684001828038
    vertex -31.741630907544085 13.801513008909964 59.309581137710694
    vertex -31.74163090754437 13.835587182620925 59.568400182813214
  endloop
endfacet
facet normal -1.0805395801977191e-12 0.13052619222004572 0.9914448613738112
  outer loop
    vertex -31.74163090754315 12.576768137518414 58.60247435652415
    vertex -40.541630907543144 12.83558718261964 58.5684001828038
    vertex -40.541630907543144 12.576768137517128 58.602474356514726
  endloop
endfacet
facet normal -1.0805395801977191e-12 0.13052619222004572 0.9914448613738112
  outer loop
    vertex -40.541630907543144 12.83558718261964 58.5684001828038
    vertex -31.74163090754315 12.576768137518414 58.60247435652415
    vertex -31.74163090754315 12.835587182620927 58.56840018281322
  endloop
endfacet
facet normal 1.0481778001358913e-12 -0.3826834323650799 -0.9238795325112908
  outer loop
    vertex -40.54163090756238 -6.6645057907797005 79.30931232367857
    vertex -31.74163090756245 -6.905686745675789 79.40921274619261
    vertex -40.54163090756244 -6.905686745677188 79.4092127461832
  endloop
endfacet
facet normal 1.0481778001358913e-12 -0.3826834323650799 -0.9238795325112908
  outer loop
    vertex -31.74163090756245 -6.905686745675789 79.40921274619261
    vertex -40.54163090756238 -6.6645057907797005 79.30931232367857
    vertex -31.74163090756238 -6.664505790778302 79.30931232368798
  endloop
endfacet
facet normal 3.008483293507317e-13 -0.9914448613738026 -0.1305261922201117
  outer loop
    vertex -31.741630907561525 -6.164505790778279 78.44328691990354
    vertex -40.54163090756179 -6.198579964490661 78.70210596499666
    vertex -40.54163090756152 -6.164505790779724 78.44328691989413
  endloop
endfacet
facet normal 3.008483293507317e-13 -0.9914448613738026 -0.1305261922201117
  outer loop
    vertex -40.54163090756179 -6.198579964490661 78.70210596499666
    vertex -31.741630907561525 -6.164505790778279 78.44328691990354
    vertex -31.741630907561806 -6.19857996448924 78.70210596500607
  endloop
endfacet
facet normal 5.57003589480385e-13 -0.9238795325113021 -0.38268343236505287
  outer loop
    vertex -31.741630907537566 -26.19867254587297 59.82721922791574
    vertex -40.5416309075378 -26.298572968378995 60.0684001828038
    vertex -40.54163090753756 -26.198672545874366 59.82721922790633
  endloop
endfacet
facet normal 5.57003589480385e-13 -0.9238795325113021 -0.38268343236505287
  outer loop
    vertex -40.5416309075378 -26.298572968378995 60.0684001828038
    vertex -31.741630907537566 -26.19867254587297 59.82721922791574
    vertex -31.741630907537804 -26.298572968377574 60.06840018281321
  endloop
endfacet
facet normal 7.593941434959879e-13 0.6087614290087472 -0.7933533402912148
  outer loop
    vertex -31.74163090754508 12.335587182620927 60.43442558659766
    vertex -40.541630907544885 12.128480401433091 60.275506963990345
    vertex -40.54163090754508 12.33558718261964 60.43442558658823
  endloop
endfacet
facet normal 7.593941434959879e-13 0.6087614290087472 -0.7933533402912148
  outer loop
    vertex -40.541630907544885 12.128480401433091 60.275506963990345
    vertex -31.74163090754508 12.335587182620927 60.43442558659766
    vertex -31.741630907544888 12.1284804014344 60.27550696399975
  endloop
endfacet
facet normal -5.20418977405085e-13 -0.7933533402912816 0.6087614290086604
  outer loop
    vertex -31.741630907560726 -6.457399009591729 77.736180138717
    vertex -40.541630907560965 -6.298480386995311 77.94328691989413
    vertex -40.541630907560716 -6.457399009593172 77.73618013870761
  endloop
endfacet
facet normal -5.20418977405085e-13 -0.7933533402912816 0.6087614290086604
  outer loop
    vertex -40.541630907560965 -6.298480386995311 77.94328691989413
    vertex -31.741630907560726 -6.457399009591729 77.736180138717
    vertex -31.741630907560985 -6.298480386993867 77.94328691990354
  endloop
endfacet
facet normal 9.260373428605642e-13 0.38268343236509517 -0.9238795325112846
  outer loop
    vertex -31.74163090756236 -7.423324835880812 79.40921274619261
    vertex -40.54163090756222 -7.664505790779698 79.30931232367857
    vertex -40.54163090756236 -7.423324835882233 79.4092127461832
  endloop
endfacet
facet normal 9.260373428605642e-13 0.38268343236509517 -0.9238795325112846
  outer loop
    vertex -40.54163090756222 -7.664505790779698 79.30931232367857
    vertex -31.74163090756236 -7.423324835880812 79.40921274619261
    vertex -31.741630907562225 -7.6645057907783 79.30931232368798
  endloop
endfacet
facet normal 0.6087614289279343 -1.6293997800775226e-05 -0.7933533401859005
  outer loop
    vertex -22.29175056700086 -24.164718208451806 38.64551587660238
    vertex -22.5195677955965 -29.1647243837309 38.470808259574916
    vertex -22.519568026306047 -24.164718208451763 38.47070539174471
  endloop
endfacet
facet normal 0.6087614289279343 -1.6293997800775226e-05 -0.7933533401859005
  outer loop
    vertex -22.5195677955965 -29.1647243837309 38.470808259574916
    vertex -22.29175056700086 -24.164718208451806 38.64551587660238
    vertex -22.291750336291315 -29.164724383730945 38.645618744432596
  endloop
endfacet
facet normal 2.8330736291762157e-13 -0.9914448613738018 -0.13052619222011724
  outer loop
    vertex -31.74163090754437 13.835587182620925 59.568400182813214
    vertex -40.541630907544636 13.801513008908701 59.82721922790631
    vertex -40.541630907544366 13.835587182619639 59.5684001828038
  endloop
endfacet
facet normal 2.8330736291762157e-13 -0.9914448613738018 -0.13052619222011724
  outer loop
    vertex -40.541630907544636 13.801513008908701 59.82721922790631
    vertex -31.74163090754437 13.835587182620925 59.568400182813214
    vertex -31.74163090754464 13.801513008909964 59.82721922791574
  endloop
endfacet
facet normal -2.8457811633903414e-13 0.9914448613738077 0.130526192220072
  outer loop
    vertex -40.54163090754407 11.835587182619642 59.5684001828038
    vertex -31.741630907543815 11.869661356331866 59.309581137710694
    vertex -40.5416309075438 11.86966135633058 59.30958113770127
  endloop
endfacet
facet normal -2.8457811633903414e-13 0.9914448613738077 0.130526192220072
  outer loop
    vertex -31.741630907543815 11.869661356331866 59.309581137710694
    vertex -40.54163090754407 11.835587182619642 59.5684001828038
    vertex -31.741630907544085 11.835587182620928 59.568400182813214
  endloop
endfacet
facet normal -7.787172345689127e-13 0.793353340291198 0.6087614290087692
  outer loop
    vertex -40.541630907560695 -8.030531194564178 77.94328691989413
    vertex -31.7416309075605 -7.8716125719648495 77.736180138717
    vertex -40.541630907560496 -7.871612571966271 77.73618013870761
  endloop
endfacet
facet normal -7.787172345689127e-13 0.793353340291198 0.6087614290087692
  outer loop
    vertex -31.7416309075605 -7.8716125719648495 77.736180138717
    vertex -40.541630907560695 -8.030531194564178 77.94328691989413
    vertex -31.7416309075607 -8.030531194562757 77.94328691990354
  endloop
endfacet
facet normal 2.983065998763729e-13 -0.9914448613738023 -0.13052619222011447
  outer loop
    vertex -31.741630907537296 -26.164598372162008 59.56840018281321
    vertex -40.54163090753756 -26.198672545874366 59.82721922790633
    vertex -40.54163090753729 -26.16459837216343 59.568400182803806
  endloop
endfacet
facet normal 2.983065998763729e-13 -0.9914448613738023 -0.13052619222011447
  outer loop
    vertex -40.54163090753756 -26.198672545874366 59.82721922790633
    vertex -31.741630907537296 -26.164598372162008 59.56840018281321
    vertex -31.741630907537566 -26.19867254587297 59.82721922791574
  endloop
endfacet
facet normal 7.785225808290948e-13 -0.7933533402912438 -0.6087614290087096
  outer loop
    vertex -31.741630907537804 -26.298572968377574 60.06840018281321
    vertex -40.541630907538 -26.45749159097688 60.275506963990345
    vertex -40.5416309075378 -26.298572968378995 60.0684001828038
  endloop
endfacet
facet normal 7.785225808290948e-13 -0.7933533402912438 -0.6087614290087096
  outer loop
    vertex -40.541630907538 -26.45749159097688 60.275506963990345
    vertex -31.741630907537804 -26.298572968377574 60.06840018281321
    vertex -31.741630907538006 -26.457491590975458 60.27550696399975
  endloop
endfacet
facet normal -2.9699398636108575e-13 0.9914448613738077 0.13052619222007342
  outer loop
    vertex -40.541630907561206 -8.16450579077972 78.44328691989413
    vertex -31.74163090756094 -8.130431617067384 78.18446787480102
    vertex -40.541630907560936 -8.13043161706876 78.18446787479162
  endloop
endfacet
facet normal -2.9699398636108575e-13 0.9914448613738077 0.13052619222007342
  outer loop
    vertex -31.74163090756094 -8.130431617067384 78.18446787480102
    vertex -40.541630907561206 -8.16450579077972 78.44328691989413
    vertex -31.74163090756121 -8.164505790778298 78.44328691990354
  endloop
endfacet
facet normal 1.0383291096581075e-12 0.13052619222003958 -0.991444861373812
  outer loop
    vertex -31.74163090753821 -27.164598372162008 60.56840018281321
    vertex -40.541630907538114 -27.423417417265963 60.53432600909288
    vertex -40.541630907538206 -27.16459837216343 60.568400182803806
  endloop
endfacet
facet normal 1.0383291096581075e-12 0.13052619222003958 -0.991444861373812
  outer loop
    vertex -40.541630907538114 -27.423417417265963 60.53432600909288
    vertex -31.74163090753821 -27.164598372162008 60.56840018281321
    vertex -31.74163090753812 -27.423417417264563 60.53432600910228
  endloop
endfacet
facet normal 1.0420754811673718e-12 0.13052619222005635 -0.9914448613738098
  outer loop
    vertex -31.741630907545293 12.835587182620927 60.568400182813214
    vertex -40.54163090754522 12.576768137517128 60.53432600909286
    vertex -40.54163090754529 12.83558718261964 60.5684001828038
  endloop
endfacet
facet normal 1.0420754811673718e-12 0.13052619222005635 -0.9914448613738098
  outer loop
    vertex -40.54163090754522 12.576768137517128 60.53432600909286
    vertex -31.741630907545293 12.835587182620927 60.568400182813214
    vertex -31.741630907545225 12.576768137518414 60.53432600910229
  endloop
endfacet
facet normal -1.0483724637666786e-12 0.3826834323651044 0.9238795325112806
  outer loop
    vertex -31.741630907560374 -7.6645057907783 77.57726151611911
    vertex -40.541630907560304 -7.423324835882233 77.47736109360507
    vertex -40.54163090756037 -7.664505790779698 77.5772615161097
  endloop
endfacet
facet normal -1.0483724637666786e-12 0.3826834323651044 0.9238795325112806
  outer loop
    vertex -40.541630907560304 -7.423324835882233 77.47736109360507
    vertex -31.741630907560374 -7.6645057907783 77.57726151611911
    vertex -31.741630907560307 -7.423324835880812 77.47736109361448
  endloop
endfacet
facet normal -5.172486186930934e-15 0.9914448613738075 -0.1305261922200748
  outer loop
    vertex -40.54163090754435 11.86966135633058 59.82721922790631
    vertex -31.741630907544085 11.835587182620928 59.568400182813214
    vertex -40.54163090754407 11.835587182619642 59.5684001828038
  endloop
endfacet
facet normal -5.172486186930934e-15 0.9914448613738075 -0.1305261922200748
  outer loop
    vertex -31.741630907544085 11.835587182620928 59.568400182813214
    vertex -40.54163090754435 11.86966135633058 59.82721922790631
    vertex -31.74163090754436 11.869661356331866 59.82721922791574
  endloop
endfacet
facet normal -0.9238796556675042 0.3826831350295009 2.7725330380575567e-06
  outer loop
    vertex -46.62238940715513 12.241437766662251 76.94329316321894
    vertex -46.27294875655212 13.085358131237195 36.192516109240444
    vertex -46.622600216622665 12.241224998471505 36.19254480925541
  endloop
endfacet
facet normal -0.9238796556675042 0.3826831350295009 2.7725330380575567e-06
  outer loop
    vertex -46.27294875655212 13.085358131237195 36.192516109240444
    vertex -46.62238940715513 12.241437766662251 76.94329316321894
    vertex -46.27273793299346 13.085572798928487 76.94329301652094
  endloop
endfacet
facet normal -0.7933537782129735 0.6087608582969215 8.919095628229766e-07
  outer loop
    vertex -46.27273793299346 13.085572798928487 76.94329301652094
    vertex -45.716733590167024 13.810232550137055 36.19248560625559
    vertex -46.27294875655212 13.085358131237195 36.192516109240444
  endloop
endfacet
facet normal -0.7933537782129735 0.6087608582969215 8.919095628229766e-07
  outer loop
    vertex -45.716733590167024 13.810232550137055 36.19248560625559
    vertex -46.27273793299346 13.085572798928487 76.94329301652094
    vertex -45.716522761225484 13.810447981651643 76.94329278315813
  endloop
endfacet
facet normal -0.9238828719684059 -9.468958586941296e-06 -0.38267536998577384
  outer loop
    vertex -46.62260383402967 -25.664831143520804 35.28760817691877
    vertex -46.2729577605708 11.335352001229397 34.44255151248593
    vertex -46.2729567050145 -25.664835492753035 34.44346581834551
  endloop
endfacet
facet normal -0.9238828719684059 -9.468958586941296e-06 -0.38267536998577384
  outer loop
    vertex -46.2729577605708 11.335352001229397 34.44255151248593
    vertex -46.62260383402967 -25.664831143520804 35.28760817691877
    vertex -46.622604877449426 11.335355167496067 35.28669647744395
  endloop
endfacet
facet normal -0.3827051837722842 -2.2775250292761738e-05 -0.9238705222027112
  outer loop
    vertex -44.1477439127037 11.335350781046888 32.81175548958965
    vertex -44.99187440309229 -25.664842096793578 33.16234119973166
    vertex -44.99187545725681 11.335349730636198 33.16142778616285
  endloop
endfacet
facet normal -0.3827051837722842 -2.2775250292761738e-05 -0.9238705222027112
  outer loop
    vertex -44.99187440309229 -25.664842096793578 33.16234119973166
    vertex -44.1477439127037 11.335350781046888 32.81175548958965
    vertex -44.14774287197263 -25.664843901547513 32.81266546529106
  endloop
endfacet
facet normal -0.9914448699056919 0.13052612733804503 4.451771575004656e-06
  outer loop
    vertex -46.741649013572776 11.33556929230282 76.9432932132549
    vertex -46.622600216622665 12.241224998471505 36.19254480925541
    vertex -46.74185980120115 11.335359429841994 36.19256975044188
  endloop
endfacet
facet normal -0.9914448699056919 0.13052612733804503 4.451771575004656e-06
  outer loop
    vertex -46.622600216622665 12.241224998471505 36.19254480925541
    vertex -46.741649013572776 11.33556929230282 76.9432932132549
    vertex -46.62238940715513 12.241437766662251 76.94329316321894
  endloop
endfacet
facet normal -0.13055191020972587 -2.4317762945445757e-05 -0.991441474898664
  outer loop
    vertex -43.24187785986998 11.335353226466099 32.692474639345264
    vertex -44.14774287197263 -25.664843901547513 32.81266546529106
    vertex -44.1477439127037 11.335350781046888 32.81175548958965
  endloop
endfacet
facet normal -0.13055191020972587 -2.4317762945445757e-05 -0.991441474898664
  outer loop
    vertex -44.14774287197263 -25.664843901547513 32.81266546529106
    vertex -43.24187785986998 11.335353226466099 32.692474639345264
    vertex -43.24187684003376 -25.66484451998112 32.69337945053317
  endloop
endfacet
facet normal -0.38268482050015445 0.9238789575212157 -2.8768145733180676e-06
  outer loop
    vertex -44.99185986186743 14.366449261434727 36.19245537902884
    vertex -44.147515705592994 14.716316440304945 76.9432921248735
    vertex -44.14772651832654 14.716103015446787 36.19242748749577
  endloop
endfacet
facet normal -0.38268482050015445 0.9238789575212157 -2.8768145733180676e-06
  outer loop
    vertex -44.147515705592994 14.716316440304945 76.9432921248735
    vertex -44.99185986186743 14.366449261434727 36.19245537902884
    vertex -44.99164903661815 14.366664269042051 76.9432924790338
  endloop
endfacet
facet normal -0.382682471879033 2.850730294333567e-10 0.9238799303570531
  outer loop
    vertex -44.147498238876366 -25.664599215885538 80.32403322608857
    vertex -44.99163335768914 11.335584883190998 79.97438202813466
    vertex -44.99163339195725 -25.664601007576394 79.9743820281347
  endloop
endfacet
facet normal -0.382682471879033 2.850730294333567e-10 0.9238799303570531
  outer loop
    vertex -44.99163335768914 11.335584883190998 79.97438202813466
    vertex -44.147498238876366 -25.664599215885538 80.32403322608857
    vertex -44.14749821801939 11.335586674726827 80.3240332260885
  endloop
endfacet
facet normal -2.757701675516405e-13 -0.9238795325113343 0.38268343236497526
  outer loop
    vertex -31.741630907543815 13.701612586405382 59.06840018281322
    vertex -40.54163090754408 13.801513008908701 59.30958113770127
    vertex -40.54163090754381 13.701612586404096 59.0684001828038
  endloop
endfacet
facet normal -2.757701675516405e-13 -0.9238795325113343 0.38268343236497526
  outer loop
    vertex -40.54163090754408 13.801513008908701 59.30958113770127
    vertex -31.741630907543815 13.701612586405382 59.06840018281322
    vertex -31.741630907544085 13.801513008909964 59.309581137710694
  endloop
endfacet
facet normal -2.0715263755334727e-14 0.9914448613738188 -0.13052619221998848
  outer loop
    vertex -40.5416309075615 -8.130431617068805 78.70210596499666
    vertex -31.74163090756121 -8.164505790778298 78.44328691990354
    vertex -40.541630907561206 -8.16450579077972 78.44328691989413
  endloop
endfacet
facet normal -2.0715263755334727e-14 0.9914448613738188 -0.13052619221998848
  outer loop
    vertex -31.74163090756121 -8.164505790778298 78.44328691990354
    vertex -40.5416309075615 -8.130431617068805 78.70210596499666
    vertex -31.74163090756149 -8.130431617067384 78.70210596500606
  endloop
endfacet
facet normal 2.4561387328438947e-06 0.9999999999969837 -5.896589740694983e-12
  outer loop
    vertex -45.541731951585845 -21.06461020507551 49.143238270311706
    vertex -44.2416794843648 -21.064613398208316 45.14336340589267
    vertex -45.54174188504748 -21.06461020507472 45.14333144612088
  endloop
endfacet
facet normal 2.4561387328438947e-06 0.9999999999969837 -5.896589740694983e-12
  outer loop
    vertex -44.2416794843648 -21.064613398208316 45.14336340589267
    vertex -45.541731951585845 -21.06461020507551 49.143238270311706
    vertex -44.241669550903154 -21.06461339820915 49.14327023008349
  endloop
endfacet
facet normal -2.4583259818997044e-05 6.625947035002017e-11 0.9999999996978317
  outer loop
    vertex -44.2416794843648 -21.064613398208316 45.14336340589267
    vertex -45.54173164281948 -17.264589603989098 45.14333144612088
    vertex -45.54174188504748 -21.06461020507472 45.14333144612088
  endloop
endfacet
facet normal -2.4583259818997044e-05 6.625947035002017e-11 0.9999999996978317
  outer loop
    vertex -45.54173164281948 -17.264589603989098 45.14333144612088
    vertex -44.2416794843648 -21.064613398208316 45.14336340589267
    vertex -44.24166924213677 -17.264592797122717 45.14336340589267
  endloop
endfacet
facet normal -5.556970657967479e-13 0.9238795325113189 0.3826834323650121
  outer loop
    vertex -40.541630907560936 -8.13043161706876 78.18446787479162
    vertex -31.7416309075607 -8.030531194562757 77.94328691990354
    vertex -40.541630907560695 -8.030531194564178 77.94328691989413
  endloop
endfacet
facet normal -5.556970657967479e-13 0.9238795325113189 0.3826834323650121
  outer loop
    vertex -31.7416309075607 -8.030531194562757 77.94328691990354
    vertex -40.541630907560936 -8.13043161706876 78.18446787479162
    vertex -31.74163090756094 -8.130431617067384 78.18446787480102
  endloop
endfacet
facet normal 2.067339645247271e-14 -0.9914448613738077 0.130526192220072
  outer loop
    vertex -31.741630907537015 -26.198672545872945 59.309581137710694
    vertex -40.54163090753729 -26.16459837216343 59.568400182803806
    vertex -40.54163090753701 -26.198672545874366 59.30958113770129
  endloop
endfacet
facet normal 2.067339645247271e-14 -0.9914448613738077 0.130526192220072
  outer loop
    vertex -40.54163090753729 -26.16459837216343 59.568400182803806
    vertex -31.741630907537015 -26.198672545872945 59.309581137710694
    vertex -31.741630907537296 -26.164598372162008 59.56840018281321
  endloop
endfacet
facet normal -1.0381617715125097e-12 -0.13052619222003514 0.9914448613738127
  outer loop
    vertex -40.541630907560304 -7.164505790779722 77.44328691989415
    vertex -31.741630907560385 -6.905686745675789 77.47736109361448
    vertex -40.54163090756037 -6.905686745677188 77.47736109360507
  endloop
endfacet
facet normal -1.0381617715125097e-12 -0.13052619222003514 0.9914448613738127
  outer loop
    vertex -31.741630907560385 -6.905686745675789 77.47736109361448
    vertex -40.541630907560304 -7.164505790779722 77.44328691989415
    vertex -31.741630907560307 -7.164505790778278 77.44328691990354
  endloop
endfacet
facet normal 2.4583259814816463e-05 -1.9974849338755677e-12 -0.9999999996978317
  outer loop
    vertex -45.54173164281948 -17.264589603989098 49.143238270311706
    vertex -44.241669550903154 -21.06461339820915 49.14327023008349
    vertex -45.541731951585845 -21.06461020507551 49.143238270311706
  endloop
endfacet
facet normal 2.4583259814816463e-05 -1.9974849338755677e-12 -0.9999999996978317
  outer loop
    vertex -44.241669550903154 -21.06461339820915 49.14327023008349
    vertex -45.54173164281948 -17.264589603989098 49.143238270311706
    vertex -44.24166924213677 -17.264592797122717 49.14327023008349
  endloop
endfacet
facet normal 0.00011151985721358936 1.0818474671281165e-05 0.9999999937231412
  outer loop
    vertex -31.741630907525902 10.83558718262014 42.69351344572307
    vertex -16.741651020062665 14.835587181623467 42.69179737616943
    vertex -31.741630907526762 14.835587154527627 42.69351344572318
  endloop
endfacet
facet normal 0.00011151985721358936 1.0818474671281165e-05 0.9999999937231412
  outer loop
    vertex -16.741651020062665 14.835587181623467 42.69179737616943
    vertex -31.741630907525902 10.83558718262014 42.69351344572307
    vertex -16.74163086285596 10.835587182619891 42.691883921718926
  endloop
endfacet
facet normal -7.492859175538363e-13 -0.6087614290087263 0.793353340291231
  outer loop
    vertex -40.541630907560524 -6.6645057907797005 77.5772615161097
    vertex -31.741630907560726 -6.457399009591729 77.736180138717
    vertex -40.541630907560716 -6.457399009593172 77.73618013870761
  endloop
endfacet
facet normal -7.492859175538363e-13 -0.6087614290087263 0.793353340291231
  outer loop
    vertex -31.741630907560726 -6.457399009591729 77.736180138717
    vertex -40.541630907560524 -6.6645057907797005 77.5772615161097
    vertex -31.741630907560534 -6.664505790778302 77.57726151611911
  endloop
endfacet
facet normal 1.0447530940399177e-12 -0.38268343236507063 -0.9238795325112946
  outer loop
    vertex -40.54163090754522 13.335587182619639 60.43442558658823
    vertex -31.741630907545293 13.094406227723438 60.53432600910229
    vertex -40.54163090754529 13.094406227722152 60.53432600909286
  endloop
endfacet
facet normal 1.0447530940399177e-12 -0.38268343236507063 -0.9238795325112946
  outer loop
    vertex -31.741630907545293 13.094406227723438 60.53432600910229
    vertex -40.54163090754522 13.335587182619639 60.43442558658823
    vertex -31.741630907545236 13.335587182620925 60.43442558659766
  endloop
endfacet
facet normal -9.262316095907461e-13 -0.38268343236508906 0.9238795325112871
  outer loop
    vertex -40.54163090756037 -6.905686745677188 77.47736109360507
    vertex -31.741630907560534 -6.664505790778302 77.57726151611911
    vertex -40.541630907560524 -6.6645057907797005 77.5772615161097
  endloop
endfacet
facet normal -9.262316095907461e-13 -0.38268343236508906 0.9238795325112871
  outer loop
    vertex -31.741630907560534 -6.664505790778302 77.57726151611911
    vertex -40.54163090756037 -6.905686745677188 77.47736109360507
    vertex -31.741630907560385 -6.905686745675789 77.47736109361448
  endloop
endfacet
facet normal -0.9914448613701171 -2.731133021485763e-06 -0.13052619221953318
  outer loop
    vertex -20.67923215808287 -24.16471820845165 37.977588882052274
    vertex -20.641750336291306 -29.164724383730697 37.69299080026972
    vertex -20.679231927373323 -29.164724383730785 37.97769174988249
  endloop
endfacet
facet normal -0.9914448613701171 -2.731133021485763e-06 -0.13052619221953318
  outer loop
    vertex -20.641750336291306 -29.164724383730697 37.69299080026972
    vertex -20.67923215808287 -24.16471820845165 37.977588882052274
    vertex -20.64175056700085 -24.164718208451557 37.692887932439504
  endloop
endfacet
facet normal 0.38268343229606583 -1.8989815376309583e-05 -0.9238795323447151
  outer loop
    vertex -22.026451516613616 -24.164718208451873 38.75540634135748
    vertex -22.291750336291315 -29.164724383730945 38.645618744432596
    vertex -22.29175056700086 -24.164718208451806 38.64551587660238
  endloop
endfacet
facet normal 0.38268343229606583 -1.8989815376309583e-05 -0.9238795323447151
  outer loop
    vertex -22.291750336291315 -29.164724383730945 38.645618744432596
    vertex -22.026451516613616 -24.164718208451873 38.75540634135748
    vertex -22.02645128590407 -29.164724383731013 38.755509209187686
  endloop
endfacet
facet normal -0.9914448613703605 2.639638817104248e-06 0.1305261922195652
  outer loop
    vertex -20.64175056700085 -24.164718208451557 37.692887932439504
    vertex -20.679231927373323 -29.16472438373065 37.40828985065695
    vertex -20.641750336291306 -29.164724383730697 37.69299080026972
  endloop
endfacet
facet normal -0.9914448613703605 2.639638817104248e-06 0.1305261922195652
  outer loop
    vertex -20.679231927373323 -29.16472438373065 37.40828985065695
    vertex -20.64175056700085 -24.164718208451557 37.692887932439504
    vertex -20.67923215808287 -24.164718208451514 37.408186982826734
  endloop
endfacet
facet normal -0.854626889616085 0.35398520170788783 -0.3798780811220384
  outer loop
    vertex -46.50740896467256 12.210354115381353 35.28667238611236
    vertex -45.866868883789635 12.850895333227358 34.442505057872
    vertex -46.16967593068103 12.11985459607617 34.44252991279227
  endloop
endfacet
facet normal -0.854626889616085 0.35398520170788783 -0.3798780811220384
  outer loop
    vertex -45.866868883789635 12.850895333227358 34.442505057872
    vertex -46.50740896467256 12.210354115381353 35.28667238611236
    vertex -46.169671589190735 13.025724109146028 35.28664466404006
  endloop
endfacet
facet normal -0.1305257230930267 3.6778924779554985e-11 0.9914449231354421
  outer loop
    vertex -43.2416309551876 -25.664598611472464 80.44329247903251
    vertex -44.14749821801939 11.335586674726827 80.3240332260885
    vertex -44.147498238876366 -25.664599215885538 80.32403322608857
  endloop
endfacet
facet normal -0.1305257230930267 3.6778924779554985e-11 0.9914449231354421
  outer loop
    vertex -44.14749821801939 11.335586674726827 80.3240332260885
    vertex -43.2416309551876 -25.664598611472464 80.44329247903251
    vertex -43.241630955193905 11.335587279097329 80.44329247903245
  endloop
endfacet
facet normal -0.05037340732378526 0.12161292476938478 0.991298550570729
  outer loop
    vertex -43.241630955193905 11.335587279097329 80.44329247903245
    vertex -43.47608711237942 12.210588423305794 80.32403294439361
    vertex -43.69456489505456 12.120091782221534 80.32403303605739
  endloop
endfacet
facet normal -0.10388195475288779 0.7890621857168812 0.6054662720155575
  outer loop
    vertex -44.02614353524625 14.263391213508879 78.69329244106551
    vertex -43.2416362578718 13.810460700222714 79.41816599813738
    vertex -43.24164000742994 14.366673262427563 78.69329211192257
  endloop
endfacet
facet normal -0.10388195475288779 0.7890621857168812 0.6054662720155575
  outer loop
    vertex -43.2416362578718 13.810460700222714 79.41816599813738
    vertex -44.02614353524625 14.263391213508879 78.69329244106551
    vertex -43.882180706059536 13.726131260409405 79.41816626688164
  endloop
endfacet
facet normal -0.35615133278624556 -0.1475230264547681 0.922709696936261
  outer loop
    vertex -44.75717784548713 -26.539600105480087 79.97438192976755
    vertex -44.11663158061033 -25.899054517200575 80.32403321313826
    vertex -44.932003587176446 -26.1175338688776 79.9743820031167
  endloop
endfacet
facet normal -0.35615133278624556 -0.1475230264547681 0.922709696936261
  outer loop
    vertex -44.11663158061033 -25.899054517200575 80.32403321313826
    vertex -44.75717784548713 -26.539600105480087 79.97438192976755
    vertex -44.02613511756359 -26.117532077855525 80.32403317516993
  endloop
endfacet
facet normal -0.3058339590879713 -0.23467519147105795 0.9227096748038353
  outer loop
    vertex -44.479070252272194 -26.90203660085684 79.97438181308594
    vertex -44.02613511756359 -26.117532077855525 80.32403317516993
    vertex -44.75717784548713 -26.539600105480087 79.97438192976755
  endloop
endfacet
facet normal -0.3058339590879713 -0.23467519147105795 0.9227096748038353
  outer loop
    vertex -44.02613511756359 -26.117532077855525 80.32403317516993
    vertex -44.479070252272194 -26.90203660085684 79.97438181308594
    vertex -43.88217603414028 -26.30514301314297 80.324033114771
  endloop
endfacet
facet normal -0.35399601142035797 0.8546206527187932 0.37988203938193993
  outer loop
    vertex -44.932014547628725 14.26338687610995 77.84915930190542
    vertex -44.02614353524625 14.263391213508879 78.69329244106551
    vertex -44.1166443623601 14.601124938550797 77.84915895981248
  endloop
endfacet
facet normal -0.35399601142035797 0.8546206527187932 0.37988203938193993
  outer loop
    vertex -44.02614353524625 14.263391213508879 78.69329244106551
    vertex -44.932014547628725 14.26338687610995 77.84915930190542
    vertex -44.75718444409521 13.960583550706856 78.69329274777787
  endloop
endfacet
facet normal -0.7352868968916293 0.3045652963377712 0.6054693712535458
  outer loop
    vertex -45.384939754582796 12.573021373215303 79.41816689737321
    vertex -46.169447031957084 12.120083410849993 78.69329334030068
    vertex -45.632180683014404 11.976127767662733 79.41816700110464
  endloop
endfacet
facet normal -0.7352868968916293 0.3045652963377712 0.6054693712535458
  outer loop
    vertex -46.169447031957084 12.120083410849993 78.69329334030068
    vertex -45.384939754582796 12.573021373215303 79.41816689737321
    vertex -45.86663997286241 12.851125793016942 78.69329321325625
  endloop
endfacet
facet normal -0.1044311296977865 0.08013298214687929 0.9912985646727692
  outer loop
    vertex -43.241630955193905 11.335587279097329 80.44329247903245
    vertex -43.882176020277356 11.976132413848669 80.32403311477086
    vertex -44.026135099905865 11.788520911237772 80.32403317516982
  endloop
endfacet
facet normal -0.38219781602135605 0.050317246456152175 0.922709599027547
  outer loop
    vertex -44.14749821801939 11.335586674726827 80.3240332260885
    vertex -44.932003554480325 11.788519120370704 79.97438200311659
    vertex -44.99163335768914 11.335584883190998 79.97438202813466
  endloop
endfacet
facet normal -0.38219781602135605 0.050317246456152175 0.922709599027547
  outer loop
    vertex -44.932003554480325 11.788519120370704 79.97438200311659
    vertex -44.14749821801939 11.335586674726827 80.3240332260885
    vertex -44.11663156056708 11.570042688249012 80.32403321313821
  endloop
endfacet
facet normal -0.37946532369249836 0.9161086355553143 0.12942579331774626
  outer loop
    vertex -44.99164903661815 14.366664269042051 76.9432924790338
    vertex -44.1166443623601 14.601124938550797 77.84915895981248
    vertex -44.147515705592994 14.716316440304945 76.9432921248735
  endloop
endfacet
facet normal -0.37946532369249836 0.9161086355553143 0.12942579331774626
  outer loop
    vertex -44.1166443623601 14.601124938550797 77.84915895981248
    vertex -44.99164903661815 14.366664269042051 76.9432924790338
    vertex -44.932014547628725 14.26338687610995 77.84915930190542
  endloop
endfacet
facet normal -0.050317124003186636 0.38219870158470814 0.9227092388932774
  outer loop
    vertex -43.47608711237942 12.210588423305794 80.32403294439361
    vertex -43.24163338073429 13.085588375937716 79.9743812939112
    vertex -43.694566703699266 13.02595845719205 79.97438148394221
  endloop
endfacet
facet normal -0.050317124003186636 0.38219870158470814 0.9227092388932774
  outer loop
    vertex -43.24163338073429 13.085588375937716 79.9743812939112
    vertex -43.47608711237942 12.210588423305794 80.32403294439361
    vertex -43.24163157208963 12.24145514056441 80.32403284602626
  endloop
endfacet
facet normal -0.6314058589667421 0.4844939762943587 0.6054686021561748
  outer loop
    vertex -44.99163623482683 13.08558553043267 79.41816673236036
    vertex -45.86663997286241 12.851125793016942 78.69329321325625
    vertex -45.384939754582796 12.573021373215303 79.41816689737321
  endloop
endfacet
facet normal -0.6314058589667421 0.4844939762943587 0.6054686021561748
  outer loop
    vertex -45.86663997286241 12.851125793016942 78.69329321325625
    vertex -44.99163623482683 13.08558553043267 79.41816673236036
    vertex -45.38494350414102 13.478886115828105 78.69329301115776
  endloop
endfacet
facet normal -0.12161260069624578 -0.05037381335597904 0.9912985696952623
  outer loop
    vertex -43.2416309551876 -25.664598611472464 80.44329247903251
    vertex -44.11663158061033 -25.899054517200575 80.32403321313826
    vertex -44.02613511756359 -26.117532077855525 80.32403317516993
  endloop
endfacet
facet normal -0.017181159686239438 0.130506770600273 0.9912985375654115
  outer loop
    vertex -43.241630955193905 11.335587279097329 80.44329247903245
    vertex -43.24163157208963 12.24145514056441 80.32403284602626
    vertex -43.47608711237942 12.210588423305794 80.32403294439361
  endloop
endfacet
facet normal -0.9831050755689683 0.12942798449712214 0.1294326358363529
  outer loop
    vertex -46.622384721374466 11.33557395614249 77.84916001110926
    vertex -46.62238940715513 12.241437766662251 76.94329316321894
    vertex -46.741649013572776 11.33556929230282 76.9432932132549
  endloop
endfacet
facet normal -0.9831050755689683 0.12942798449712214 0.1294326358363529
  outer loop
    vertex -46.62238940715513 12.241437766662251 76.94329316321894
    vertex -46.622384721374466 11.33557395614249 77.84916001110926
    vertex -46.507188787502606 12.210575710747342 77.84915996277819
  endloop
endfacet
facet normal -0.6036417935290546 0.7866797943279417 0.12942753301046114
  outer loop
    vertex -45.716522761225484 13.810447981651643 76.94329278315813
    vertex -44.932014547628725 14.26338687610995 77.84915930190542
    vertex -44.99164903661815 14.366664269042051 76.9432924790338
  endloop
endfacet
facet normal -0.6036417935290546 0.7866797943279417 0.12942753301046114
  outer loop
    vertex -44.932014547628725 14.26338687610995 77.84915930190542
    vertex -45.716522761225484 13.810447981651643 76.94329278315813
    vertex -45.63218879902529 13.726123199116936 77.84915959566727
  endloop
endfacet
facet normal -0.23467529314855953 0.30583468750137904 0.9227094075095212
  outer loop
    vertex -43.882176020277356 11.976132413848669 80.32403311477086
    vertex -44.11663336921184 12.851132371560636 79.97438166102292
    vertex -44.4790702315155 12.57302422786541 79.97438181308557
  endloop
endfacet
facet normal -0.23467529314855953 0.30583468750137904 0.9227094075095212
  outer loop
    vertex -44.11663336921184 12.851132371560636 79.97438166102292
    vertex -43.882176020277356 11.976132413848669 80.32403311477086
    vertex -43.69456489505456 12.120091782221534 80.32403303605739
  endloop
endfacet
facet normal -0.916108510899464 0.37946382755302926 0.12943106210014604
  outer loop
    vertex -46.169451398409805 13.025947539288625 77.84915982107866
    vertex -46.62238940715513 12.241437766662251 76.94329316321894
    vertex -46.507188787502606 12.210575710747342 77.84915996277819
  endloop
endfacet
facet normal -0.916108510899464 0.37946382755302926 0.12943106210014604
  outer loop
    vertex -46.62238940715513 12.241437766662251 76.94329316321894
    vertex -46.169451398409805 13.025947539288625 77.84915982107866
    vertex -46.27273793299346 13.085572798928487 76.94329301652094
  endloop
endfacet
facet normal -0.563125870289885 0.7338786580070191 0.3798833630630279
  outer loop
    vertex -45.63218879902529 13.726123199116936 77.84915959566727
    vertex -44.75718444409521 13.960583550706856 78.69329274777787
    vertex -44.932014547628725 14.26338687610995 77.84915930190542
  endloop
endfacet
facet normal -0.563125870289885 0.7338786580070191 0.3798833630630279
  outer loop
    vertex -44.75718444409521 13.960583550706856 78.69329274777787
    vertex -45.63218879902529 13.726123199116936 77.84915959566727
    vertex -45.38494350414102 13.478886115828105 78.69329301115776
  endloop
endfacet
facet normal -0.3821976260380453 -0.05031737561993553 0.9227096706774048
  outer loop
    vertex -44.932003587176446 -26.1175338688776 79.9743820031167
    vertex -44.147498238876366 -25.664599215885538 80.32403322608857
    vertex -44.99163339195725 -25.664601007576394 79.9743820281347
  endloop
endfacet
facet normal -0.3821976260380453 -0.05031737561993553 0.9227096706774048
  outer loop
    vertex -44.147498238876366 -25.664599215885538 80.32403322608857
    vertex -44.932003587176446 -26.1175338688776 79.9743820031167
    vertex -44.11663158061033 -25.899054517200575 80.32403321313826
  endloop
endfacet
facet normal -0.13050644290989272 -0.017181571880972548 0.991298573562328
  outer loop
    vertex -43.2416309551876 -25.664598611472464 80.44329247903251
    vertex -44.147498238876366 -25.664599215885538 80.32403322608857
    vertex -44.11663158061033 -25.899054517200575 80.32403321313826
  endloop
endfacet
facet normal -0.5654613533403599 0.2342214269415211 0.7908184248232755
  outer loop
    vertex -44.932003554480325 11.788519120370704 79.97438200311659
    vertex -45.384939754582796 12.573021373215303 79.41816689737321
    vertex -45.632180683014404 11.976127767662733 79.41816700110464
  endloop
endfacet
facet normal -0.5654613533403599 0.2342214269415211 0.7908184248232755
  outer loop
    vertex -45.384939754582796 12.573021373215303 79.41816689737321
    vertex -44.932003554480325 11.788519120370704 79.97438200311659
    vertex -44.75717781739949 12.210586636503832 79.97438192976736
  endloop
endfacet
facet normal -0.9171190429719849 0.1207407898683727 0.3798872499572894
  outer loop
    vertex -46.27272888076011 11.335578299567304 78.69329338363318
    vertex -46.507188787502606 12.210575710747342 77.84915996277819
    vertex -46.622384721374466 11.33557395614249 77.84916001110926
  endloop
endfacet
facet normal -0.9171190429719849 0.1207407898683727 0.3798872499572894
  outer loop
    vertex -46.507188787502606 12.210575710747342 77.84915996277819
    vertex -46.27272888076011 11.335578299567304 78.69329338363318
    vertex -46.169447031957084 12.120083410849993 78.69329334030068
  endloop
endfacet
facet normal -0.12074142774482391 0.9171216300034472 0.37988080157591775
  outer loop
    vertex -44.1166443623601 14.601124938550797 77.84915895981248
    vertex -43.24164000742994 14.366673262427563 78.69329211192257
    vertex -43.24164437388256 14.716321095622721 77.84915859270158
  endloop
endfacet
facet normal -0.12074142774482391 0.9171216300034472 0.37988080157591775
  outer loop
    vertex -43.24164000742994 14.366673262427563 78.69329211192257
    vertex -44.1166443623601 14.601124938550797 77.84915895981248
    vertex -44.02614353524625 14.263391213508879 78.69329244106551
  endloop
endfacet
facet normal -0.4844952812475763 0.63140560816408 0.605467819481581
  outer loop
    vertex -45.38494350414102 13.478886115828105 78.69329301115776
    vertex -44.479073108653026 13.478889839052842 79.41816651731143
    vertex -44.75718444409521 13.960583550706856 78.69329274777787
  endloop
endfacet
facet normal -0.4844952812475763 0.63140560816408 0.605467819481581
  outer loop
    vertex -44.479073108653026 13.478889839052842 79.41816651731143
    vertex -45.38494350414102 13.478886115828105 78.69329301115776
    vertex -44.99163623482683 13.08558553043267 79.41816673236036
  endloop
endfacet
facet normal -0.3045667116282679 0.7352882331902243 0.6054670365097854
  outer loop
    vertex -44.75718444409521 13.960583550706856 78.69329274777787
    vertex -43.882180706059536 13.726131260409405 79.41816626688164
    vertex -44.02614353524625 14.263391213508879 78.69329244106551
  endloop
endfacet
facet normal -0.3045667116282679 0.7352882331902243 0.6054670365097854
  outer loop
    vertex -43.882180706059536 13.726131260409405 79.41816626688164
    vertex -44.75718444409521 13.960583550706856 78.69329274777787
    vertex -44.479073108653026 13.478889839052842 79.41816651731143
  endloop
endfacet
facet normal -0.48449279041323084 -0.6314042806856688 0.6054711969775394
  outer loop
    vertex -44.47907311534703 -27.807905186888252 79.41816651731263
    vertex -45.38494351638689 -27.80790891045443 78.69329301115896
    vertex -44.7571844397934 -28.289604894308507 78.69329274777985
  endloop
endfacet
facet normal -0.48449279041323084 -0.6314042806856688 0.6054711969775394
  outer loop
    vertex -45.38494351638689 -27.80790891045443 78.69329301115896
    vertex -44.47907311534703 -27.807905186888252 79.41816651731263
    vertex -44.99163625503196 -27.41460206302475 79.41816673236109
  endloop
endfacet
facet normal -0.7890593075128416 0.10388145234444286 0.6054701091599521
  outer loop
    vertex -45.71650995943395 11.335582026580067 79.41816703648547
    vertex -46.169447031957084 12.120083410849993 78.69329334030068
    vertex -46.27272888076011 11.335578299567304 78.69329338363318
  endloop
endfacet
facet normal -0.7890593075128416 0.10388145234444286 0.6054701091599521
  outer loop
    vertex -46.169447031957084 12.120083410849993 78.69329334030068
    vertex -45.71650995943395 11.335582026580067 79.41816703648547
    vertex -45.632180683014404 11.976127767662733 79.41816700110464
  endloop
endfacet
facet normal -0.5654601798862545 -0.2342216571171628 0.7908191957080296
  outer loop
    vertex -45.38493978515546 -26.902039455763994 79.41816689737358
    vertex -44.932003587176446 -26.1175338688776 79.9743820031167
    vertex -45.63218072010445 -26.30514765974096 79.41816700110476
  endloop
endfacet
facet normal -0.5654601798862545 -0.2342216571171628 0.7908191957080296
  outer loop
    vertex -44.932003587176446 -26.1175338688776 79.9743820031167
    vertex -45.38493978515546 -26.902039455763994 79.41816689737358
    vertex -44.75717784548713 -26.539600105480087 79.97438192976755
  endloop
endfacet
facet normal -0.12161266589854271 0.050373686323685864 0.9912985681514992
  outer loop
    vertex -43.241630955193905 11.335587279097329 80.44329247903245
    vertex -44.026135099905865 11.788520911237772 80.32403317516982
    vertex -44.11663156056708 11.570042688249012 80.32403321313821
  endloop
endfacet
facet normal -0.147523012489025 0.35615228206238825 0.9227093327629866
  outer loop
    vertex -43.69456489505456 12.120091782221534 80.32403303605739
    vertex -43.694566703699266 13.02595845719205 79.97438148394221
    vertex -44.11663336921184 12.851132371560636 79.97438166102292
  endloop
endfacet
facet normal -0.147523012489025 0.35615228206238825 0.9227093327629866
  outer loop
    vertex -43.694566703699266 13.02595845719205 79.97438148394221
    vertex -43.69456489505456 12.120091782221534 80.32403303605739
    vertex -43.47608711237942 12.210588423305794 80.32403294439361
  endloop
endfacet
facet normal -6.957281969472163e-06 0.9914439639182591 -0.13053300870525478
  outer loop
    vertex -43.24186453441899 14.71610140995202 35.28653621307374
    vertex -16.741682875688177 14.835473595470702 36.191797378233034
    vertex -16.741686714259693 14.71620599986409 35.285933321385016
  endloop
endfacet
facet normal -6.957281969472163e-06 0.9914439639182591 -0.13053300870525478
  outer loop
    vertex -16.741682875688177 14.835473595470702 36.191797378233034
    vertex -43.24186453441899 14.71610140995202 35.28653621307374
    vertex -43.24185985191034 14.835365486667518 36.19240383241824
  endloop
endfacet
facet normal -0.8546195616898294 0.3539943657102034 0.3798860274115311
  outer loop
    vertex -45.86663997286241 12.851125793016942 78.69329321325625
    vertex -46.507188787502606 12.210575710747342 77.84915996277819
    vertex -46.169447031957084 12.120083410849993 78.69329334030068
  endloop
endfacet
facet normal -0.8546195616898294 0.3539943657102034 0.3798860274115311
  outer loop
    vertex -46.507188787502606 12.210575710747342 77.84915996277819
    vertex -45.86663997286241 12.851125793016942 78.69329321325625
    vertex -46.169451398409805 13.025947539288625 77.84915982107866
  endloop
endfacet
facet normal -0.4855731256193511 0.3725928690311956 0.7908181166509504
  outer loop
    vertex -44.75717781739949 12.210586636503832 79.97438192976736
    vertex -44.99163623482683 13.08558553043267 79.41816673236036
    vertex -45.384939754582796 12.573021373215303 79.41816689737321
  endloop
endfacet
facet normal -0.4855731256193511 0.3725928690311956 0.7908181166509504
  outer loop
    vertex -44.99163623482683 13.08558553043267 79.41816673236036
    vertex -44.75717781739949 12.210586636503832 79.97438192976736
    vertex -44.4790702315155 12.57302422786541 79.97438181308557
  endloop
endfacet
facet normal -0.6068142680447209 0.0798884963915661 0.7908187353886126
  outer loop
    vertex -44.99163335768914 11.335584883190998 79.97438202813466
    vertex -45.632180683014404 11.976127767662733 79.41816700110464
    vertex -45.71650995943395 11.335582026580067 79.41816703648547
  endloop
endfacet
facet normal -0.6068142680447209 0.0798884963915661 0.7908187353886126
  outer loop
    vertex -45.632180683014404 11.976127767662733 79.41816700110464
    vertex -44.99163335768914 11.335584883190998 79.97438202813466
    vertex -44.932003554480325 11.788519120370704 79.97438200311659
  endloop
endfacet
facet normal -0.12942857087986587 0.983106107184387 0.12942421356437253
  outer loop
    vertex -44.147515705592994 14.716316440304945 76.9432921248735
    vertex -43.24164437388256 14.716321095622721 77.84915859270158
    vertex -43.24164905966308 14.835576277796253 76.9432917448127
  endloop
endfacet
facet normal -0.12942857087986587 0.983106107184387 0.12942421356437253
  outer loop
    vertex -43.24164437388256 14.716321095622721 77.84915859270158
    vertex -44.147515705592994 14.716316440304945 76.9432921248735
    vertex -44.1166443623601 14.601124938550797 77.84915895981248
  endloop
endfacet
facet normal 1.402859411400826e-06 -0.9999999999912388 3.943928465236769e-06
  outer loop
    vertex -16.741777900600784 -29.164795077813785 36.19268247079667
    vertex -21.741750336291304 -29.16472438373038 36.59299080026972
    vertex -43.24185872770241 -29.16482785110047 36.19346011279309
  endloop
endfacet
facet normal 1.402859411400826e-06 -0.9999999999912388 3.943928465236769e-06
  outer loop
    vertex -21.741750336291304 -29.16472438373038 36.59299080026972
    vertex -16.741777900600784 -29.164795077813785 36.19268247079667
    vertex -21.45704938667853 -29.164724383730427 36.630472391351745
  endloop
endfacet
facet normal 1.402859411400826e-06 -0.9999999999912388 3.943928465236769e-06
  outer loop
    vertex -21.45704938667853 -29.164724383730427 36.630472391351745
    vertex -16.741777900600784 -29.164795077813785 36.19268247079667
    vertex -21.191750336291282 -29.164724383730448 36.740362856106834
  endloop
endfacet
facet normal 1.402859411400826e-06 -0.9999999999912388 3.943928465236769e-06
  outer loop
    vertex -21.191750336291282 -29.164724383730448 36.740362856106834
    vertex -16.741777900600784 -29.164795077813785 36.19268247079667
    vertex -20.9639328769861 -29.164724383730494 36.915173340964515
  endloop
endfacet
facet normal 1.402859411400826e-06 -0.9999999999912388 3.943928465236769e-06
  outer loop
    vertex -20.9639328769861 -29.164724383730494 36.915173340964515
    vertex -16.741777900600784 -29.164795077813785 36.19268247079667
    vertex -20.789122392128416 -29.16472438373056 37.142990800269715
  endloop
endfacet
facet normal 1.402859411400826e-06 -0.9999999999912388 3.943928465236769e-06
  outer loop
    vertex -20.789122392128416 -29.16472438373056 37.142990800269715
    vertex -16.741777900600784 -29.164795077813785 36.19268247079667
    vertex -16.741647761318333 -29.164598723300756 42.69305408275243
  endloop
endfacet
facet normal 1.402859411400826e-06 -0.9999999999912388 3.943928465236769e-06
  outer loop
    vertex -20.789122392128416 -29.16472438373056 37.142990800269715
    vertex -16.741647761318333 -29.164598723300756 42.69305408275243
    vertex -20.679231927373323 -29.16472438373065 37.40828985065695
  endloop
endfacet
facet normal 1.402859411400826e-06 -0.9999999999912388 3.943928465236769e-06
  outer loop
    vertex -20.679231927373323 -29.16472438373065 37.40828985065695
    vertex -16.741647761318333 -29.164598723300756 42.69305408275243
    vertex -20.641750336291306 -29.164724383730697 37.69299080026972
  endloop
endfacet
facet normal 1.402859411400826e-06 -0.9999999999912388 3.943928465236769e-06
  outer loop
    vertex -20.641750336291306 -29.164724383730697 37.69299080026972
    vertex -16.741647761318333 -29.164598723300756 42.69305408275243
    vertex -20.679231927373323 -29.164724383730785 37.97769174988249
  endloop
endfacet
facet normal 1.402859411400826e-06 -0.9999999999912388 3.943928465236769e-06
  outer loop
    vertex -20.679231927373323 -29.164724383730785 37.97769174988249
    vertex -16.741647761318333 -29.164598723300756 42.69305408275243
    vertex -20.789122392128416 -29.164724383730878 38.242990800269716
  endloop
endfacet
facet normal 1.402859411400826e-06 -0.9999999999912388 3.943928465236769e-06
  outer loop
    vertex -20.789122392128416 -29.164724383730878 38.242990800269716
    vertex -16.741647761318333 -29.164598723300756 42.69305408275243
    vertex -20.9639328769861 -29.1647243837309 38.470808259574916
  endloop
endfacet
facet normal 1.402859411400826e-06 -0.9999999999912388 3.943928465236769e-06
  outer loop
    vertex -20.9639328769861 -29.1647243837309 38.470808259574916
    vertex -16.741647761318333 -29.164598723300756 42.69305408275243
    vertex -21.191750336291317 -29.164724383730945 38.645618744432596
  endloop
endfacet
facet normal 1.402859411400826e-06 -0.9999999999912388 3.943928465236769e-06
  outer loop
    vertex -21.191750336291317 -29.164724383730945 38.645618744432596
    vertex -16.741647761318333 -29.164598723300756 42.69305408275243
    vertex -21.45704938667853 -29.164724383731013 38.755509209187686
  endloop
endfacet
facet normal 1.402859411400826e-06 -0.9999999999912388 3.943928465236769e-06
  outer loop
    vertex -21.45704938667853 -29.164724383731013 38.755509209187686
    vertex -16.741647761318333 -29.164598723300756 42.69305408275243
    vertex -21.741750336291304 -29.164724383731013 38.79299080026971
  endloop
endfacet
facet normal 1.402859411400826e-06 -0.9999999999912388 3.943928465236769e-06
  outer loop
    vertex -43.24185872770241 -29.16482785110047 36.19346011279309
    vertex -31.741630907519642 -29.164598736084386 42.69351344572746
    vertex -43.24164897116763 -29.164613019274494 76.94329174482046
  endloop
endfacet
facet normal 1.402859411400826e-06 -0.9999999999912388 3.943928465236769e-06
  outer loop
    vertex -31.741630907519642 -29.164598736084386 42.69351344572746
    vertex -43.24185872770241 -29.16482785110047 36.19346011279309
    vertex -22.291750336291283 -29.164724383730448 36.740362856106834
  endloop
endfacet
facet normal 1.402859411400826e-06 -0.9999999999912388 3.943928465236769e-06
  outer loop
    vertex -22.291750336291283 -29.164724383730448 36.740362856106834
    vertex -43.24185872770241 -29.16482785110047 36.19346011279309
    vertex -22.02645128590407 -29.164724383730427 36.630472391351745
  endloop
endfacet
facet normal 1.402859411400826e-06 -0.9999999999912388 3.943928465236769e-06
  outer loop
    vertex -22.02645128590407 -29.164724383730427 36.630472391351745
    vertex -43.24185872770241 -29.16482785110047 36.19346011279309
    vertex -21.741750336291304 -29.16472438373038 36.59299080026972
  endloop
endfacet
facet normal 1.402859411400826e-06 -0.9999999999912388 3.943928465236769e-06
  outer loop
    vertex -31.741630907519642 -29.164598736084386 42.69351344572746
    vertex -22.291750336291283 -29.164724383730448 36.740362856106834
    vertex -22.5195677955965 -29.164724383730494 36.915173340964515
  endloop
endfacet
facet normal 1.402859411400826e-06 -0.9999999999912388 3.943928465236769e-06
  outer loop
    vertex -31.741630907519642 -29.164598736084386 42.69351344572746
    vertex -22.5195677955965 -29.164724383730494 36.915173340964515
    vertex -22.694378280454185 -29.16472438373056 37.142990800269715
  endloop
endfacet
facet normal 1.402859411400826e-06 -0.9999999999912388 3.943928465236769e-06
  outer loop
    vertex -31.741630907519642 -29.164598736084386 42.69351344572746
    vertex -22.694378280454185 -29.16472438373056 37.142990800269715
    vertex -22.804268745209278 -29.16472438373065 37.40828985065695
  endloop
endfacet
facet normal 1.402859411400826e-06 -0.9999999999912388 3.943928465236769e-06
  outer loop
    vertex -31.741630907519642 -29.164598736084386 42.69351344572746
    vertex -22.804268745209278 -29.16472438373065 37.40828985065695
    vertex -22.84175033629129 -29.164724383730697 37.69299080026972
  endloop
endfacet
facet normal 1.402859411400826e-06 -0.9999999999912388 3.943928465236769e-06
  outer loop
    vertex -31.741630907519642 -29.164598736084386 42.69351344572746
    vertex -22.84175033629129 -29.164724383730697 37.69299080026972
    vertex -22.804268745209278 -29.164724383730785 37.97769174988249
  endloop
endfacet
facet normal 1.402859411400826e-06 -0.9999999999912388 3.943928465236769e-06
  outer loop
    vertex -31.741630907519642 -29.164598736084386 42.69351344572746
    vertex -22.804268745209278 -29.164724383730785 37.97769174988249
    vertex -22.694378280454185 -29.164724383730878 38.242990800269716
  endloop
endfacet
facet normal 1.402859411400826e-06 -0.9999999999912388 3.943928465236769e-06
  outer loop
    vertex -31.741630907519642 -29.164598736084386 42.69351344572746
    vertex -22.694378280454185 -29.164724383730878 38.242990800269716
    vertex -22.5195677955965 -29.1647243837309 38.470808259574916
  endloop
endfacet
facet normal 1.402859411400826e-06 -0.9999999999912388 3.943928465236769e-06
  outer loop
    vertex -31.741630907519642 -29.164598736084386 42.69351344572746
    vertex -22.5195677955965 -29.1647243837309 38.470808259574916
    vertex -22.291750336291315 -29.164724383730945 38.645618744432596
  endloop
endfacet
facet normal 1.402859411400826e-06 -0.9999999999912388 3.943928465236769e-06
  outer loop
    vertex -31.741630907519642 -29.164598736084386 42.69351344572746
    vertex -22.291750336291315 -29.164724383730945 38.645618744432596
    vertex -22.02645128590407 -29.164724383731013 38.755509209187686
  endloop
endfacet
facet normal 1.402859411400826e-06 -0.9999999999912388 3.943928465236769e-06
  outer loop
    vertex -31.741630907519642 -29.164598736084386 42.69351344572746
    vertex -22.02645128590407 -29.164724383731013 38.755509209187686
    vertex -21.741750336291304 -29.164724383731013 38.79299080026971
  endloop
endfacet
facet normal 1.402859411400826e-06 -0.9999999999912388 3.943928465236769e-06
  outer loop
    vertex -31.741630907519642 -29.164598736084386 42.69351344572746
    vertex -21.741750336291304 -29.164724383731013 38.79299080026971
    vertex -16.741647761318333 -29.164598723300756 42.69305408275243
  endloop
endfacet
facet normal 1.402859411400826e-06 -0.9999999999912388 3.943928465236769e-06
  outer loop
    vertex -43.24164897116763 -29.164613019274494 76.94329174482046
    vertex -31.741630907519642 -29.164598736084386 42.69351344572746
    vertex -31.741630907556157 -29.16460526658379 76.94328691990323
  endloop
endfacet
facet normal 8.438749584595071e-07 0.9999999997648936 -2.166796833559764e-05
  outer loop
    vertex -38.742130574347435 -24.164684523104444 36.693285987617955
    vertex -21.74175056700085 -24.164718208451244 36.59288793243951
    vertex -38.741876763671684 -24.16484464093842 32.69328597226858
  endloop
endfacet
facet normal 8.438749584595071e-07 0.9999999997648936 -2.166796833559764e-05
  outer loop
    vertex -21.74175056700085 -24.164718208451244 36.59288793243951
    vertex -38.742130574347435 -24.164684523104444 36.693285987617955
    vertex -22.026451516613616 -24.164718208451266 36.63036952352154
  endloop
endfacet
facet normal 8.438749584595071e-07 0.9999999997648936 -2.166796833559764e-05
  outer loop
    vertex -22.026451516613616 -24.164718208451266 36.63036952352154
    vertex -38.742130574347435 -24.164684523104444 36.693285987617955
    vertex -22.291750567000825 -24.164718208451312 36.74025998827663
  endloop
endfacet
facet normal 8.438749584595071e-07 0.9999999997648936 -2.166796833559764e-05
  outer loop
    vertex -22.291750567000825 -24.164718208451312 36.74025998827663
    vertex -38.742130574347435 -24.164684523104444 36.693285987617955
    vertex -38.741630975716355 -24.164598728682343 42.69328596620466
  endloop
endfacet
facet normal 8.438749584595071e-07 0.9999999997648936 -2.166796833559764e-05
  outer loop
    vertex -22.291750567000825 -24.164718208451312 36.74025998827663
    vertex -38.741630975716355 -24.164598728682343 42.69328596620466
    vertex -22.519568026306047 -24.164718208451333 36.91507047313431
  endloop
endfacet
facet normal 8.438749584595071e-07 0.9999999997648936 -2.166796833559764e-05
  outer loop
    vertex -22.519568026306047 -24.164718208451333 36.91507047313431
    vertex -38.741630975716355 -24.164598728682343 42.69328596620466
    vertex -22.69437851116373 -24.164718208451422 37.14288793243951
  endloop
endfacet
facet normal 8.438749584595071e-07 0.9999999997648936 -2.166796833559764e-05
  outer loop
    vertex -22.69437851116373 -24.164718208451422 37.14288793243951
    vertex -38.741630975716355 -24.164598728682343 42.69328596620466
    vertex -22.804268975918824 -24.16471820845147 37.408186982826734
  endloop
endfacet
facet normal 8.438749584595071e-07 0.9999999997648936 -2.166796833559764e-05
  outer loop
    vertex -22.804268975918824 -24.16471820845147 37.408186982826734
    vertex -38.741630975716355 -24.164598728682343 42.69328596620466
    vertex -22.841750567000837 -24.164718208451557 37.692887932439504
  endloop
endfacet
facet normal 8.438749584595071e-07 0.9999999997648936 -2.166796833559764e-05
  outer loop
    vertex -22.841750567000837 -24.164718208451557 37.692887932439504
    vertex -38.741630975716355 -24.164598728682343 42.69328596620466
    vertex -22.804268975918824 -24.16471820845165 37.977588882052274
  endloop
endfacet
facet normal 8.438749584595071e-07 0.9999999997648936 -2.166796833559764e-05
  outer loop
    vertex -22.804268975918824 -24.16471820845165 37.977588882052274
    vertex -38.741630975716355 -24.164598728682343 42.69328596620466
    vertex -22.69437851116373 -24.16471820845174 38.2428879324395
  endloop
endfacet
facet normal 8.438749584595071e-07 0.9999999997648936 -2.166796833559764e-05
  outer loop
    vertex -22.69437851116373 -24.16471820845174 38.2428879324395
    vertex -38.741630975716355 -24.164598728682343 42.69328596620466
    vertex -22.519568026306047 -24.164718208451763 38.47070539174471
  endloop
endfacet
facet normal 8.438749584595071e-07 0.9999999997648936 -2.166796833559764e-05
  outer loop
    vertex -22.519568026306047 -24.164718208451763 38.47070539174471
    vertex -38.741630975716355 -24.164598728682343 42.69328596620466
    vertex -22.29175056700086 -24.164718208451806 38.64551587660238
  endloop
endfacet
facet normal 8.438749584595071e-07 0.9999999997648936 -2.166796833559764e-05
  outer loop
    vertex -22.29175056700086 -24.164718208451806 38.64551587660238
    vertex -38.741630975716355 -24.164598728682343 42.69328596620466
    vertex -22.026451516613616 -24.164718208451873 38.75540634135748
  endloop
endfacet
facet normal 8.438749584595071e-07 0.9999999997648936 -2.166796833559764e-05
  outer loop
    vertex -22.026451516613616 -24.164718208451873 38.75540634135748
    vertex -38.741630975716355 -24.164598728682343 42.69328596620466
    vertex -21.74175056700085 -24.164718208451873 38.792887932439506
  endloop
endfacet
facet normal 8.438749584595071e-07 0.9999999997648936 -2.166796833559764e-05
  outer loop
    vertex -21.74175056700085 -24.164718208451873 38.792887932439506
    vertex -38.741630975716355 -24.164598728682343 42.69328596620466
    vertex -16.741647779800054 -24.164598725310658 42.69293109685431
  endloop
endfacet
facet normal 8.438749584595071e-07 0.9999999997648936 -2.166796833559764e-05
  outer loop
    vertex -16.74184799007446 -24.16484464463876 32.69255948578667
    vertex -20.78912262283796 -24.164718208451422 37.14288793243951
    vertex -16.741647779800054 -24.164598725310658 42.69293109685431
  endloop
endfacet
facet normal 8.438749584595071e-07 0.9999999997648936 -2.166796833559764e-05
  outer loop
    vertex -20.78912262283796 -24.164718208451422 37.14288793243951
    vertex -16.74184799007446 -24.16484464463876 32.69255948578667
    vertex -20.963933107695645 -24.164718208451355 36.91507047313431
  endloop
endfacet
facet normal 8.438749584595071e-07 0.9999999997648936 -2.166796833559764e-05
  outer loop
    vertex -20.963933107695645 -24.164718208451355 36.91507047313431
    vertex -16.74184799007446 -24.16484464463876 32.69255948578667
    vertex -21.191750567000827 -24.164718208451312 36.74025998827663
  endloop
endfacet
facet normal 8.438749584595071e-07 0.9999999997648936 -2.166796833559764e-05
  outer loop
    vertex -21.191750567000827 -24.164718208451312 36.74025998827663
    vertex -16.74184799007446 -24.16484464463876 32.69255948578667
    vertex -21.457049617388076 -24.164718208451266 36.63036952352154
  endloop
endfacet
facet normal 8.438749584595071e-07 0.9999999997648936 -2.166796833559764e-05
  outer loop
    vertex -21.457049617388076 -24.164718208451266 36.63036952352154
    vertex -16.74184799007446 -24.16484464463876 32.69255948578667
    vertex -38.741876763671684 -24.16484464093842 32.69328597226858
  endloop
endfacet
facet normal 8.438749584595071e-07 0.9999999997648936 -2.166796833559764e-05
  outer loop
    vertex -21.457049617388076 -24.164718208451266 36.63036952352154
    vertex -38.741876763671684 -24.16484464093842 32.69328597226858
    vertex -21.74175056700085 -24.164718208451244 36.59288793243951
  endloop
endfacet
facet normal 8.438749584595071e-07 0.9999999997648936 -2.166796833559764e-05
  outer loop
    vertex -16.741647779800054 -24.164598725310658 42.69293109685431
    vertex -20.78912262283796 -24.164718208451422 37.14288793243951
    vertex -20.67923215808287 -24.164718208451514 37.408186982826734
  endloop
endfacet
facet normal 8.438749584595071e-07 0.9999999997648936 -2.166796833559764e-05
  outer loop
    vertex -16.741647779800054 -24.164598725310658 42.69293109685431
    vertex -20.67923215808287 -24.164718208451514 37.408186982826734
    vertex -20.64175056700085 -24.164718208451557 37.692887932439504
  endloop
endfacet
facet normal 8.438749584595071e-07 0.9999999997648936 -2.166796833559764e-05
  outer loop
    vertex -16.741647779800054 -24.164598725310658 42.69293109685431
    vertex -20.64175056700085 -24.164718208451557 37.692887932439504
    vertex -20.67923215808287 -24.16471820845165 37.977588882052274
  endloop
endfacet
facet normal 8.438749584595071e-07 0.9999999997648936 -2.166796833559764e-05
  outer loop
    vertex -16.741647779800054 -24.164598725310658 42.69293109685431
    vertex -20.67923215808287 -24.16471820845165 37.977588882052274
    vertex -20.78912262283796 -24.16471820845174 38.2428879324395
  endloop
endfacet
facet normal 8.438749584595071e-07 0.9999999997648936 -2.166796833559764e-05
  outer loop
    vertex -16.741647779800054 -24.164598725310658 42.69293109685431
    vertex -20.78912262283796 -24.16471820845174 38.2428879324395
    vertex -20.963933107695645 -24.164718208451763 38.47070539174471
  endloop
endfacet
facet normal 8.438749584595071e-07 0.9999999997648936 -2.166796833559764e-05
  outer loop
    vertex -16.741647779800054 -24.164598725310658 42.69293109685431
    vertex -20.963933107695645 -24.164718208451763 38.47070539174471
    vertex -21.191750567000863 -24.164718208451806 38.64551587660238
  endloop
endfacet
facet normal 8.438749584595071e-07 0.9999999997648936 -2.166796833559764e-05
  outer loop
    vertex -16.741647779800054 -24.164598725310658 42.69293109685431
    vertex -21.191750567000863 -24.164718208451806 38.64551587660238
    vertex -21.457049617388076 -24.164718208451873 38.75540634135748
  endloop
endfacet
facet normal 8.438749584595071e-07 0.9999999997648936 -2.166796833559764e-05
  outer loop
    vertex -16.741647779800054 -24.164598725310658 42.69293109685431
    vertex -21.457049617388076 -24.164718208451873 38.75540634135748
    vertex -21.74175056700085 -24.164718208451873 38.792887932439506
  endloop
endfacet
facet normal 0.9999999993132958 -5.311244718607374e-06 -3.667696197319023e-05
  outer loop
    vertex -44.24213050542503 -16.96468473879025 36.69355524607817
    vertex -44.24163090680147 -25.1645983721635 51.0433281266301
    vertex -44.24213050542382 -25.164684166585648 36.693555246078205
  endloop
endfacet
facet normal 0.9999999993132958 -5.311244718607374e-06 -3.667696197319023e-05
  outer loop
    vertex -44.24163090680147 -25.1645983721635 51.0433281266301
    vertex -44.24213050542503 -16.96468473879025 36.69355524607817
    vertex -44.2416794843648 -21.064613398208316 45.14336340589267
  endloop
endfacet
facet normal 0.9999999993132958 -5.311244718607374e-06 -3.667696197319023e-05
  outer loop
    vertex -44.24163090680147 -25.1645983721635 51.0433281266301
    vertex -44.2416794843648 -21.064613398208316 45.14336340589267
    vertex -44.241669550903154 -21.06461339820915 49.14327023008349
  endloop
endfacet
facet normal 0.9999999993132958 -5.311244718607374e-06 -3.667696197319023e-05
  outer loop
    vertex -44.2416794843648 -21.064613398208316 45.14336340589267
    vertex -44.24213050542503 -16.96468473879025 36.69355524607817
    vertex -44.24166924213677 -17.264592797122717 45.14336340589267
  endloop
endfacet
facet normal 0.9999999993132958 -5.311244718607374e-06 -3.667696197319023e-05
  outer loop
    vertex -44.24166924213677 -17.264592797122717 45.14336340589267
    vertex -44.24213050542503 -16.96468473879025 36.69355524607817
    vertex -44.24166924213677 -17.264592797122717 49.14327023008349
  endloop
endfacet
facet normal 0.9999999993132958 -5.311244718607374e-06 -3.667696197319023e-05
  outer loop
    vertex -44.241669550903154 -21.06461339820915 49.14327023008349
    vertex -44.24163090680266 -16.964598944368124 51.043328126630065
    vertex -44.24163090680147 -25.1645983721635 51.0433281266301
  endloop
endfacet
facet normal 0.9999999993132958 -5.311244718607374e-06 -3.667696197319023e-05
  outer loop
    vertex -44.24163090680266 -16.964598944368124 51.043328126630065
    vertex -44.241669550903154 -21.06461339820915 49.14327023008349
    vertex -44.24166924213677 -17.264592797122717 49.14327023008349
  endloop
endfacet
facet normal 0.9999999993132958 -5.311244718607374e-06 -3.667696197319023e-05
  outer loop
    vertex -44.24163090680266 -16.964598944368124 51.043328126630065
    vertex -44.24166924213677 -17.264592797122717 49.14327023008349
    vertex -44.24213050542503 -16.96468473879025 36.69355524607817
  endloop
endfacet
facet normal -7.51100156311476e-13 -0.6087614290086778 0.7933533402912681
  outer loop
    vertex -40.54163090753629 -26.66459837216343 58.702374779019365
    vertex -31.741630907536482 -26.457491590975458 58.86129340162667
    vertex -40.54163090753648 -26.45749159097688 58.86129340161726
  endloop
endfacet
facet normal -7.51100156311476e-13 -0.6087614290086778 0.7933533402912681
  outer loop
    vertex -31.741630907536482 -26.457491590975458 58.86129340162667
    vertex -40.54163090753629 -26.66459837216343 58.702374779019365
    vertex -31.74163090753628 -26.664598372162054 58.70237477902877
  endloop
endfacet
facet normal 0.3826805936112756 -1.7525367952310994e-05 -0.9238807081902854
  outer loop
    vertex -36.941730335418704 12.335704539311035 39.77079340517073
    vertex -36.36291122900659 10.835720814215046 40.0105744992429
    vertex -36.94174174858488 10.83570648629411 39.770817131632825
  endloop
endfacet
facet normal 0.3826805936112756 -1.7525367952310994e-05 -0.9238807081902854
  outer loop
    vertex -36.36291122900659 10.835720814215046 40.0105744992429
    vertex -36.941730335418704 12.335704539311035 39.77079340517073
    vertex -36.36289981584043 12.335718867231993 40.01055077278081
  endloop
endfacet
facet normal 1.0832320507635608e-12 -7.284875864674923e-15 -1.0
  outer loop
    vertex -31.74163090756157 10.835587182621719 76.44328691990336
    vertex -45.54166785573362 -25.164598372163862 76.44328691988868
    vertex -45.54166785573914 10.835587182619372 76.44328691988854
  endloop
endfacet
facet normal 1.0832320507635608e-12 -7.284875864674923e-15 -1.0
  outer loop
    vertex -45.54166785573362 -25.164598372163862 76.44328691988868
    vertex -31.74163090756157 10.835587182621719 76.44328691990336
    vertex -31.74163090755769 -25.164598372161535 76.44328691990374
  endloop
endfacet
facet normal 0.9914448613738179 -3.210005342428495e-06 -0.13052619218052347
  outer loop
    vertex -22.94173968492124 14.835461524074493 37.69192704561069
    vertex -22.900850674967938 12.335469164241859 38.00257139305031
    vertex -22.941739683408667 12.335461524685867 37.691988539115194
  endloop
endfacet
facet normal 0.9914448613738179 -3.210005342428495e-06 -0.13052619218052347
  outer loop
    vertex -22.900850674967938 12.335469164241859 38.00257139305031
    vertex -22.94173968492124 14.835461524074493 37.69192704561069
    vertex -22.90085067648051 14.835469163630464 38.00250989954579
  endloop
endfacet
facet normal 0.9914433908952653 -9.608477752144173e-06 -0.1305373607737478
  outer loop
    vertex -38.14173883698224 12.335580334084776 37.69235704044582
    vertex -38.059965872701866 10.835619400781962 38.313540714225574
    vertex -38.14175025014842 10.835582281067852 37.69238076690791
  endloop
endfacet
facet normal 0.9914433908952653 -9.608477752144173e-06 -0.1305373607737478
  outer loop
    vertex -38.059965872701866 10.835619400781962 38.313540714225574
    vertex -38.14173883698224 12.335580334084776 37.69235704044582
    vertex -38.05995445953568 12.335617453798886 38.31351698776348
  endloop
endfacet
facet normal 0.9914465989605518 -5.479295913756956e-06 0.13051299314448514
  outer loop
    vertex -38.05996972692108 12.33554321434953 37.07119508315465
    vertex -38.14175025014842 10.835582281067852 37.69238076690791
    vertex -38.05998114008726 10.835545161332583 37.07121880961674
  endloop
endfacet
facet normal 0.9914465989605518 -5.479295913756956e-06 0.13051299314448514
  outer loop
    vertex -38.14175025014842 10.835582281067852 37.69238076690791
    vertex -38.05996972692108 12.33554321434953 37.07119508315465
    vertex -38.14173883698224 12.335580334084776 37.69235704044582
  endloop
endfacet
facet normal 0.6087614290087303 -1.9514062559666147e-05 -0.7933533400512346
  outer loop
    vertex -22.34173968510279 14.835487086807273 38.73115752952324
    vertex -22.590267820938866 12.335482396486046 38.54051667602567
    vertex -22.590267822451462 14.835482395874651 38.54045518252116
  endloop
endfacet
facet normal 0.6087614290087303 -1.9514062559666147e-05 -0.7933533400512346
  outer loop
    vertex -22.590267820938866 12.335482396486046 38.54051667602567
    vertex -22.34173968510279 14.835487086807273 38.73115752952324
    vertex -22.341739683590205 12.335487087418691 38.73121902302775
  endloop
endfacet
facet normal -8.40544924068052e-07 0.9999999999986837 -1.3877707836918962e-06
  outer loop
    vertex -45.54166785573362 -25.164598372163862 76.44328691988868
    vertex -44.24163090680147 -25.1645983721635 51.0433281266301
    vertex -45.541630907528756 -25.16459837216377 51.0432863476841
  endloop
endfacet
facet normal -8.40544924068052e-07 0.9999999999986837 -1.3877707836918962e-06
  outer loop
    vertex -44.24213050542382 -25.164684166585648 36.693555246078205
    vertex -38.74163098391187 -25.164598374234597 42.69342922243304
    vertex -38.74213058254295 -25.164684168656674 36.693429243846325
  endloop
endfacet
facet normal -8.40544924068052e-07 0.9999999999986837 -1.3877707836918962e-06
  outer loop
    vertex -38.74163098391187 -25.164598374234597 42.69342922243304
    vertex -44.24213050542382 -25.164684166585648 36.693555246078205
    vertex -44.24163090680147 -25.1645983721635 51.0433281266301
  endloop
endfacet
facet normal -8.40544924068052e-07 0.9999999999986837 -1.3877707836918962e-06
  outer loop
    vertex -38.74163098391187 -25.164598374234597 42.69342922243304
    vertex -44.24163090680147 -25.1645983721635 51.0433281266301
    vertex -31.741630907520364 -25.16459837216253 42.693513445727504
  endloop
endfacet
facet normal -8.40544924068052e-07 0.9999999999986837 -1.3877707836918962e-06
  outer loop
    vertex -31.741630907520364 -25.16459837216253 42.693513445727504
    vertex -44.24163090680147 -25.1645983721635 51.0433281266301
    vertex -31.74163090755769 -25.164598372161535 76.44328691990374
  endloop
endfacet
facet normal -8.40544924068052e-07 0.9999999999986837 -1.3877707836918962e-06
  outer loop
    vertex -31.74163090755769 -25.164598372161535 76.44328691990374
    vertex -44.24163090680147 -25.1645983721635 51.0433281266301
    vertex -45.54166785573362 -25.164598372163862 76.44328691988868
  endloop
endfacet
facet normal 0.7933533402912472 -1.4973469465384631e-05 -0.6087614288245569
  outer loop
    vertex -22.780970169511228 14.835476282612838 38.29192704524767
    vertex -22.590267820938866 12.335482396486046 38.54051667602567
    vertex -22.780970167998653 12.335476283224256 38.29198853875217
  endloop
endfacet
facet normal 0.7933533402912472 -1.4973469465384631e-05 -0.6087614288245569
  outer loop
    vertex -22.590267820938866 12.335482396486046 38.54051667602567
    vertex -22.780970169511228 14.835476282612838 38.29192704524767
    vertex -22.590267822451462 14.835482395874651 38.54045518252116
  endloop
endfacet
facet normal -4.019532011504804e-06 0.9999999999797167 -4.9406721507168795e-06
  outer loop
    vertex -43.24185985191034 14.835365486667518 36.19240383241824
    vertex -22.05232253931332 14.835433013493835 36.53281605476511
    vertex -21.74173968528425 14.835432007918378 36.49192704633673
  endloop
endfacet
facet normal -4.019532011504804e-06 0.9999999999797167 -4.9406721507168795e-06
  outer loop
    vertex -22.05232253931332 14.835433013493835 36.53281605476511
    vertex -43.24185985191034 14.835365486667518 36.19240383241824
    vertex -22.341739685102745 14.83543596206773 36.652696561698136
  endloop
endfacet
facet normal -4.019532011504804e-06 0.9999999999797167 -4.9406721507168795e-06
  outer loop
    vertex -22.341739685102745 14.83543596206773 36.652696561698136
    vertex -43.24185985191034 14.835365486667518 36.19240383241824
    vertex -31.741630907526762 14.835587154527627 42.69351344572318
  endloop
endfacet
facet normal -4.019532011504804e-06 0.9999999999797167 -4.9406721507168795e-06
  outer loop
    vertex -31.741630907526762 14.835587154527627 42.69351344572318
    vertex -43.24185985191034 14.835365486667518 36.19240383241824
    vertex -43.24164905966308 14.835576277796253 76.9432917448127
  endloop
endfacet
facet normal -4.019532011504804e-06 0.9999999999797167 -4.9406721507168795e-06
  outer loop
    vertex -22.341739685102745 14.83543596206773 36.652696561698136
    vertex -31.741630907526762 14.835587154527627 42.69351344572318
    vertex -22.59026782245142 14.835440652699633 36.843398908700216
  endloop
endfacet
facet normal -4.019532011504804e-06 0.9999999999797167 -4.9406721507168795e-06
  outer loop
    vertex -22.59026782245142 14.835440652699633 36.843398908700216
    vertex -31.741630907526762 14.835587154527627 42.69351344572318
    vertex -22.780970169511217 14.835446765730682 37.091927045973705
  endloop
endfacet
facet normal -4.019532011504804e-06 0.9999999999797167 -4.9406721507168795e-06
  outer loop
    vertex -22.780970169511217 14.835446765730682 37.091927045973705
    vertex -31.741630907526762 14.835587154527627 42.69351344572318
    vertex -22.9008506764805 14.835453884567997 37.381344191675566
  endloop
endfacet
facet normal -4.019532011504804e-06 0.9999999999797167 -4.9406721507168795e-06
  outer loop
    vertex -22.9008506764805 14.835453884567997 37.381344191675566
    vertex -31.741630907526762 14.835587154527627 42.69351344572318
    vertex -22.94173968492124 14.835461524074493 37.69192704561069
  endloop
endfacet
facet normal -4.019532011504804e-06 0.9999999999797167 -4.9406721507168795e-06
  outer loop
    vertex -22.94173968492124 14.835461524074493 37.69192704561069
    vertex -31.741630907526762 14.835587154527627 42.69351344572318
    vertex -22.90085067648051 14.835469163630464 38.00250989954579
  endloop
endfacet
facet normal -4.019532011504804e-06 0.9999999999797167 -4.9406721507168795e-06
  outer loop
    vertex -22.90085067648051 14.835469163630464 38.00250989954579
    vertex -31.741630907526762 14.835587154527627 42.69351344572318
    vertex -22.780970169511228 14.835476282612838 38.29192704524767
  endloop
endfacet
facet normal -4.019532011504804e-06 0.9999999999797167 -4.9406721507168795e-06
  outer loop
    vertex -22.780970169511228 14.835476282612838 38.29192704524767
    vertex -31.741630907526762 14.835587154527627 42.69351344572318
    vertex -22.590267822451462 14.835482395874651 38.54045518252116
  endloop
endfacet
facet normal -4.019532011504804e-06 0.9999999999797167 -4.9406721507168795e-06
  outer loop
    vertex -22.590267822451462 14.835482395874651 38.54045518252116
    vertex -31.741630907526762 14.835587154527627 42.69351344572318
    vertex -22.34173968510279 14.835487086807273 38.73115752952324
  endloop
endfacet
facet normal -4.019532011504804e-06 0.9999999999797167 -4.9406721507168795e-06
  outer loop
    vertex -22.34173968510279 14.835487086807273 38.73115752952324
    vertex -31.741630907526762 14.835587154527627 42.69351344572318
    vertex -22.052322539313366 14.835490035731409 38.851038036456266
  endloop
endfacet
facet normal -4.019532011504804e-06 0.9999999999797167 -4.9406721507168795e-06
  outer loop
    vertex -22.052322539313366 14.835490035731409 38.851038036456266
    vertex -31.741630907526762 14.835587154527627 42.69351344572318
    vertex -21.741739685284298 14.835491041682689 38.891927044884646
  endloop
endfacet
facet normal -4.019532011504804e-06 0.9999999999797167 -4.9406721507168795e-06
  outer loop
    vertex -21.741739685284298 14.835491041682689 38.891927044884646
    vertex -31.741630907526762 14.835587154527627 42.69351344572318
    vertex -16.741651020062665 14.835587181623467 42.69179737616943
  endloop
endfacet
facet normal -4.019532011504804e-06 0.9999999999797167 -4.9406721507168795e-06
  outer loop
    vertex -31.741630907526762 14.835587154527627 42.69351344572318
    vertex -43.24164905966308 14.835576277796253 76.9432917448127
    vertex -31.741630907563533 14.835581571076244 76.94328691990323
  endloop
endfacet
facet normal -4.019532011504804e-06 0.9999999999797167 -4.9406721507168795e-06
  outer loop
    vertex -16.741682875688177 14.835473595470702 36.191797378233034
    vertex -20.702509201057318 14.835446766988229 37.09192704597371
    vertex -16.741651020062665 14.835587181623467 42.69179737616943
  endloop
endfacet
facet normal -4.019532011504804e-06 0.9999999999797167 -4.9406721507168795e-06
  outer loop
    vertex -20.702509201057318 14.835446766988229 37.09192704597371
    vertex -16.741682875688177 14.835473595470702 36.191797378233034
    vertex -20.893211548117105 14.835440653726394 36.84339890870022
  endloop
endfacet
facet normal -4.019532011504804e-06 0.9999999999797167 -4.9406721507168795e-06
  outer loop
    vertex -20.893211548117105 14.835440653726394 36.84339890870022
    vertex -16.741682875688177 14.835473595470702 36.191797378233034
    vertex -21.14173968546578 14.835435962793794 36.652696561698136
  endloop
endfacet
facet normal -4.019532011504804e-06 0.9999999999797167 -4.9406721507168795e-06
  outer loop
    vertex -21.14173968546578 14.835435962793794 36.652696561698136
    vertex -16.741682875688177 14.835473595470702 36.191797378233034
    vertex -21.431156831255205 14.835433013869658 36.53281605476511
  endloop
endfacet
facet normal -4.019532011504804e-06 0.9999999999797167 -4.9406721507168795e-06
  outer loop
    vertex -21.431156831255205 14.835433013869658 36.53281605476511
    vertex -16.741682875688177 14.835473595470702 36.191797378233034
    vertex -21.74173968528425 14.835432007918378 36.49192704633673
  endloop
endfacet
facet normal -4.019532011504804e-06 0.9999999999797167 -4.9406721507168795e-06
  outer loop
    vertex -21.74173968528425 14.835432007918378 36.49192704633673
    vertex -16.741682875688177 14.835473595470702 36.191797378233034
    vertex -43.24185985191034 14.835365486667518 36.19240383241824
  endloop
endfacet
facet normal -4.019532011504804e-06 0.9999999999797167 -4.9406721507168795e-06
  outer loop
    vertex -16.741651020062665 14.835587181623467 42.69179737616943
    vertex -20.702509201057318 14.835446766988229 37.09192704597371
    vertex -20.582628694088037 14.83545388597058 37.38134419167558
  endloop
endfacet
facet normal -4.019532011504804e-06 0.9999999999797167 -4.9406721507168795e-06
  outer loop
    vertex -16.741651020062665 14.835587181623467 42.69179737616943
    vertex -20.582628694088037 14.83545388597058 37.38134419167558
    vertex -20.541739685647308 14.835461525526574 37.69192704561069
  endloop
endfacet
facet normal -4.019532011504804e-06 0.9999999999797167 -4.9406721507168795e-06
  outer loop
    vertex -16.741651020062665 14.835587181623467 42.69179737616943
    vertex -20.541739685647308 14.835461525526574 37.69192704561069
    vertex -20.582628694088072 14.835469165033093 38.00250989954581
  endloop
endfacet
facet normal -4.019532011504804e-06 0.9999999999797167 -4.9406721507168795e-06
  outer loop
    vertex -16.741651020062665 14.835587181623467 42.69179737616943
    vertex -20.582628694088072 14.835469165033093 38.00250989954581
    vertex -20.702509201057353 14.835476283870362 38.291927045247675
  endloop
endfacet
facet normal -4.019532011504804e-06 0.9999999999797167 -4.9406721507168795e-06
  outer loop
    vertex -16.741651020062665 14.835587181623467 42.69179737616943
    vertex -20.702509201057353 14.835476283870362 38.291927045247675
    vertex -20.89321154811712 14.835482396901433 38.54045518252116
  endloop
endfacet
facet normal -4.019532011504804e-06 0.9999999999797167 -4.9406721507168795e-06
  outer loop
    vertex -16.741651020062665 14.835587181623467 42.69179737616943
    vertex -20.89321154811712 14.835482396901433 38.54045518252116
    vertex -21.14173968546581 14.835487087533336 38.73115752952325
  endloop
endfacet
facet normal -4.019532011504804e-06 0.9999999999797167 -4.9406721507168795e-06
  outer loop
    vertex -16.741651020062665 14.835587181623467 42.69179737616943
    vertex -21.14173968546581 14.835487087533336 38.73115752952325
    vertex -21.431156831255215 14.835490036107231 38.851038036456266
  endloop
endfacet
facet normal -4.019532011504804e-06 0.9999999999797167 -4.9406721507168795e-06
  outer loop
    vertex -16.741651020062665 14.835587181623467 42.69179737616943
    vertex -21.431156831255215 14.835490036107231 38.851038036456266
    vertex -21.741739685284298 14.835491041682689 38.891927044884646
  endloop
endfacet
facet normal 0.7933533402911991 1.4974429476639442e-05 0.6087614288245959
  outer loop
    vertex -22.59026782245142 14.835440652699633 36.843398908700216
    vertex -22.780970167998632 12.335446766342077 37.091988539478216
    vertex -22.590267820938834 12.335440653311005 36.84346040220473
  endloop
endfacet
facet normal 0.7933533402911991 1.4974429476639442e-05 0.6087614288245959
  outer loop
    vertex -22.780970167998632 12.335446766342077 37.091988539478216
    vertex -22.59026782245142 14.835440652699633 36.843398908700216
    vertex -22.780970169511217 14.835446765730682 37.091927045973705
  endloop
endfacet
facet normal 0.9999999997995943 3.2024209529908283e-09 -2.002028139869968e-05
  outer loop
    vertex -16.74179603674428 -29.045548298156426 35.286813035379964
    vertex -16.741647761318333 -29.164598723300756 42.69305408275243
    vertex -16.741777900600784 -29.164795077813785 36.19268247079667
  endloop
endfacet
facet normal 0.9999999997995943 3.2024209529908283e-09 -2.002028139869968e-05
  outer loop
    vertex -16.741647761318333 -29.164598723300756 42.69305408275243
    vertex -16.74179603674428 -29.045548298156426 35.286813035379964
    vertex -16.741647779800054 -24.164598725310658 42.69293109685431
  endloop
endfacet
facet normal 0.9999999997995943 3.2024209529908283e-09 -2.002028139869968e-05
  outer loop
    vertex -16.741647779800054 -24.164598725310658 42.69293109685431
    vertex -16.74179603674428 -29.045548298156426 35.286813035379964
    vertex -16.741812937812057 -28.69590877351713 34.442671549391406
  endloop
endfacet
facet normal 0.9999999997995943 3.2024209529908283e-09 -2.002028139869968e-05
  outer loop
    vertex -16.741647779800054 -24.164598725310658 42.69293109685431
    vertex -16.741812937812057 -28.69590877351713 34.442671549391406
    vertex -16.74182745202433 -28.139703859693462 33.71778486009134
  endloop
endfacet
facet normal 0.9999999997995943 3.2024209529908283e-09 -2.002028139869968e-05
  outer loop
    vertex -16.741647779800054 -24.164598725310658 42.69293109685431
    vertex -16.74182745202433 -28.139703859693462 33.71778486009134
    vertex -16.74183859026146 -27.414838002390358 33.16155279742369
  endloop
endfacet
facet normal 0.9999999997995943 3.2024209529908283e-09 -2.002028139869968e-05
  outer loop
    vertex -16.741647779800054 -24.164598725310658 42.69293109685431
    vertex -16.74183859026146 -27.414838002390358 33.16155279742369
    vertex -16.74184559347106 -26.570709611885643 32.81188165724228
  endloop
endfacet
facet normal 0.9999999997995943 3.2024209529908283e-09 -2.002028139869968e-05
  outer loop
    vertex -16.741647779800054 -24.164598725310658 42.69293109685431
    vertex -16.74184559347106 -26.570709611885643 32.81188165724228
    vertex -16.741847984395907 -25.66484464300403 32.69260094989163
  endloop
endfacet
facet normal 0.9999999997995943 3.2024209529908283e-09 -2.002028139869968e-05
  outer loop
    vertex -16.741647779800054 -24.164598725310658 42.69293109685431
    vertex -16.741847984395907 -25.66484464300403 32.69260094989163
    vertex -16.74184799007446 -24.16484464463876 32.69255948578667
  endloop
endfacet
facet normal -0.9914442019234105 3.655993820613772e-10 0.13053120114536565
  outer loop
    vertex -46.622384744897836 -25.664611935625924 77.84916001110932
    vertex -46.741649013572776 11.33556929230282 76.9432932132549
    vertex -46.74164901733735 -25.664616599901855 76.94329321325495
  endloop
endfacet
facet normal -0.9914442019234105 3.655993820613772e-10 0.13053120114536565
  outer loop
    vertex -46.741649013572776 11.33556929230282 76.9432932132549
    vertex -46.622384744897836 -25.664611935625924 77.84916001110932
    vertex -46.622384721374466 11.33557395614249 77.84916001110926
  endloop
endfacet
facet normal -0.9238778518867641 7.387458297376168e-10 0.3826874897264068
  outer loop
    vertex -46.27272891640843 -25.664607591798532 78.69329338363325
    vertex -46.622384721374466 11.33557395614249 77.84916001110926
    vertex -46.622384744897836 -25.664611935625924 77.84916001110932
  endloop
endfacet
facet normal -0.9238778518867641 7.387458297376168e-10 0.3826874897264068
  outer loop
    vertex -46.622384721374466 11.33557395614249 77.84916001110926
    vertex -46.27272891640843 -25.664607591798532 78.69329338363325
    vertex -46.27272888076011 11.335578299567304 78.69329338363318
  endloop
endfacet
facet normal -0.1305278561357542 0.9914446423035864 -4.485246769840112e-06
  outer loop
    vertex -44.14772651832654 14.716103015446787 36.19242748749577
    vertex -43.24164905966308 14.835576277796253 76.9432917448127
    vertex -43.24185985191034 14.835365486667518 36.19240383241824
  endloop
endfacet
facet normal -0.1305278561357542 0.9914446423035864 -4.485246769840112e-06
  outer loop
    vertex -43.24164905966308 14.835576277796253 76.9432917448127
    vertex -44.14772651832654 14.716103015446787 36.19242748749577
    vertex -44.147515705592994 14.716316440304945 76.9432921248735
  endloop
endfacet
facet normal -0.6087613050372983 -0.7933534353842973 7.2951414450234e-06
  outer loop
    vertex -44.99164899425227 -28.695702398354207 76.9432924790377
    vertex -45.71673245715113 -28.13970117617875 36.19350760143155
    vertex -44.99185871732073 -28.695916574359686 36.193499968568446
  endloop
endfacet
facet normal -0.6087613050372983 -0.7933534353842973 7.2951414450234e-06
  outer loop
    vertex -45.71673245715113 -28.13970117617875 36.19350760143155
    vertex -44.99164899425227 -28.695702398354207 76.9432924790377
    vertex -45.71652273796722 -28.139487786462766 76.94329278316044
  endloop
endfacet
facet normal -0.9914456052590085 -3.2359230808927207e-06 -0.13052054168646157
  outer loop
    vertex -46.74185877756256 -25.664826477406752 36.193476999413534
    vertex -46.622604877449426 11.335355167496067 35.28669647744395
    vertex -46.62260383402967 -25.664831143520804 35.28760817691877
  endloop
endfacet
facet normal -0.9914456052590085 -3.2359230808927207e-06 -0.13052054168646157
  outer loop
    vertex -46.622604877449426 11.335355167496067 35.28669647744395
    vertex -46.74185877756256 -25.664826477406752 36.193476999413534
    vertex -46.74185980120115 11.335359429841994 36.19256975044188
  endloop
endfacet
facet normal -1.0531106409323203e-05 -0.9238839002431012 -0.3826728874125936
  outer loop
    vertex -16.74179603674428 -29.045548298156426 35.286813035379964
    vertex -43.24186774858881 -28.695925595652216 34.44345119412827
    vertex -16.741812937812057 -28.69590877351713 34.442671549391406
  endloop
endfacet
facet normal -1.0531106409323203e-05 -0.9238839002431012 -0.3826728874125936
  outer loop
    vertex -43.24186774858881 -28.695925595652216 34.44345119412827
    vertex -16.74179603674428 -29.045548298156426 35.286813035379964
    vertex -43.24186339385675 -29.0455728624188 35.28759186571135
  endloop
endfacet
facet normal -0.7933616227308572 -1.5070223674476242e-05 -0.6087506347846787
  outer loop
    vertex -46.2729567050145 -25.664835492753035 34.44346581834551
    vertex -45.71674632376136 11.335350146817701 33.71766193991419
    vertex -45.71674526454023 -25.66483922871039 33.71857683041931
  endloop
endfacet
facet normal -0.7933616227308572 -1.5070223674476242e-05 -0.6087506347846787
  outer loop
    vertex -45.71674632376136 11.335350146817701 33.71766193991419
    vertex -46.2729567050145 -25.664835492753035 34.44346581834551
    vertex -46.2729577605708 11.335352001229397 34.44255151248593
  endloop
endfacet
facet normal -0.6087765255842996 -1.9618230610404204e-05 -0.7933417558105925
  outer loop
    vertex -44.99187545725681 11.335349730636198 33.16142778616285
    vertex -45.71674526454023 -25.66483922871039 33.71857683041931
    vertex -45.71674632376136 11.335350146817701 33.71766193991419
  endloop
endfacet
facet normal -0.6087765255842996 -1.9618230610404204e-05 -0.7933417558105925
  outer loop
    vertex -45.71674526454023 -25.66483922871039 33.71857683041931
    vertex -44.99187545725681 11.335349730636198 33.16142778616285
    vertex -44.99187440309229 -25.664842096793578 33.16234119973166
  endloop
endfacet
facet normal -0.7933513301815328 8.036564414944539e-10 0.6087640486257319
  outer loop
    vertex -45.716509998747114 -25.664603864444373 79.41816703648554
    vertex -46.27272888076011 11.335578299567304 78.69329338363318
    vertex -46.27272891640843 -25.664607591798532 78.69329338363325
  endloop
endfacet
facet normal -0.7933513301815328 8.036564414944539e-10 0.6087640486257319
  outer loop
    vertex -46.27272888076011 11.335578299567304 78.69329338363318
    vertex -45.716509998747114 -25.664603864444373 79.41816703648554
    vertex -45.71650995943395 11.335582026580067 79.41816703648547
  endloop
endfacet
facet normal -0.9914448541588471 -0.13052624689526177 5.777534415810427e-06
  outer loop
    vertex -46.622389407775756 -26.570482322504265 76.94329316321925
    vertex -46.74185877756256 -25.664826477406752 36.193476999413534
    vertex -46.62259914619343 -26.57069348715261 36.193495711722065
  endloop
endfacet
facet normal -0.9914448541588471 -0.13052624689526177 5.777534415810427e-06
  outer loop
    vertex -46.74185877756256 -25.664826477406752 36.193476999413534
    vertex -46.622389407775756 -26.570482322504265 76.94329316321925
    vertex -46.74164901733735 -25.664616599901855 76.94329321325495
  endloop
endfacet
facet normal -0.6087623425731157 0.7933526392871016 -1.0405044105238077e-06
  outer loop
    vertex -45.716733590167024 13.810232550137055 36.19248560625559
    vertex -44.99164903661815 14.366664269042051 76.9432924790338
    vertex -44.99185986186743 14.366449261434727 36.19245537902884
  endloop
endfacet
facet normal -0.6087623425731157 0.7933526392871016 -1.0405044105238077e-06
  outer loop
    vertex -44.99164903661815 14.366664269042051 76.9432924790338
    vertex -45.716733590167024 13.810232550137055 36.19248560625559
    vertex -45.716522761225484 13.810447981651643 76.94329278315813
  endloop
endfacet
facet normal -0.13052615801349254 -0.9914448658596531 5.896713220518801e-06
  outer loop
    vertex -43.24164897116763 -29.164613019274494 76.94329174482046
    vertex -44.14772537678407 -29.045568192653636 36.193483771078235
    vertex -43.24185872770241 -29.16482785110047 36.19346011279309
  endloop
endfacet
facet normal -0.13052615801349254 -0.9914448658596531 5.896713220518801e-06
  outer loop
    vertex -44.14772537678407 -29.045568192653636 36.193483771078235
    vertex -43.24164897116763 -29.164613019274494 76.94329174482046
    vertex -44.14751564097592 -29.045353524771308 76.94329212487928
  endloop
endfacet
facet normal -0.6087597827762933 6.05313418737769e-10 0.7933546034870915
  outer loop
    vertex -44.99163339195725 -25.664601007576394 79.9743820281347
    vertex -45.71650995943395 11.335582026580067 79.41816703648547
    vertex -45.716509998747114 -25.664603864444373 79.41816703648554
  endloop
endfacet
facet normal -0.6087597827762933 6.05313418737769e-10 0.7933546034870915
  outer loop
    vertex -45.71650995943395 11.335582026580067 79.41816703648547
    vertex -44.99163339195725 -25.664601007576394 79.9743820281347
    vertex -44.99163335768914 11.335584883190998 79.97438202813466
  endloop
endfacet
facet normal -2.7138705748109963e-05 -0.38270328635539896 -0.9238713080707011
  outer loop
    vertex -16.74184559347106 -26.570709611885643 32.81188165724228
    vertex -43.2418743781622 -27.41484278364046 33.16233275644648
    vertex -43.24187620120906 -26.570710914944396 32.81266109472746
  endloop
endfacet
facet normal -2.7138705748109963e-05 -0.38270328635539896 -0.9238713080707011
  outer loop
    vertex -43.2418743781622 -27.41484278364046 33.16233275644648
    vertex -16.74184559347106 -26.570709611885643 32.81188165724228
    vertex -16.74183859026146 -27.414838002390358 33.16155279742369
  endloop
endfacet
facet normal -0.9238794847418513 -0.3826835476312687 6.743715607634099e-06
  outer loop
    vertex -46.272737924397084 -27.41461479570926 76.94329301652202
    vertex -46.62259914619343 -26.57069348715261 36.193495711722065
    vertex -46.272947648816334 -27.414827158307382 36.193506149500514
  endloop
endfacet
facet normal -0.9238794847418513 -0.3826835476312687 6.743715607634099e-06
  outer loop
    vertex -46.62259914619343 -26.57069348715261 36.193495711722065
    vertex -46.272737924397084 -27.41461479570926 76.94329301652202
    vertex -46.622389407775756 -26.570482322504265 76.94329316321925
  endloop
endfacet
facet normal -2.3180364697906885e-05 -0.6087758483630683 -0.7933422753846523
  outer loop
    vertex -16.74183859026146 -27.414838002390358 33.16155279742369
    vertex -43.241871495130844 -28.13971393421146 33.71856488980383
    vertex -43.2418743781622 -27.41484278364046 33.16233275644648
  endloop
endfacet
facet normal -2.3180364697906885e-05 -0.6087758483630683 -0.7933422753846523
  outer loop
    vertex -43.241871495130844 -28.13971393421146 33.71856488980383
    vertex -16.74183859026146 -27.414838002390358 33.16155279742369
    vertex -16.74182745202433 -28.139703859693462 33.71778486009134
  endloop
endfacet
facet normal -2.7201945675900304e-07 0.9914452789041277 0.1305230207229461
  outer loop
    vertex -43.24164905966308 14.835576277796253 76.9432917448127
    vertex -31.74163090756447 14.716323408190943 77.84915357776214
    vertex -31.741630907563533 14.835581571076244 76.94328691990323
  endloop
endfacet
facet normal -2.7201945675900304e-07 0.9914452789041277 0.1305230207229461
  outer loop
    vertex -31.74163090756447 14.716323408190943 77.84915357776214
    vertex -43.24164905966308 14.835576277796253 76.9432917448127
    vertex -43.24164437388256 14.716321095622721 77.84915859270158
  endloop
endfacet
facet normal -0.7933532417878898 -0.6087615573374292 7.2632109494425146e-06
  outer loop
    vertex -45.71652273796722 -28.139487786462766 76.94329278316044
    vertex -46.272947648816334 -27.414827158307382 36.193506149500514
    vertex -45.71673245715113 -28.13970117617875 36.19350760143155
  endloop
endfacet
facet normal -0.7933532417878898 -0.6087615573374292 7.2632109494425146e-06
  outer loop
    vertex -46.272947648816334 -27.414827158307382 36.193506149500514
    vertex -45.71652273796722 -28.139487786462766 76.94329278316044
    vertex -46.272737924397084 -27.41461479570926 76.94329301652202
  endloop
endfacet
facet normal 4.736823792600702e-07 -0.13052621274464776 0.9914448586715827
  outer loop
    vertex -31.741630907560115 -26.570465616446423 80.32402731191526
    vertex -43.2416309551876 -25.664598611472464 80.44329247903251
    vertex -43.24163156906794 -26.570464947009796 80.32403284602657
  endloop
endfacet
facet normal 4.736823792600702e-07 -0.13052621274464776 0.9914448586715827
  outer loop
    vertex -43.2416309551876 -25.664598611472464 80.44329247903251
    vertex -31.741630907560115 -26.570465616446423 80.32402731191526
    vertex -31.741630907560385 -25.664598736059915 80.44328691990354
  endloop
endfacet
facet normal 4.2396014481591056e-07 -0.3826831608324526 0.9238796449836437
  outer loop
    vertex -31.741630907559617 -27.414599610993147 79.97437583314904
    vertex -43.24163156906794 -26.570464947009796 80.32403284602657
    vertex -43.2416333688724 -27.414599217262705 79.97438129391227
  endloop
endfacet
facet normal 4.2396014481591056e-07 -0.3826831608324526 0.9238796449836437
  outer loop
    vertex -43.24163156906794 -26.570464947009796 80.32403284602657
    vertex -31.741630907559617 -27.414599610993147 79.97437583314904
    vertex -31.741630907560115 -26.570465616446423 80.32402731191526
  endloop
endfacet
facet normal 4.6312178386263925e-07 0.6087620763303329 0.7933528435833376
  outer loop
    vertex -43.24163338073429 13.085588375937716 79.9743812939112
    vertex -31.74163090756596 13.81045925332029 79.41816065405638
    vertex -43.2416362578718 13.810460700222714 79.41816599813738
  endloop
endfacet
facet normal 4.6312178386263925e-07 0.6087620763303329 0.7933528435833376
  outer loop
    vertex -31.74163090756596 13.81045925332029 79.41816065405638
    vertex -43.24163338073429 13.085588375937716 79.9743812939112
    vertex -31.74163090756643 13.085586406478088 79.97437583314904
  endloop
endfacet
facet normal -0.37259194974397397 -0.48557221659113525 0.7908191079259249
  outer loop
    vertex -44.47907311534703 -27.807905186888252 79.41816651731263
    vertex -44.479070252272194 -26.90203660085684 79.97438181308594
    vertex -44.99163625503196 -27.41460206302475 79.41816673236109
  endloop
endfacet
facet normal -0.37259194974397397 -0.48557221659113525 0.7908191079259249
  outer loop
    vertex -44.479070252272194 -26.90203660085684 79.97438181308594
    vertex -44.47907311534703 -27.807905186888252 79.41816651731263
    vertex -44.116633380414704 -27.18014390680256 79.9743816610235
  endloop
endfacet
facet normal -0.08013265901351832 -0.10443156431009386 0.991298545008097
  outer loop
    vertex -43.2416309551876 -25.664598611472464 80.44329247903251
    vertex -43.88217603414028 -26.30514301314297 80.324033114771
    vertex -43.694564903972086 -26.449101947864776 80.32403303605757
  endloop
endfacet
facet normal -0.10446004867556574 -0.08015697053857997 -0.9912935782626536
  outer loop
    vertex -43.24187684003376 -25.66484451998112 32.69337945053317
    vertex -43.88242065661429 -26.305388607832064 32.81267338568065
    vertex -44.02637974139258 -26.117777406706963 32.812673009890794
  endloop
endfacet
facet normal -0.786680733535724 0.6036401851837933 0.1294293255602104
  outer loop
    vertex -45.63218879902529 13.726123199116936 77.84915959566727
    vertex -46.27273793299346 13.085572798928487 76.94329301652094
    vertex -46.169451398409805 13.025947539288625 77.84915982107866
  endloop
endfacet
facet normal -0.786680733535724 0.6036401851837933 0.1294293255602104
  outer loop
    vertex -46.27273793299346 13.085572798928487 76.94329301652094
    vertex -45.63218879902529 13.726123199116936 77.84915959566727
    vertex -45.716522761225484 13.810447981651643 76.94329278315813
  endloop
endfacet
facet normal -0.23469977689514276 -0.30585392415108054 -0.9226968038346915
  outer loop
    vertex -43.88242065661429 -26.305388607832064 32.81267338568065
    vertex -44.11687437297136 -27.18038714527008 33.16235268432163
    vertex -44.47931124288656 -26.902279446179566 33.162356500748
  endloop
endfacet
facet normal -0.23469977689514276 -0.30585392415108054 -0.9226968038346915
  outer loop
    vertex -44.11687437297136 -27.18038714527008 33.16235268432163
    vertex -43.88242065661429 -26.305388607832064 32.81267338568065
    vertex -43.69480952745149 -26.44934774606056 32.81267141015349
  endloop
endfacet
facet normal -0.7352852952888314 -0.30456556427628123 0.6054711814686861
  outer loop
    vertex -45.38493978515546 -26.902039455763994 79.41816689737358
    vertex -46.16944706488269 -26.449110319989764 78.69329334030088
    vertex -45.86663999780586 -27.180150485944672 78.69329321325684
  endloop
endfacet
facet normal -0.7352852952888314 -0.30456556427628123 0.6054711814686861
  outer loop
    vertex -46.16944706488269 -26.449110319989764 78.69329334030088
    vertex -45.38493978515546 -26.902039455763994 79.41816689737358
    vertex -45.63218072010445 -26.30514765974096 79.41816700110476
  endloop
endfacet
facet normal -0.7338791751363548 0.5631242865468473 0.3798847117248701
  outer loop
    vertex -45.38494350414102 13.478886115828105 78.69329301115776
    vertex -46.169451398409805 13.025947539288625 77.84915982107866
    vertex -45.86663997286241 12.851125793016942 78.69329321325625
  endloop
endfacet
facet normal -0.7338791751363548 0.5631242865468473 0.3798847117248701
  outer loop
    vertex -46.169451398409805 13.025947539288625 77.84915982107866
    vertex -45.38494350414102 13.478886115828105 78.69329301115776
    vertex -45.63218879902529 13.726123199116936 77.84915959566727
  endloop
endfacet
facet normal -0.05037334387444687 -0.12161313820401702 0.9912985276106675
  outer loop
    vertex -43.2416309551876 -25.664598611472464 80.44329247903251
    vertex -43.694564903972086 -26.449101947864776 80.32403303605757
    vertex -43.47608711553792 -26.53959831852307 80.32403294439385
  endloop
endfacet
facet normal -0.23422099532105156 -0.565460881796624 0.7908188898278797
  outer loop
    vertex -43.8821806970196 -28.05514586942727 79.41816626688338
    vertex -44.116633380414704 -27.18014390680256 79.9743816610235
    vertex -44.47907311534703 -27.807905186888252 79.41816651731263
  endloop
endfacet
facet normal -0.23422099532105156 -0.565460881796624 0.7908188898278797
  outer loop
    vertex -44.116633380414704 -27.18014390680256 79.9743816610235
    vertex -43.8821806970196 -28.05514586942727 79.41816626688338
    vertex -43.694566703776545 -27.35496947001111 79.97438148394302
  endloop
endfacet
facet normal -0.9171185736755154 -0.12074109804269803 0.3798882849770866
  outer loop
    vertex -46.16944706488269 -26.449110319989764 78.69329334030088
    vertex -46.622384744897836 -25.664611935625924 77.84916001110932
    vertex -46.507188807989145 -26.539611032237595 77.84915996277844
  endloop
endfacet
facet normal -0.9171185736755154 -0.12074109804269803 0.3798882849770866
  outer loop
    vertex -46.622384744897836 -25.664611935625924 77.84916001110932
    vertex -46.16944706488269 -26.449110319989764 78.69329334030088
    vertex -46.27272891640843 -25.664607591798532 78.69329338363325
  endloop
endfacet
facet normal -0.05031692587402737 -0.3821983059109058 0.922709413590986
  outer loop
    vertex -43.2416333688724 -27.414599217262705 79.97438129391227
    vertex -43.47608711553792 -26.53959831852307 80.32403294439385
    vertex -43.694566703776545 -27.35496947001111 79.97438148394302
  endloop
endfacet
facet normal -0.05031692587402737 -0.3821983059109058 0.922709413590986
  outer loop
    vertex -43.47608711553792 -26.53959831852307 80.32403294439385
    vertex -43.2416333688724 -27.414599217262705 79.97438129391227
    vertex -43.24163156906794 -26.570464947009796 80.32403284602657
  endloop
endfacet
facet normal -0.050344028957784275 -0.3822176578530961 -0.9226999191360056
  outer loop
    vertex -43.4763317423146 -26.53984424402595 32.81266721793825
    vertex -43.2418743781622 -27.41484278364046 33.16233275644648
    vertex -43.694807702703024 -27.355212954417045 33.162344585582574
  endloop
endfacet
facet normal -0.050344028957784275 -0.3822176578530961 -0.9226999191360056
  outer loop
    vertex -43.2418743781622 -27.41484278364046 33.16233275644648
    vertex -43.4763317423146 -26.53984424402595 32.81266721793825
    vertex -43.24187620120906 -26.570710914944396 32.81266109472746
  endloop
endfacet
facet normal -0.7338768523322399 -0.5631242218916956 0.3798892948344244
  outer loop
    vertex -45.38494351638689 -27.80790891045443 78.69329301115896
    vertex -46.16945140999343 -27.354980388915557 77.8491598210795
    vertex -45.63218879644662 -28.05515393146378 77.849159595669
  endloop
endfacet
facet normal -0.7338768523322399 -0.5631242218916956 0.3798892948344244
  outer loop
    vertex -46.16945140999343 -27.354980388915557 77.8491598210795
    vertex -45.38494351638689 -27.80790891045443 78.69329301115896
    vertex -45.86663999780586 -27.180150485944672 78.69329321325684
  endloop
endfacet
facet normal -0.017181138282710767 -0.1305069867971794 0.9912985094735245
  outer loop
    vertex -43.2416309551876 -25.664598611472464 80.44329247903251
    vertex -43.47608711553792 -26.53959831852307 80.32403294439385
    vertex -43.24163156906794 -26.570464947009796 80.32403284602657
  endloop
endfacet
facet normal -0.07988823422122807 -0.6068144892926538 0.7908185921040994
  outer loop
    vertex -43.24163623194728 -28.13947506671137 79.41816599813968
    vertex -43.694566703776545 -27.35496947001111 79.97438148394302
    vertex -43.8821806970196 -28.05514586942727 79.41816626688338
  endloop
endfacet
facet normal -0.07988823422122807 -0.6068144892926538 0.7908185921040994
  outer loop
    vertex -43.694566703776545 -27.35496947001111 79.97438148394302
    vertex -43.24163623194728 -28.13947506671137 79.41816599813968
    vertex -43.2416333688724 -27.414599217262705 79.97438129391227
  endloop
endfacet
facet normal -0.7866792279645018 -0.6036408712003206 0.1294352768981216
  outer loop
    vertex -45.63218879644662 -28.05515393146378 77.849159595669
    vertex -46.272737924397084 -27.41461479570926 76.94329301652202
    vertex -45.71652273796722 -28.139487786462766 76.94329278316044
  endloop
endfacet
facet normal -0.7866792279645018 -0.6036408712003206 0.1294352768981216
  outer loop
    vertex -46.272737924397084 -27.41461479570926 76.94329301652202
    vertex -45.63218879644662 -28.05515393146378 77.849159595669
    vertex -46.16945140999343 -27.354980388915557 77.8491598210795
  endloop
endfacet
facet normal -0.14752246048908846 -0.3561520230752561 0.9227095209819001
  outer loop
    vertex -43.694566703776545 -27.35496947001111 79.97438148394302
    vertex -43.694564903972086 -26.449101947864776 80.32403303605757
    vertex -44.116633380414704 -27.18014390680256 79.9743816610235
  endloop
endfacet
facet normal -0.14752246048908846 -0.3561520230752561 0.9227095209819001
  outer loop
    vertex -43.694564903972086 -26.449101947864776 80.32403303605757
    vertex -43.694566703776545 -27.35496947001111 79.97438148394302
    vertex -43.47608711553792 -26.53959831852307 80.32403294439385
  endloop
endfacet
facet normal -0.3822216747356379 -0.05033948842420807 -0.9226985029073546
  outer loop
    vertex -44.14774287197263 -25.664843901547513 32.81266546529106
    vertex -44.932244587407716 -26.117775601666498 33.16235055588677
    vertex -44.99187440309229 -25.664842096793578 33.16234119973166
  endloop
endfacet
facet normal -0.3822216747356379 -0.05033948842420807 -0.9226985029073546
  outer loop
    vertex -44.932244587407716 -26.117775601666498 33.16235055588677
    vertex -44.14774287197263 -25.664843901547513 32.81266546529106
    vertex -44.1168762080624 -25.899299535999788 32.8126703083934
  endloop
endfacet
facet normal -0.6068138597372419 -0.07988868742084901 0.7908190293948199
  outer loop
    vertex -45.63218072010445 -26.30514765974096 79.41816700110476
    vertex -44.99163339195725 -25.664601007576394 79.9743820281347
    vertex -45.716509998747114 -25.664603864444373 79.41816703648554
  endloop
endfacet
facet normal -0.6068138597372419 -0.07988868742084901 0.7908190293948199
  outer loop
    vertex -44.99163339195725 -25.664601007576394 79.9743820281347
    vertex -45.63218072010445 -26.30514765974096 79.41816700110476
    vertex -44.932003587176446 -26.1175338688776 79.9743820031167
  endloop
endfacet
facet normal -0.10443104147953565 -0.08013315888368723 0.9912985596795858
  outer loop
    vertex -43.2416309551876 -25.664598611472464 80.44329247903251
    vertex -44.02613511756359 -26.117532077855525 80.32403317516993
    vertex -43.88217603414028 -26.30514301314297 80.324033114771
  endloop
endfacet
facet normal -0.35615185815615247 0.1475227929534862 0.9227095314838375
  outer loop
    vertex -44.11663156056708 11.570042688249012 80.32403321313821
    vertex -44.75717781739949 12.210586636503832 79.97438192976736
    vertex -44.932003554480325 11.788519120370704 79.97438200311659
  endloop
endfacet
facet normal -0.35615185815615247 0.1475227929534862 0.9227095314838375
  outer loop
    vertex -44.75717781739949 12.210586636503832 79.97438192976736
    vertex -44.11663156056708 11.570042688249012 80.32403321313821
    vertex -44.026135099905865 11.788520911237772 80.32403317516982
  endloop
endfacet
facet normal -0.9831060340360378 -0.12943101332206855 -0.12942232663785427
  outer loop
    vertex -46.74185877756256 -25.664826477406752 36.193476999413534
    vertex -46.507407876056526 -26.539831483417593 35.28762625162137
    vertex -46.62259914619343 -26.57069348715261 36.193495711722065
  endloop
endfacet
facet normal -0.9831060340360378 -0.12943101332206855 -0.12942232663785427
  outer loop
    vertex -46.507407876056526 -26.539831483417593 35.28762625162137
    vertex -46.74185877756256 -25.664826477406752 36.193476999413534
    vertex -46.62260383402967 -25.664831143520804 35.28760817691877
  endloop
endfacet
facet normal -0.7890587729530633 -0.10388170026842433 0.6054707632703228
  outer loop
    vertex -45.63218072010445 -26.30514765974096 79.41816700110476
    vertex -46.27272891640843 -25.664607591798532 78.69329338363325
    vertex -46.16944706488269 -26.449110319989764 78.69329334030088
  endloop
endfacet
facet normal -0.7890587729530633 -0.10388170026842433 0.6054707632703228
  outer loop
    vertex -46.27272891640843 -25.664607591798532 78.69329338363325
    vertex -45.63218072010445 -26.30514765974096 79.41816700110476
    vertex -45.716509998747114 -25.664603864444373 79.41816703648554
  endloop
endfacet
facet normal -0.6036400264806402 -0.7866798819389254 0.1294352416577895
  outer loop
    vertex -44.9320145265935 -28.592415990049066 77.84915930190833
    vertex -45.71652273796722 -28.139487786462766 76.94329278316044
    vertex -44.99164899425227 -28.695702398354207 76.9432924790377
  endloop
endfacet
facet normal -0.6036400264806402 -0.7866798819389254 0.1294352416577895
  outer loop
    vertex -45.71652273796722 -28.139487786462766 76.94329278316044
    vertex -44.9320145265935 -28.592415990049066 77.84915930190833
    vertex -45.63218879644662 -28.05515393146378 77.849159595669
  endloop
endfacet
facet normal -0.2346745459755456 -0.30583464310021286 0.9227096122567148
  outer loop
    vertex -44.116633380414704 -27.18014390680256 79.9743816610235
    vertex -43.88217603414028 -26.30514301314297 80.324033114771
    vertex -44.479070252272194 -26.90203660085684 79.97438181308594
  endloop
endfacet
facet normal -0.2346745459755456 -0.30583464310021286 0.9227096122567148
  outer loop
    vertex -43.88217603414028 -26.30514301314297 80.324033114771
    vertex -44.116633380414704 -27.18014390680256 79.9743816610235
    vertex -43.694564903972086 -26.449101947864776 80.32403303605757
  endloop
endfacet
facet normal -0.9161076465356159 -0.3794646299025559 0.12943482766199943
  outer loop
    vertex -46.16945140999343 -27.354980388915557 77.8491598210795
    vertex -46.622389407775756 -26.570482322504265 76.94329316321925
    vertex -46.272737924397084 -27.41461479570926 76.94329301652202
  endloop
endfacet
facet normal -0.9161076465356159 -0.3794646299025559 0.12943482766199943
  outer loop
    vertex -46.622389407775756 -26.570482322504265 76.94329316321925
    vertex -46.16945140999343 -27.354980388915557 77.8491598210795
    vertex -46.507188807989145 -26.539611032237595 77.84915996277844
  endloop
endfacet
facet normal -0.6314035028996304 -0.484493646269174 0.6054713232275141
  outer loop
    vertex -44.99163625503196 -27.41460206302475 79.41816673236109
    vertex -45.86663999780586 -27.180150485944672 78.69329321325684
    vertex -45.38494351638689 -27.80790891045443 78.69329301115896
  endloop
endfacet
facet normal -0.6314035028996304 -0.484493646269174 0.6054713232275141
  outer loop
    vertex -45.86663999780586 -27.180150485944672 78.69329321325684
    vertex -44.99163625503196 -27.41460206302475 79.41816673236109
    vertex -45.38493978515546 -26.902039455763994 79.41816689737358
  endloop
endfacet
facet normal -0.10388126126102087 -0.7890592082535539 0.6054702713008248
  outer loop
    vertex -43.24163623194728 -28.13947506671137 79.41816599813968
    vertex -44.02614351167436 -28.592411652247556 78.69329244106841
    vertex -43.24163996317877 -28.695693404129788 78.69329211192648
  endloop
endfacet
facet normal -0.10388126126102087 -0.7890592082535539 0.6054702713008248
  outer loop
    vertex -44.02614351167436 -28.592411652247556 78.69329244106841
    vertex -43.24163623194728 -28.13947506671137 79.41816599813968
    vertex -43.8821806970196 -28.05514586942727 79.41816626688338
  endloop
endfacet
facet normal -0.9831048582450264 -0.1294283524625555 0.1294339185602269
  outer loop
    vertex -46.507188807989145 -26.539611032237595 77.84915996277844
    vertex -46.74164901733735 -25.664616599901855 76.94329321325495
    vertex -46.622389407775756 -26.570482322504265 76.94329316321925
  endloop
endfacet
facet normal -0.9831048582450264 -0.1294283524625555 0.1294339185602269
  outer loop
    vertex -46.74164901733735 -25.664616599901855 76.94329321325495
    vertex -46.507188807989145 -26.539611032237595 77.84915996277844
    vertex -46.622384744897836 -25.664611935625924 77.84916001110932
  endloop
endfacet
facet normal -0.1305353752599038 -0.017205781835591766 -0.9912943442172877
  outer loop
    vertex -43.24187684003376 -25.66484451998112 32.69337945053317
    vertex -44.1168762080624 -25.899299535999788 32.8126703083934
    vertex -44.14774287197263 -25.664843901547513 32.81266546529106
  endloop
endfacet
facet normal -0.8546180552843696 -0.35399482423255146 0.37988898904617824
  outer loop
    vertex -45.86663999780586 -27.180150485944672 78.69329321325684
    vertex -46.507188807989145 -26.539611032237595 77.84915996277844
    vertex -46.16945140999343 -27.354980388915557 77.8491598210795
  endloop
endfacet
facet normal -0.8546180552843696 -0.35399482423255146 0.37988898904617824
  outer loop
    vertex -46.507188807989145 -26.539611032237595 77.84915996277844
    vertex -45.86663999780586 -27.180150485944672 78.69329321325684
    vertex -46.16944706488269 -26.449110319989764 78.69329334030088
  endloop
endfacet
facet normal -0.48557144803635277 -0.3725927182936957 0.7908192177270318
  outer loop
    vertex -44.99163625503196 -27.41460206302475 79.41816673236109
    vertex -44.75717784548713 -26.539600105480087 79.97438192976755
    vertex -45.38493978515546 -26.902039455763994 79.41816689737358
  endloop
endfacet
facet normal -0.48557144803635277 -0.3725927182936957 0.7908192177270318
  outer loop
    vertex -44.75717784548713 -26.539600105480087 79.97438192976755
    vertex -44.99163625503196 -27.41460206302475 79.41816673236109
    vertex -44.479070252272194 -26.90203660085684 79.97438181308594
  endloop
endfacet
facet normal -0.7338820951023394 -0.5631280907778079 -0.37987343137569113
  outer loop
    vertex -46.16967046453935 -27.35520199722616 35.28763633374269
    vertex -45.38517126945013 -27.808139853072944 34.44349232047785
    vertex -45.632407845935596 -28.055376531894048 35.28763773620281
  endloop
endfacet
facet normal -0.7338820951023394 -0.5631280907778079 -0.37987343137569113
  outer loop
    vertex -45.38517126945013 -27.808139853072944 34.44349232047785
    vertex -46.16967046453935 -27.35520199722616 35.28763633374269
    vertex -45.86686775540305 -27.180380539053015 34.44349106306472
  endloop
endfacet
facet normal -0.38268333104728924 -0.9238795744532341 6.8309540524947495e-06
  outer loop
    vertex -44.14751564097592 -29.045353524771308 76.94329212487928
    vertex -44.99185871732073 -28.695916574359686 36.193499968568446
    vertex -44.14772537678407 -29.045568192653636 36.193483771078235
  endloop
endfacet
facet normal -0.38268333104728924 -0.9238795744532341 6.8309540524947495e-06
  outer loop
    vertex -44.99185871732073 -28.695916574359686 36.193499968568446
    vertex -44.14751564097592 -29.045353524771308 76.94329212487928
    vertex -44.99164899425227 -28.695702398354207 76.9432924790377
  endloop
endfacet
facet normal -1.6737704388113917e-05 0.793346310710991 -0.6087705897964428
  outer loop
    vertex -43.24187262546523 13.81022816379305 33.717544618401284
    vertex -16.741689089267613 14.366547077839849 34.44180760545643
    vertex -16.741689838859145 13.810325507095236 33.71694600300413
  endloop
endfacet
facet normal -1.6737704388113917e-05 0.793346310710991 -0.6087705897964428
  outer loop
    vertex -16.741689089267613 14.366547077839849 34.44180760545643
    vertex -43.24187262546523 13.81022816379305 33.717544618401284
    vertex -43.2418688912407 14.366446159839704 34.442407823480536
  endloop
endfacet
facet normal 4.996825626583462e-07 0.38268359520206935 0.9238794650618494
  outer loop
    vertex -43.24163157208963 12.24145514056441 80.32403284602626
    vertex -31.74163090756643 13.085586406478088 79.97437583314904
    vertex -43.24163338073429 13.085588375937716 79.9743812939112
  endloop
endfacet
facet normal 4.996825626583462e-07 0.38268359520206935 0.9238794650618494
  outer loop
    vertex -31.74163090756643 13.085586406478088 79.97437583314904
    vertex -43.24163157208963 12.24145514056441 80.32403284602626
    vertex -31.74163090756666 12.241453622121785 80.32402731191526
  endloop
endfacet
facet normal -2.914055048354883e-05 -0.13054953350649764 -0.9914417877273806
  outer loop
    vertex -16.741847984395907 -25.66484464300403 32.69260094989163
    vertex -43.24187620120906 -26.570710914944396 32.81266109472746
    vertex -43.24187684003376 -25.66484451998112 32.69337945053317
  endloop
endfacet
facet normal -2.914055048354883e-05 -0.13054953350649764 -0.9914417877273806
  outer loop
    vertex -43.24187620120906 -26.570710914944396 32.81266109472746
    vertex -16.741847984395907 -25.66484464300403 32.69260094989163
    vertex -16.74184559347106 -26.570709611885643 32.81188165724228
  endloop
endfacet
facet normal 4.87512775168737e-07 0.13052613391391288 0.9914448690498378
  outer loop
    vertex -43.241630955193905 11.335587279097329 80.44329247903245
    vertex -31.74163090756666 12.241453622121785 80.32402731191526
    vertex -43.24163157208963 12.24145514056441 80.32403284602626
  endloop
endfacet
facet normal 4.87512775168737e-07 0.13052613391391288 0.9914448690498378
  outer loop
    vertex -31.74163090756666 12.241453622121785 80.32402731191526
    vertex -43.241630955193905 11.335587279097329 80.44329247903245
    vertex -31.741630907566623 11.335587154509833 80.44328691990353
  endloop
endfacet
facet normal -2.220841693462162e-05 0.3826651887036757 -0.9238870888053184
  outer loop
    vertex -43.241875482611405 13.08535275904897 33.16134482736905
    vertex -16.741686371709996 12.241310443288038 32.81111356728961
    vertex -43.241877267969365 12.241219006527517 32.811712546979074
  endloop
endfacet
facet normal -2.220841693462162e-05 0.3826651887036757 -0.9238870888053184
  outer loop
    vertex -16.741686371709996 12.241310443288038 32.81111356728961
    vertex -43.241875482611405 13.08535275904897 33.16134482736905
    vertex -16.741688911950828 13.085446868476897 33.16074663434478
  endloop
endfacet
facet normal 3.8037446067877593e-07 -0.608760635846637 0.7933539489051868
  outer loop
    vertex -31.741630907558907 -28.139474382969077 79.41816065405638
    vertex -43.2416333688724 -27.414599217262705 79.97438129391227
    vertex -43.24163623194728 -28.13947506671137 79.41816599813968
  endloop
endfacet
facet normal 3.8037446067877593e-07 -0.608760635846637 0.7933539489051868
  outer loop
    vertex -43.2416333688724 -27.414599217262705 79.97438129391227
    vertex -31.741630907558907 -28.139474382969077 79.41816065405638
    vertex -31.741630907559617 -27.414599610993147 79.97437583314904
  endloop
endfacet
facet normal 3.883272568962817e-07 -0.7933521789396952 0.6087629425084012
  outer loop
    vertex -31.741630907558907 -28.139474382969077 79.41816065405638
    vertex -43.24163996317877 -28.695693404129788 78.69329211192648
    vertex -31.74163090755806 -28.695690914576296 78.69328691990337
  endloop
endfacet
facet normal 3.883272568962817e-07 -0.7933521789396952 0.6087629425084012
  outer loop
    vertex -43.24163996317877 -28.695693404129788 78.69329211192648
    vertex -31.741630907558907 -28.139474382969077 79.41816065405638
    vertex -43.24163623194728 -28.13947506671137 79.41816599813968
  endloop
endfacet
facet normal -2.289141034875521e-05 0.13050387864790544 -0.991447798491598
  outer loop
    vertex -43.241877267969365 12.241219006527517 32.811712546979074
    vertex -16.741682391249743 11.335442733903914 32.691873717562466
    vertex -43.24187785986998 11.335353226466099 32.692474639345264
  endloop
endfacet
facet normal -2.289141034875521e-05 0.13050387864790544 -0.991447798491598
  outer loop
    vertex -16.741682391249743 11.335442733903914 32.691873717562466
    vertex -43.241877267969365 12.241219006527517 32.811712546979074
    vertex -16.741686371709996 12.241310443288038 32.81111356728961
  endloop
endfacet
facet normal 7.638652118476484e-08 0.9238805125747516 0.38268106627400417
  outer loop
    vertex -43.24164437388256 14.716321095622721 77.84915859270158
    vertex -31.741630907565305 14.36667327604509 78.69328691990339
    vertex -31.74163090756447 14.716323408190943 77.84915357776214
  endloop
endfacet
facet normal 7.638652118476484e-08 0.9238805125747516 0.38268106627400417
  outer loop
    vertex -31.741630907565305 14.36667327604509 78.69328691990339
    vertex -43.24164437388256 14.716321095622721 77.84915859270158
    vertex -43.24164000742994 14.366673262427563 78.69329211192257
  endloop
endfacet
facet normal -2.760336117056612e-06 -0.9914461376367875 -0.1305164976448456
  outer loop
    vertex -16.741777900600784 -29.164795077813785 36.19268247079667
    vertex -43.24186339385675 -29.0455728624188 35.28759186571135
    vertex -16.74179603674428 -29.045548298156426 35.286813035379964
  endloop
endfacet
facet normal -2.760336117056612e-06 -0.9914461376367875 -0.1305164976448456
  outer loop
    vertex -43.24186339385675 -29.0455728624188 35.28759186571135
    vertex -16.741777900600784 -29.164795077813785 36.19268247079667
    vertex -43.24185872770241 -29.16482785110047 36.19346011279309
  endloop
endfacet
facet normal 4.666823713359336e-07 -0.9238784707448887 0.38268599568558587
  outer loop
    vertex -31.74163090755806 -28.695690914576296 78.69328691990337
    vertex -43.24164430828957 -29.04534886901718 77.84915859270734
    vertex -31.741630907557116 -29.04534396837705 77.84915357776214
  endloop
endfacet
facet normal 4.666823713359336e-07 -0.9238784707448887 0.38268599568558587
  outer loop
    vertex -43.24164430828957 -29.04534886901718 77.84915859270734
    vertex -31.74163090755806 -28.695690914576296 78.69328691990337
    vertex -43.24163996317877 -28.695693404129788 78.69329211192648
  endloop
endfacet
facet normal -1.226941315814278e-05 0.92387635457635 -0.3826911042919289
  outer loop
    vertex -43.2418688912407 14.366446159839704 34.442407823480536
    vertex -16.741686714259693 14.71620599986409 35.285933321385016
    vertex -16.741689089267613 14.366547077839849 34.44180760545643
  endloop
endfacet
facet normal -1.226941315814278e-05 0.92387635457635 -0.3826911042919289
  outer loop
    vertex -16.741686714259693 14.71620599986409 35.285933321385016
    vertex -43.2418688912407 14.366446159839704 34.442407823480536
    vertex -43.24186453441899 14.71610140995202 35.28653621307374
  endloop
endfacet
facet normal -1.7511532095884337e-05 -0.7933621594276694 -0.6087499352621005
  outer loop
    vertex -16.741812937812057 -28.69590877351713 34.442671549391406
    vertex -43.241871495130844 -28.13971393421146 33.71856488980383
    vertex -16.74182745202433 -28.139703859693462 33.71778486009134
  endloop
endfacet
facet normal -1.7511532095884337e-05 -0.7933621594276694 -0.6087499352621005
  outer loop
    vertex -43.241871495130844 -28.13971393421146 33.71856488980383
    vertex -16.741812937812057 -28.69590877351713 34.442671549391406
    vertex -43.24186774858881 -28.695925595652216 34.44345119412827
  endloop
endfacet
facet normal 6.012803717930383e-07 -0.9914444217709941 0.13052953129011782
  outer loop
    vertex -31.741630907557116 -29.04534396837705 77.84915357776214
    vertex -43.24164897116763 -29.164613019274494 76.94329174482046
    vertex -31.741630907556157 -29.16460526658379 76.94328691990323
  endloop
endfacet
facet normal 6.012803717930383e-07 -0.9914444217709941 0.13052953129011782
  outer loop
    vertex -43.24164897116763 -29.164613019274494 76.94329174482046
    vertex -31.741630907557116 -29.04534396837705 77.84915357776214
    vertex -43.24164430828957 -29.04534886901718 77.84915859270734
  endloop
endfacet
facet normal -0.13050646851128408 0.017181522606110798 0.991298571045903
  outer loop
    vertex -43.241630955193905 11.335587279097329 80.44329247903245
    vertex -44.11663156056708 11.570042688249012 80.32403321313821
    vertex -44.14749821801939 11.335586674726827 80.3240332260885
  endloop
endfacet
facet normal 3.2830674686183893e-07 0.7933543683805377 0.6087600891742251
  outer loop
    vertex -43.24164000742994 14.366673262427563 78.69329211192257
    vertex -31.74163090756596 13.81045925332029 79.41816065405638
    vertex -31.741630907565305 14.36667327604509 78.69328691990339
  endloop
endfacet
facet normal 3.2830674686183893e-07 0.7933543683805377 0.6087600891742251
  outer loop
    vertex -31.74163090756596 13.81045925332029 79.41816065405638
    vertex -43.24164000742994 14.366673262427563 78.69329211192257
    vertex -43.2416362578718 13.810460700222714 79.41816599813738
  endloop
endfacet
facet normal -0.08013274680748295 0.10443136139189144 0.991298559288232
  outer loop
    vertex -43.241630955193905 11.335587279097329 80.44329247903245
    vertex -43.69456489505456 12.120091782221534 80.32403303605739
    vertex -43.882176020277356 11.976132413848669 80.32403311477086
  endloop
endfacet
facet normal -0.3725936872024547 0.4855730053903488 0.7908178049924417
  outer loop
    vertex -44.4790702315155 12.57302422786541 79.97438181308557
    vertex -44.479073108653026 13.478889839052842 79.41816651731143
    vertex -44.99163623482683 13.08558553043267 79.41816673236036
  endloop
endfacet
facet normal -0.3725936872024547 0.4855730053903488 0.7908178049924417
  outer loop
    vertex -44.479073108653026 13.478889839052842 79.41816651731143
    vertex -44.4790702315155 12.57302422786541 79.97438181308557
    vertex -44.11663336921184 12.851132371560636 79.97438166102292
  endloop
endfacet
facet normal -0.07988870744954717 0.6068163226342262 0.7908171375272007
  outer loop
    vertex -43.694566703699266 13.02595845719205 79.97438148394221
    vertex -43.2416362578718 13.810460700222714 79.41816599813738
    vertex -43.882180706059536 13.726131260409405 79.41816626688164
  endloop
endfacet
facet normal -0.07988870744954717 0.6068163226342262 0.7908171375272007
  outer loop
    vertex -43.2416362578718 13.810460700222714 79.41816599813738
    vertex -43.694566703699266 13.02595845719205 79.97438148394221
    vertex -43.24163338073429 13.085588375937716 79.9743812939112
  endloop
endfacet
facet normal -0.3058346929493029 0.23467503875514095 0.9227094704043516
  outer loop
    vertex -44.026135099905865 11.788520911237772 80.32403317516982
    vertex -44.4790702315155 12.57302422786541 79.97438181308557
    vertex -44.75717781739949 12.210586636503832 79.97438192976736
  endloop
endfacet
facet normal -0.3058346929493029 0.23467503875514095 0.9227094704043516
  outer loop
    vertex -44.4790702315155 12.57302422786541 79.97438181308557
    vertex -44.026135099905865 11.788520911237772 80.32403317516982
    vertex -43.882176020277356 11.976132413848669 80.32403311477086
  endloop
endfacet
facet normal -0.2342222950330329 0.5654623149326649 0.7908174801434593
  outer loop
    vertex -44.11663336921184 12.851132371560636 79.97438166102292
    vertex -43.882180706059536 13.726131260409405 79.41816626688164
    vertex -44.479073108653026 13.478889839052842 79.41816651731143
  endloop
endfacet
facet normal -0.2342222950330329 0.5654623149326649 0.7908174801434593
  outer loop
    vertex -43.882180706059536 13.726131260409405 79.41816626688164
    vertex -44.11663336921184 12.851132371560636 79.97438166102292
    vertex -43.694566703699266 13.02595845719205 79.97438148394221
  endloop
endfacet
facet normal -2.0114012092586055e-05 0.6087489451183299 -0.7933629191062228
  outer loop
    vertex -43.24187262546523 13.81022816379305 33.717544618401284
    vertex -16.741688911950828 13.085446868476897 33.16074663434478
    vertex -43.241875482611405 13.08535275904897 33.16134482736905
  endloop
endfacet
facet normal -2.0114012092586055e-05 0.6087489451183299 -0.7933629191062228
  outer loop
    vertex -16.741688911950828 13.085446868476897 33.16074663434478
    vertex -43.24187262546523 13.81022816379305 33.717544618401284
    vertex -16.741689838859145 13.810325507095236 33.71694600300413
  endloop
endfacet
facet normal -0.12075356685671522 0.9171170418055739 -0.3798880199758533
  outer loop
    vertex -44.02637243679866 14.263161830044439 34.442428309322175
    vertex -43.24186453441899 14.71610140995202 35.28653621307374
    vertex -43.2418688912407 14.366446159839704 34.442407823480536
  endloop
endfacet
facet normal -0.12075356685671522 0.9171170418055739 -0.3798880199758533
  outer loop
    vertex -43.24186453441899 14.71610140995202 35.28653621307374
    vertex -44.02637243679866 14.263161830044439 34.442428309322175
    vertex -44.11686454268479 14.600902708892859 35.286559062089395
  endloop
endfacet
facet normal 0.9999999999621931 7.659211307609301e-06 -4.117101140108026e-06
  outer loop
    vertex -16.74167987161294 10.835442734646287 32.6918839229426
    vertex -16.74163574737867 12.33541828984694 33.791989422400796
    vertex -16.741636253216477 10.835419834564664 33.7920069120517
  endloop
endfacet
facet normal 0.9999999999621931 7.659211307609301e-06 -4.117101140108026e-06
  outer loop
    vertex -16.74163574737867 12.33541828984694 33.791989422400796
    vertex -16.74167987161294 10.835442734646287 32.6918839229426
    vertex -16.741682391249743 11.335442733903914 32.691873717562466
  endloop
endfacet
facet normal 0.9999999999621931 7.659211307609301e-06 -4.117101140108026e-06
  outer loop
    vertex -16.74163574737867 12.33541828984694 33.791989422400796
    vertex -16.741682391249743 11.335442733903914 32.691873717562466
    vertex -16.741686371709996 12.241310443288038 32.81111356728961
  endloop
endfacet
facet normal 0.9999999999621931 7.659211307609301e-06 -4.117101140108026e-06
  outer loop
    vertex -16.74163574737867 12.33541828984694 33.791989422400796
    vertex -16.741686371709996 12.241310443288038 32.81111356728961
    vertex -16.741688911950828 13.085446868476897 33.16074663434478
  endloop
endfacet
facet normal 0.9999999999621931 7.659211307609301e-06 -4.117101140108026e-06
  outer loop
    vertex -16.74163574737867 12.33541828984694 33.791989422400796
    vertex -16.741688911950828 13.085446868476897 33.16074663434478
    vertex -16.74163574737867 12.335535711121207 41.59198942126565
  endloop
endfacet
facet normal 0.9999999999621931 7.659211307609301e-06 -4.117101140108026e-06
  outer loop
    vertex -16.74163574737867 12.335535711121207 41.59198942126565
    vertex -16.74163086285596 10.835587182619891 42.691883921718926
    vertex -16.741636253216477 10.835537255838908 41.59200691091656
  endloop
endfacet
facet normal 0.9999999999621931 7.659211307609301e-06 -4.117101140108026e-06
  outer loop
    vertex -16.74163086285596 10.835587182619891 42.691883921718926
    vertex -16.74163574737867 12.335535711121207 41.59198942126565
    vertex -16.741651020062665 14.835587181623467 42.69179737616943
  endloop
endfacet
facet normal 0.9999999999621931 7.659211307609301e-06 -4.117101140108026e-06
  outer loop
    vertex -16.741651020062665 14.835587181623467 42.69179737616943
    vertex -16.74163574737867 12.335535711121207 41.59198942126565
    vertex -16.741688911950828 13.085446868476897 33.16074663434478
  endloop
endfacet
facet normal 0.9999999999621931 7.659211307609301e-06 -4.117101140108026e-06
  outer loop
    vertex -16.741651020062665 14.835587181623467 42.69179737616943
    vertex -16.741688911950828 13.085446868476897 33.16074663434478
    vertex -16.741689838859145 13.810325507095236 33.71694600300413
  endloop
endfacet
facet normal 0.9999999999621931 7.659211307609301e-06 -4.117101140108026e-06
  outer loop
    vertex -16.741651020062665 14.835587181623467 42.69179737616943
    vertex -16.741689838859145 13.810325507095236 33.71694600300413
    vertex -16.741689089267613 14.366547077839849 34.44180760545643
  endloop
endfacet
facet normal 0.9999999999621931 7.659211307609301e-06 -4.117101140108026e-06
  outer loop
    vertex -16.741651020062665 14.835587181623467 42.69179737616943
    vertex -16.741689089267613 14.366547077839849 34.44180760545643
    vertex -16.741686714259693 14.71620599986409 35.285933321385016
  endloop
endfacet
facet normal 0.9999999999621931 7.659211307609301e-06 -4.117101140108026e-06
  outer loop
    vertex -16.741651020062665 14.835587181623467 42.69179737616943
    vertex -16.741686714259693 14.71620599986409 35.285933321385016
    vertex -16.741682875688177 14.835473595470702 36.191797378233034
  endloop
endfacet
facet normal -0.7071083518795734 -7.552748520687234e-08 -0.7071052104900287
  outer loop
    vertex -46.74172850626506 -16.064587938050742 50.34323976035889
    vertex -45.541731951585845 -21.06461020507551 49.143238270311706
    vertex -46.74172740601961 -22.264608539139612 50.34323976036274
  endloop
endfacet
facet normal -0.7071083518795734 -7.552748520687234e-08 -0.7071052104900287
  outer loop
    vertex -45.541731951585845 -21.06461020507551 49.143238270311706
    vertex -46.74172850626506 -16.064587938050742 50.34323976035889
    vertex -45.54173164281948 -17.264589603989098 49.143238270311706
  endloop
endfacet
facet normal -0.707107515007455 -0.7071060473647831 3.6735648435407484e-07
  outer loop
    vertex -46.74172850626506 -16.064587938050742 50.34323976035889
    vertex -45.54173164281948 -17.264589603989098 45.14333144612088
    vertex -45.54173164281948 -17.264589603989098 49.143238270311706
  endloop
endfacet
facet normal -0.707107515007455 -0.7071060473647831 3.6735648435407484e-07
  outer loop
    vertex -45.54173164281948 -17.264589603989098 45.14333144612088
    vertex -46.74172850626506 -16.064587938050742 50.34323976035889
    vertex -46.741733129907125 -16.064587938046525 43.9433329361816
  endloop
endfacet
facet normal -0.7071052104860909 1.759888142981671e-06 0.7071083518813253
  outer loop
    vertex -45.54174188504748 -21.06461020507472 45.14333144612088
    vertex -46.741733129907125 -16.064587938046525 43.9433329361816
    vertex -46.741748080096855 -22.26460853912946 43.943332936173576
  endloop
endfacet
facet normal -0.7071052104860909 1.759888142981671e-06 0.7071083518813253
  outer loop
    vertex -46.741733129907125 -16.064587938046525 43.9433329361816
    vertex -45.54174188504748 -21.06461020507472 45.14333144612088
    vertex -45.54173164281948 -17.264589603989098 45.14333144612088
  endloop
endfacet
facet normal 1.0 1.737210027953321e-13 1.0851872827710864e-12
  outer loop
    vertex -31.74163090755769 -25.164598372161535 76.44328691990374
    vertex -31.74163090756094 -8.130431617067384 78.18446787480102
    vertex -31.74163090756121 -8.164505790778298 78.44328691990354
  endloop
endfacet
facet normal 1.0 1.737210027953321e-13 1.0851872827710864e-12
  outer loop
    vertex -31.74163090756094 -8.130431617067384 78.18446787480102
    vertex -31.74163090755769 -25.164598372161535 76.44328691990374
    vertex -31.7416309075607 -8.030531194562757 77.94328691990354
  endloop
endfacet
facet normal 1.0 1.737210027953321e-13 1.0851872827710864e-12
  outer loop
    vertex -31.7416309075607 -8.030531194562757 77.94328691990354
    vertex -31.74163090755769 -25.164598372161535 76.44328691990374
    vertex -31.7416309075605 -7.8716125719648495 77.736180138717
  endloop
endfacet
facet normal 1.0 1.737210027953321e-13 1.0851872827710864e-12
  outer loop
    vertex -31.7416309075605 -7.8716125719648495 77.736180138717
    vertex -31.74163090755769 -25.164598372161535 76.44328691990374
    vertex -31.741630907560374 -7.6645057907783 77.57726151611911
  endloop
endfacet
facet normal 1.0 1.737210027953321e-13 1.0851872827710864e-12
  outer loop
    vertex -31.741630907560374 -7.6645057907783 77.57726151611911
    vertex -31.74163090755769 -25.164598372161535 76.44328691990374
    vertex -31.741630907560307 -7.423324835880812 77.47736109361448
  endloop
endfacet
facet normal 1.0 1.737210027953321e-13 1.0851872827710864e-12
  outer loop
    vertex -31.741630907560307 -7.423324835880812 77.47736109361448
    vertex -31.74163090755769 -25.164598372161535 76.44328691990374
    vertex -31.741630907560307 -7.164505790778278 77.44328691990354
  endloop
endfacet
facet normal 1.0 1.737210027953321e-13 1.0851872827710864e-12
  outer loop
    vertex -31.741630907560307 -7.164505790778278 77.44328691990354
    vertex -31.74163090755769 -25.164598372161535 76.44328691990374
    vertex -31.74163090756157 10.835587182621719 76.44328691990336
  endloop
endfacet
facet normal 1.0 1.737210027953321e-13 1.0851872827710864e-12
  outer loop
    vertex -31.741630907560307 -7.164505790778278 77.44328691990354
    vertex -31.74163090756157 10.835587182621719 76.44328691990336
    vertex -31.741630907560385 -6.905686745675789 77.47736109361448
  endloop
endfacet
facet normal 1.0 1.737210027953321e-13 1.0851872827710864e-12
  outer loop
    vertex -31.741630907560385 -6.905686745675789 77.47736109361448
    vertex -31.74163090756157 10.835587182621719 76.44328691990336
    vertex -31.741630907560534 -6.664505790778302 77.57726151611911
  endloop
endfacet
facet normal 1.0 1.737210027953321e-13 1.0851872827710864e-12
  outer loop
    vertex -31.741630907560534 -6.664505790778302 77.57726151611911
    vertex -31.74163090756157 10.835587182621719 76.44328691990336
    vertex -31.741630907560726 -6.457399009591729 77.736180138717
  endloop
endfacet
facet normal 1.0 1.737210027953321e-13 1.0851872827710864e-12
  outer loop
    vertex -31.741630907560726 -6.457399009591729 77.736180138717
    vertex -31.74163090756157 10.835587182621719 76.44328691990336
    vertex -31.741630907560985 -6.298480386993867 77.94328691990354
  endloop
endfacet
facet normal 1.0 1.737210027953321e-13 1.0851872827710864e-12
  outer loop
    vertex -31.741630907560985 -6.298480386993867 77.94328691990354
    vertex -31.74163090756157 10.835587182621719 76.44328691990336
    vertex -31.741630907561255 -6.19857996448924 78.18446787480102
  endloop
endfacet
facet normal 1.0 1.737210027953321e-13 1.0851872827710864e-12
  outer loop
    vertex -31.741630907561255 -6.19857996448924 78.18446787480102
    vertex -31.74163090756157 10.835587182621719 76.44328691990336
    vertex -31.741630907561525 -6.164505790778279 78.44328691990354
  endloop
endfacet
facet normal 1.0 1.737210027953321e-13 1.0851872827710864e-12
  outer loop
    vertex -31.741630907519642 -29.164598736084386 42.69351344572746
    vertex -31.741630907557116 -29.04534396837705 77.84915357776214
    vertex -31.741630907556157 -29.16460526658379 76.94328691990323
  endloop
endfacet
facet normal 1.0 1.737210027953321e-13 1.0851872827710864e-12
  outer loop
    vertex -31.741630907557116 -29.04534396837705 77.84915357776214
    vertex -31.741630907519642 -29.164598736084386 42.69351344572746
    vertex -31.74163090753697 -28.16459837216203 59.56840018281321
  endloop
endfacet
facet normal 1.0 1.737210027953321e-13 1.0851872827710864e-12
  outer loop
    vertex -31.74163090753697 -28.16459837216203 59.56840018281321
    vertex -31.741630907519642 -29.164598736084386 42.69351344572746
    vertex -31.7416309075367 -28.130524198451113 59.309581137710694
  endloop
endfacet
facet normal 1.0 1.737210027953321e-13 1.0851872827710864e-12
  outer loop
    vertex -31.7416309075367 -28.130524198451113 59.309581137710694
    vertex -31.741630907519642 -29.164598736084386 42.69351344572746
    vertex -31.741630907520364 -25.16459837216253 42.693513445727504
  endloop
endfacet
facet normal 1.0 1.737210027953321e-13 1.0851872827710864e-12
  outer loop
    vertex -31.741630907557116 -29.04534396837705 77.84915357776214
    vertex -31.74163090753697 -28.16459837216203 59.56840018281321
    vertex -31.74163090755806 -28.695690914576296 78.69328691990337
  endloop
endfacet
facet normal 1.0 1.737210027953321e-13 1.0851872827710864e-12
  outer loop
    vertex -31.7416309075367 -28.130524198451113 59.309581137710694
    vertex -31.741630907520364 -25.16459837216253 42.693513445727504
    vertex -31.74163090753646 -28.03062377594644 59.06840018281321
  endloop
endfacet
facet normal 1.0 1.737210027953321e-13 1.0851872827710864e-12
  outer loop
    vertex -31.74163090753646 -28.03062377594644 59.06840018281321
    vertex -31.741630907520364 -25.16459837216253 42.693513445727504
    vertex -31.74163090753626 -27.87170515334858 58.86129340162667
  endloop
endfacet
facet normal 1.0 1.737210027953321e-13 1.0851872827710864e-12
  outer loop
    vertex -31.74163090753626 -27.87170515334858 58.86129340162667
    vertex -31.741630907520364 -25.16459837216253 42.693513445727504
    vertex -31.741630907536134 -27.66459837216205 58.70237477902877
  endloop
endfacet
facet normal 1.0 1.737210027953321e-13 1.0851872827710864e-12
  outer loop
    vertex -31.741630907536134 -27.66459837216205 58.70237477902877
    vertex -31.741630907520364 -25.16459837216253 42.693513445727504
    vertex -31.741630907536056 -27.423417417264563 58.60247435652415
  endloop
endfacet
facet normal 1.0 1.737210027953321e-13 1.0851872827710864e-12
  outer loop
    vertex -31.741630907536056 -27.423417417264563 58.60247435652415
    vertex -31.741630907520364 -25.16459837216253 42.693513445727504
    vertex -31.741630907536056 -27.164598372162008 58.56840018281321
  endloop
endfacet
facet normal 1.0 1.737210027953321e-13 1.0851872827710864e-12
  outer loop
    vertex -31.741630907536056 -27.164598372162008 58.56840018281321
    vertex -31.741630907520364 -25.16459837216253 42.693513445727504
    vertex -31.741630907536145 -26.905779327059495 58.60247435652415
  endloop
endfacet
facet normal 1.0 1.737210027953321e-13 1.0851872827710864e-12
  outer loop
    vertex -31.741630907536145 -26.905779327059495 58.60247435652415
    vertex -31.741630907520364 -25.16459837216253 42.693513445727504
    vertex -31.74163090753628 -26.664598372162054 58.70237477902877
  endloop
endfacet
facet normal 1.0 1.737210027953321e-13 1.0851872827710864e-12
  outer loop
    vertex -31.74163090753628 -26.664598372162054 58.70237477902877
    vertex -31.741630907520364 -25.16459837216253 42.693513445727504
    vertex -31.741630907536482 -26.457491590975458 58.86129340162667
  endloop
endfacet
facet normal 1.0 1.737210027953321e-13 1.0851872827710864e-12
  outer loop
    vertex -31.741630907536482 -26.457491590975458 58.86129340162667
    vertex -31.741630907520364 -25.16459837216253 42.693513445727504
    vertex -31.74163090753674 -26.298572968377574 59.06840018281321
  endloop
endfacet
facet normal 1.0 1.737210027953321e-13 1.0851872827710864e-12
  outer loop
    vertex -31.74163090753674 -26.298572968377574 59.06840018281321
    vertex -31.741630907520364 -25.16459837216253 42.693513445727504
    vertex -31.741630907537015 -26.198672545872945 59.309581137710694
  endloop
endfacet
facet normal 1.0 1.737210027953321e-13 1.0851872827710864e-12
  outer loop
    vertex -31.741630907537015 -26.198672545872945 59.309581137710694
    vertex -31.741630907520364 -25.16459837216253 42.693513445727504
    vertex -31.741630907537296 -26.164598372162008 59.56840018281321
  endloop
endfacet
facet normal 1.0 1.737210027953321e-13 1.0851872827710864e-12
  outer loop
    vertex -31.741630907537296 -26.164598372162008 59.56840018281321
    vertex -31.741630907520364 -25.16459837216253 42.693513445727504
    vertex -31.741630907560385 -25.664598736059915 80.44328691990354
  endloop
endfacet
facet normal 1.0 1.737210027953321e-13 1.0851872827710864e-12
  outer loop
    vertex -31.741630907560385 -25.664598736059915 80.44328691990354
    vertex -31.741630907520364 -25.16459837216253 42.693513445727504
    vertex -31.74163090755769 -25.164598372161535 76.44328691990374
  endloop
endfacet
facet normal 1.0 1.737210027953321e-13 1.0851872827710864e-12
  outer loop
    vertex -31.741630907560385 -25.664598736059915 80.44328691990354
    vertex -31.74163090755769 -25.164598372161535 76.44328691990374
    vertex -31.74163090756236 -7.423324835880812 79.40921274619261
  endloop
endfacet
facet normal 1.0 1.737210027953321e-13 1.0851872827710864e-12
  outer loop
    vertex -31.741630907560385 -25.664598736059915 80.44328691990354
    vertex -31.74163090756236 -7.423324835880812 79.40921274619261
    vertex -31.74163090756245 -7.164505790778278 79.44328691990354
  endloop
endfacet
facet normal 1.0 1.737210027953321e-13 1.0851872827710864e-12
  outer loop
    vertex -31.741630907560385 -25.664598736059915 80.44328691990354
    vertex -31.74163090756245 -7.164505790778278 79.44328691990354
    vertex -31.741630907566623 11.335587154509833 80.44328691990353
  endloop
endfacet
facet normal 1.0 1.737210027953321e-13 1.0851872827710864e-12
  outer loop
    vertex -31.74163090756236 -7.423324835880812 79.40921274619261
    vertex -31.74163090755769 -25.164598372161535 76.44328691990374
    vertex -31.741630907562225 -7.6645057907783 79.30931232368798
  endloop
endfacet
facet normal 1.0 1.737210027953321e-13 1.0851872827710864e-12
  outer loop
    vertex -31.741630907562225 -7.6645057907783 79.30931232368798
    vertex -31.74163090755769 -25.164598372161535 76.44328691990374
    vertex -31.741630907562023 -7.8716125719648495 79.15039370109008
  endloop
endfacet
facet normal 1.0 1.737210027953321e-13 1.0851872827710864e-12
  outer loop
    vertex -31.741630907562023 -7.8716125719648495 79.15039370109008
    vertex -31.74163090755769 -25.164598372161535 76.44328691990374
    vertex -31.741630907561763 -8.030531194562757 78.94328691990354
  endloop
endfacet
facet normal 1.0 1.737210027953321e-13 1.0851872827710864e-12
  outer loop
    vertex -31.741630907561763 -8.030531194562757 78.94328691990354
    vertex -31.74163090755769 -25.164598372161535 76.44328691990374
    vertex -31.74163090756149 -8.130431617067384 78.70210596500606
  endloop
endfacet
facet normal 1.0 1.737210027953321e-13 1.0851872827710864e-12
  outer loop
    vertex -31.74163090756149 -8.130431617067384 78.70210596500606
    vertex -31.74163090755769 -25.164598372161535 76.44328691990374
    vertex -31.74163090756121 -8.164505790778298 78.44328691990354
  endloop
endfacet
facet normal 1.0 1.737210027953321e-13 1.0851872827710864e-12
  outer loop
    vertex -31.741630907566623 11.335587154509833 80.44328691990353
    vertex -31.74163090756245 -7.164505790778278 79.44328691990354
    vertex -31.74163090756245 -6.905686745675789 79.40921274619261
  endloop
endfacet
facet normal 1.0 1.737210027953321e-13 1.0851872827710864e-12
  outer loop
    vertex -31.741630907566623 11.335587154509833 80.44328691990353
    vertex -31.74163090756245 -6.905686745675789 79.40921274619261
    vertex -31.74163090756238 -6.664505790778302 79.30931232368798
  endloop
endfacet
facet normal 1.0 1.737210027953321e-13 1.0851872827710864e-12
  outer loop
    vertex -31.741630907566623 11.335587154509833 80.44328691990353
    vertex -31.74163090756238 -6.664505790778302 79.30931232368798
    vertex -31.741630907562236 -6.457399009591729 79.15039370109008
  endloop
endfacet
facet normal 1.0 1.737210027953321e-13 1.0851872827710864e-12
  outer loop
    vertex -31.741630907566623 11.335587154509833 80.44328691990353
    vertex -31.741630907562236 -6.457399009591729 79.15039370109008
    vertex -31.741630907562055 -6.298480386993867 78.94328691990354
  endloop
endfacet
facet normal 1.0 1.737210027953321e-13 1.0851872827710864e-12
  outer loop
    vertex -31.741630907566623 11.335587154509833 80.44328691990353
    vertex -31.741630907562055 -6.298480386993867 78.94328691990354
    vertex -31.741630907561806 -6.19857996448924 78.70210596500607
  endloop
endfacet
facet normal 1.0 1.737210027953321e-13 1.0851872827710864e-12
  outer loop
    vertex -31.741630907566623 11.335587154509833 80.44328691990353
    vertex -31.741630907561806 -6.19857996448924 78.70210596500607
    vertex -31.741630907561525 -6.164505790778279 78.44328691990354
  endloop
endfacet
facet normal 1.0 1.737210027953321e-13 1.0851872827710864e-12
  outer loop
    vertex -31.741630907566623 11.335587154509833 80.44328691990353
    vertex -31.741630907561525 -6.164505790778279 78.44328691990354
    vertex -31.74163090756157 10.835587182621719 76.44328691990336
  endloop
endfacet
facet normal 1.0 1.737210027953321e-13 1.0851872827710864e-12
  outer loop
    vertex -31.74163090753697 -28.16459837216203 59.56840018281321
    vertex -31.741630907558907 -28.139474382969077 79.41816065405638
    vertex -31.74163090755806 -28.695690914576296 78.69328691990337
  endloop
endfacet
facet normal 1.0 1.737210027953321e-13 1.0851872827710864e-12
  outer loop
    vertex -31.741630907558907 -28.139474382969077 79.41816065405638
    vertex -31.74163090753697 -28.16459837216203 59.56840018281321
    vertex -31.74163090753725 -28.130524198451113 59.82721922791572
  endloop
endfacet
facet normal 1.0 1.737210027953321e-13 1.0851872827710864e-12
  outer loop
    vertex -31.741630907558907 -28.139474382969077 79.41816065405638
    vertex -31.74163090753725 -28.130524198451113 59.82721922791572
    vertex -31.741630907559617 -27.414599610993147 79.97437583314904
  endloop
endfacet
facet normal 1.0 1.737210027953321e-13 1.0851872827710864e-12
  outer loop
    vertex -31.741630907559617 -27.414599610993147 79.97437583314904
    vertex -31.74163090753725 -28.130524198451113 59.82721922791572
    vertex -31.741630907537523 -28.03062377594644 60.06840018281321
  endloop
endfacet
facet normal 1.0 1.737210027953321e-13 1.0851872827710864e-12
  outer loop
    vertex -31.741630907559617 -27.414599610993147 79.97437583314904
    vertex -31.741630907537523 -28.03062377594644 60.06840018281321
    vertex -31.741630907537782 -27.87170515334858 60.27550696399975
  endloop
endfacet
facet normal 1.0 1.737210027953321e-13 1.0851872827710864e-12
  outer loop
    vertex -31.741630907559617 -27.414599610993147 79.97437583314904
    vertex -31.741630907537782 -27.87170515334858 60.27550696399975
    vertex -31.741630907537974 -27.66459837216205 60.43442558659765
  endloop
endfacet
facet normal 1.0 1.737210027953321e-13 1.0851872827710864e-12
  outer loop
    vertex -31.741630907559617 -27.414599610993147 79.97437583314904
    vertex -31.741630907537974 -27.66459837216205 60.43442558659765
    vertex -31.74163090753812 -27.423417417264563 60.53432600910228
  endloop
endfacet
facet normal 1.0 1.737210027953321e-13 1.0851872827710864e-12
  outer loop
    vertex -31.741630907559617 -27.414599610993147 79.97437583314904
    vertex -31.74163090753812 -27.423417417264563 60.53432600910228
    vertex -31.74163090753821 -27.164598372162008 60.56840018281321
  endloop
endfacet
facet normal 1.0 1.737210027953321e-13 1.0851872827710864e-12
  outer loop
    vertex -31.741630907559617 -27.414599610993147 79.97437583314904
    vertex -31.74163090753821 -27.164598372162008 60.56840018281321
    vertex -31.741630907560115 -26.570465616446423 80.32402731191526
  endloop
endfacet
facet normal 1.0 1.737210027953321e-13 1.0851872827710864e-12
  outer loop
    vertex -31.741630907560115 -26.570465616446423 80.32402731191526
    vertex -31.74163090753821 -27.164598372162008 60.56840018281321
    vertex -31.74163090753821 -26.905779327059495 60.53432600910228
  endloop
endfacet
facet normal 1.0 1.737210027953321e-13 1.0851872827710864e-12
  outer loop
    vertex -31.741630907560115 -26.570465616446423 80.32402731191526
    vertex -31.74163090753821 -26.905779327059495 60.53432600910228
    vertex -31.74163090753813 -26.664598372162054 60.43442558659765
  endloop
endfacet
facet normal 1.0 1.737210027953321e-13 1.0851872827710864e-12
  outer loop
    vertex -31.741630907560115 -26.570465616446423 80.32402731191526
    vertex -31.74163090753813 -26.664598372162054 60.43442558659765
    vertex -31.741630907538006 -26.457491590975458 60.27550696399975
  endloop
endfacet
facet normal 1.0 1.737210027953321e-13 1.0851872827710864e-12
  outer loop
    vertex -31.741630907560115 -26.570465616446423 80.32402731191526
    vertex -31.741630907538006 -26.457491590975458 60.27550696399975
    vertex -31.741630907560385 -25.664598736059915 80.44328691990354
  endloop
endfacet
facet normal 1.0 1.737210027953321e-13 1.0851872827710864e-12
  outer loop
    vertex -31.741630907560385 -25.664598736059915 80.44328691990354
    vertex -31.741630907538006 -26.457491590975458 60.27550696399975
    vertex -31.741630907537804 -26.298572968377574 60.06840018281321
  endloop
endfacet
facet normal 1.0 1.737210027953321e-13 1.0851872827710864e-12
  outer loop
    vertex -31.741630907560385 -25.664598736059915 80.44328691990354
    vertex -31.741630907537804 -26.298572968377574 60.06840018281321
    vertex -31.741630907537566 -26.19867254587297 59.82721922791574
  endloop
endfacet
facet normal 1.0 1.737210027953321e-13 1.0851872827710864e-12
  outer loop
    vertex -31.741630907560385 -25.664598736059915 80.44328691990354
    vertex -31.741630907537566 -26.19867254587297 59.82721922791574
    vertex -31.741630907537296 -26.164598372162008 59.56840018281321
  endloop
endfacet
facet normal 1.0 1.737210027953321e-13 1.0851872827710864e-12
  outer loop
    vertex -31.741630907525902 10.83558718262014 42.69351344572307
    vertex -31.741630907544085 11.835587182620928 59.568400182813214
    vertex -31.74163090756157 10.835587182621719 76.44328691990336
  endloop
endfacet
facet normal 1.0 1.737210027953321e-13 1.0851872827710864e-12
  outer loop
    vertex -31.741630907544085 11.835587182620928 59.568400182813214
    vertex -31.741630907525902 10.83558718262014 42.69351344572307
    vertex -31.741630907543815 11.869661356331866 59.309581137710694
  endloop
endfacet
facet normal 1.0 1.737210027953321e-13 1.0851872827710864e-12
  outer loop
    vertex -31.741630907543815 11.869661356331866 59.309581137710694
    vertex -31.741630907525902 10.83558718262014 42.69351344572307
    vertex -31.741630907526762 14.835587154527627 42.69351344572318
  endloop
endfacet
facet normal 1.0 1.737210027953321e-13 1.0851872827710864e-12
  outer loop
    vertex -31.74163090756157 10.835587182621719 76.44328691990336
    vertex -31.741630907544085 11.835587182620928 59.568400182813214
    vertex -31.741630907566623 11.335587154509833 80.44328691990353
  endloop
endfacet
facet normal 1.0 1.737210027953321e-13 1.0851872827710864e-12
  outer loop
    vertex -31.741630907543815 11.869661356331866 59.309581137710694
    vertex -31.741630907526762 14.835587154527627 42.69351344572318
    vertex -31.741630907543556 11.969561778836516 59.06840018281322
  endloop
endfacet
facet normal 1.0 1.737210027953321e-13 1.0851872827710864e-12
  outer loop
    vertex -31.741630907543556 11.969561778836516 59.06840018281322
    vertex -31.741630907526762 14.835587154527627 42.69351344572318
    vertex -31.741630907543374 12.1284804014344 58.86129340162667
  endloop
endfacet
facet normal 1.0 1.737210027953321e-13 1.0851872827710864e-12
  outer loop
    vertex -31.741630907543374 12.1284804014344 58.86129340162667
    vertex -31.741630907526762 14.835587154527627 42.69351344572318
    vertex -31.741630907543218 12.335587182620927 58.70237477902877
  endloop
endfacet
facet normal 1.0 1.737210027953321e-13 1.0851872827710864e-12
  outer loop
    vertex -31.741630907543218 12.335587182620927 58.70237477902877
    vertex -31.741630907526762 14.835587154527627 42.69351344572318
    vertex -31.74163090754315 12.576768137518414 58.60247435652415
  endloop
endfacet
facet normal 1.0 1.737210027953321e-13 1.0851872827710864e-12
  outer loop
    vertex -31.74163090754315 12.576768137518414 58.60247435652415
    vertex -31.741630907526762 14.835587154527627 42.69351344572318
    vertex -31.74163090754315 12.835587182620927 58.56840018281322
  endloop
endfacet
facet normal 1.0 1.737210027953321e-13 1.0851872827710864e-12
  outer loop
    vertex -31.74163090754315 12.835587182620927 58.56840018281322
    vertex -31.741630907526762 14.835587154527627 42.69351344572318
    vertex -31.74163090754324 13.094406227723438 58.60247435652415
  endloop
endfacet
facet normal 1.0 1.737210027953321e-13 1.0851872827710864e-12
  outer loop
    vertex -31.74163090754324 13.094406227723438 58.60247435652415
    vertex -31.741630907526762 14.835587154527627 42.69351344572318
    vertex -31.741630907543374 13.335587182620925 58.70237477902877
  endloop
endfacet
facet normal 1.0 1.737210027953321e-13 1.0851872827710864e-12
  outer loop
    vertex -31.741630907543374 13.335587182620925 58.70237477902877
    vertex -31.741630907526762 14.835587154527627 42.69351344572318
    vertex -31.74163090754358 13.542693963807475 58.86129340162667
  endloop
endfacet
facet normal 1.0 1.737210027953321e-13 1.0851872827710864e-12
  outer loop
    vertex -31.74163090754358 13.542693963807475 58.86129340162667
    vertex -31.741630907526762 14.835587154527627 42.69351344572318
    vertex -31.741630907543815 13.701612586405382 59.06840018281322
  endloop
endfacet
facet normal 1.0 1.737210027953321e-13 1.0851872827710864e-12
  outer loop
    vertex -31.741630907543815 13.701612586405382 59.06840018281322
    vertex -31.741630907526762 14.835587154527627 42.69351344572318
    vertex -31.741630907544085 13.801513008909964 59.309581137710694
  endloop
endfacet
facet normal 1.0 1.737210027953321e-13 1.0851872827710864e-12
  outer loop
    vertex -31.741630907544085 13.801513008909964 59.309581137710694
    vertex -31.741630907526762 14.835587154527627 42.69351344572318
    vertex -31.74163090754437 13.835587182620925 59.568400182813214
  endloop
endfacet
facet normal 1.0 1.737210027953321e-13 1.0851872827710864e-12
  outer loop
    vertex -31.74163090754437 13.835587182620925 59.568400182813214
    vertex -31.741630907526762 14.835587154527627 42.69351344572318
    vertex -31.741630907565305 14.36667327604509 78.69328691990339
  endloop
endfacet
facet normal 1.0 1.737210027953321e-13 1.0851872827710864e-12
  outer loop
    vertex -31.741630907565305 14.36667327604509 78.69328691990339
    vertex -31.741630907526762 14.835587154527627 42.69351344572318
    vertex -31.74163090756447 14.716323408190943 77.84915357776214
  endloop
endfacet
facet normal 1.0 1.737210027953321e-13 1.0851872827710864e-12
  outer loop
    vertex -31.74163090756447 14.716323408190943 77.84915357776214
    vertex -31.741630907526762 14.835587154527627 42.69351344572318
    vertex -31.741630907563533 14.835581571076244 76.94328691990323
  endloop
endfacet
facet normal 1.0 1.737210027953321e-13 1.0851872827710864e-12
  outer loop
    vertex -31.741630907544085 11.835587182620928 59.568400182813214
    vertex -31.74163090756666 12.241453622121785 80.32402731191526
    vertex -31.741630907566623 11.335587154509833 80.44328691990353
  endloop
endfacet
facet normal 1.0 1.737210027953321e-13 1.0851872827710864e-12
  outer loop
    vertex -31.74163090756666 12.241453622121785 80.32402731191526
    vertex -31.741630907544085 11.835587182620928 59.568400182813214
    vertex -31.74163090754436 11.869661356331866 59.82721922791574
  endloop
endfacet
facet normal 1.0 1.737210027953321e-13 1.0851872827710864e-12
  outer loop
    vertex -31.74163090756666 12.241453622121785 80.32402731191526
    vertex -31.74163090754436 11.869661356331866 59.82721922791574
    vertex -31.74163090754463 11.969561778836516 60.06840018281321
  endloop
endfacet
facet normal 1.0 1.737210027953321e-13 1.0851872827710864e-12
  outer loop
    vertex -31.74163090756666 12.241453622121785 80.32402731191526
    vertex -31.74163090754463 11.969561778836516 60.06840018281321
    vertex -31.741630907544888 12.1284804014344 60.27550696399975
  endloop
endfacet
facet normal 1.0 1.737210027953321e-13 1.0851872827710864e-12
  outer loop
    vertex -31.74163090756666 12.241453622121785 80.32402731191526
    vertex -31.741630907544888 12.1284804014344 60.27550696399975
    vertex -31.74163090754508 12.335587182620927 60.43442558659766
  endloop
endfacet
facet normal 1.0 1.737210027953321e-13 1.0851872827710864e-12
  outer loop
    vertex -31.74163090756666 12.241453622121785 80.32402731191526
    vertex -31.74163090754508 12.335587182620927 60.43442558659766
    vertex -31.74163090756643 13.085586406478088 79.97437583314904
  endloop
endfacet
facet normal 1.0 1.737210027953321e-13 1.0851872827710864e-12
  outer loop
    vertex -31.74163090756643 13.085586406478088 79.97437583314904
    vertex -31.74163090754508 12.335587182620927 60.43442558659766
    vertex -31.741630907545225 12.576768137518414 60.53432600910229
  endloop
endfacet
facet normal 1.0 1.737210027953321e-13 1.0851872827710864e-12
  outer loop
    vertex -31.74163090756643 13.085586406478088 79.97437583314904
    vertex -31.741630907545225 12.576768137518414 60.53432600910229
    vertex -31.741630907545293 12.835587182620927 60.568400182813214
  endloop
endfacet
facet normal 1.0 1.737210027953321e-13 1.0851872827710864e-12
  outer loop
    vertex -31.74163090756643 13.085586406478088 79.97437583314904
    vertex -31.741630907545293 12.835587182620927 60.568400182813214
    vertex -31.741630907545293 13.094406227723438 60.53432600910229
  endloop
endfacet
facet normal 1.0 1.737210027953321e-13 1.0851872827710864e-12
  outer loop
    vertex -31.74163090756643 13.085586406478088 79.97437583314904
    vertex -31.741630907545293 13.094406227723438 60.53432600910229
    vertex -31.74163090756596 13.81045925332029 79.41816065405638
  endloop
endfacet
facet normal 1.0 1.737210027953321e-13 1.0851872827710864e-12
  outer loop
    vertex -31.74163090756596 13.81045925332029 79.41816065405638
    vertex -31.741630907545293 13.094406227723438 60.53432600910229
    vertex -31.741630907545236 13.335587182620925 60.43442558659766
  endloop
endfacet
facet normal 1.0 1.737210027953321e-13 1.0851872827710864e-12
  outer loop
    vertex -31.74163090756596 13.81045925332029 79.41816065405638
    vertex -31.741630907545236 13.335587182620925 60.43442558659766
    vertex -31.74163090754508 13.542693963807475 60.27550696399975
  endloop
endfacet
facet normal 1.0 1.737210027953321e-13 1.0851872827710864e-12
  outer loop
    vertex -31.74163090756596 13.81045925332029 79.41816065405638
    vertex -31.74163090754508 13.542693963807475 60.27550696399975
    vertex -31.7416309075449 13.701612586405382 60.06840018281321
  endloop
endfacet
facet normal 1.0 1.737210027953321e-13 1.0851872827710864e-12
  outer loop
    vertex -31.74163090756596 13.81045925332029 79.41816065405638
    vertex -31.7416309075449 13.701612586405382 60.06840018281321
    vertex -31.74163090754464 13.801513008909964 59.82721922791574
  endloop
endfacet
facet normal 1.0 1.737210027953321e-13 1.0851872827710864e-12
  outer loop
    vertex -31.74163090756596 13.81045925332029 79.41816065405638
    vertex -31.74163090754464 13.801513008909964 59.82721922791574
    vertex -31.74163090754437 13.835587182620925 59.568400182813214
  endloop
endfacet
facet normal 1.0 1.737210027953321e-13 1.0851872827710864e-12
  outer loop
    vertex -31.74163090756596 13.81045925332029 79.41816065405638
    vertex -31.74163090754437 13.835587182620925 59.568400182813214
    vertex -31.741630907565305 14.36667327604509 78.69328691990339
  endloop
endfacet
facet normal 0.7933533402286403 1.256098478701909e-05 0.6087614289607061
  outer loop
    vertex -22.5195677955965 -29.164724383730494 36.915173340964515
    vertex -22.69437851116373 -24.164718208451422 37.14288793243951
    vertex -22.694378280454185 -29.16472438373056 37.142990800269715
  endloop
endfacet
facet normal 0.7933533402286403 1.256098478701909e-05 0.6087614289607061
  outer loop
    vertex -22.69437851116373 -24.164718208451422 37.14288793243951
    vertex -22.5195677955965 -29.164724383730494 36.915173340964515
    vertex -22.519568026306047 -24.164718208451333 36.91507047313431
  endloop
endfacet
facet normal 0.923876005216733 -1.3082867896495675e-05 -0.3826919476728115
  outer loop
    vertex -38.05995445953568 12.335617453798886 38.31351698776348
    vertex -37.820201391204535 10.835653990867065 38.892368286253465
    vertex -38.059965872701866 10.835619400781962 38.313540714225574
  endloop
endfacet
facet normal 0.923876005216733 -1.3082867896495675e-05 -0.3826919476728115
  outer loop
    vertex -37.820201391204535 10.835653990867065 38.892368286253465
    vertex -38.05995445953568 12.335617453798886 38.31351698776348
    vertex -37.82018997803835 12.335652043884057 38.89234455979137
  endloop
endfacet
facet normal 0.6087768656544172 7.916753859439601e-06 0.7933414950582812
  outer loop
    vertex -36.94179283440092 10.83545807553115 35.61391490805235
    vertex -37.43882640280217 12.335478920867994 35.995302575891785
    vertex -37.438837815968355 10.835480867851048 35.995326302353874
  endloop
endfacet
facet normal 0.6087768656544172 7.916753859439601e-06 0.7933414950582812
  outer loop
    vertex -37.43882640280217 12.335478920867994 35.995302575891785
    vertex -36.94179283440092 10.83545807553115 35.61391490805235
    vertex -36.941781421234744 12.335456128548072 35.613891181590255
  endloop
endfacet
facet normal -0.3826834323650981 2.2724804540807793e-05 0.9238795322318006
  outer loop
    vertex -21.43115682974262 12.335433014481076 36.532877548269624
    vertex -21.14173968546578 14.835435962793794 36.652696561698136
    vertex -21.431156831255205 14.835433013869658 36.53281605476511
  endloop
endfacet
facet normal -0.3826834323650981 2.2724804540807793e-05 0.9238795322318006
  outer loop
    vertex -21.14173968546578 14.835435962793794 36.652696561698136
    vertex -21.43115682974262 12.335433014481076 36.532877548269624
    vertex -21.141739683953183 12.335435963405168 36.652758055202646
  endloop
endfacet
facet normal -0.13052619219288666 -2.0403553856831482e-05 -0.9914448611674382
  outer loop
    vertex -21.457049617388076 -24.164718208451873 38.75540634135748
    vertex -21.741750336291304 -29.164724383731013 38.79299080026971
    vertex -21.74175056700085 -24.164718208451873 38.792887932439506
  endloop
endfacet
facet normal -0.13052619219288666 -2.0403553856831482e-05 -0.9914448611674382
  outer loop
    vertex -21.741750336291304 -29.164724383731013 38.79299080026971
    vertex -21.457049617388076 -24.164718208451873 38.75540634135748
    vertex -21.45704938667853 -29.164724383731013 38.755509209187686
  endloop
endfacet
facet normal 0.9914448613738109 3.2112050513409838e-06 0.13052619218054753
  outer loop
    vertex -22.9008506764805 14.835453884567997 37.381344191675566
    vertex -22.941739683408667 12.335461524685867 37.691988539115194
    vertex -22.900850674967913 12.335453885179371 37.381405685180084
  endloop
endfacet
facet normal 0.9914448613738109 3.2112050513409838e-06 0.13052619218054753
  outer loop
    vertex -22.941739683408667 12.335461524685867 37.691988539115194
    vertex -22.9008506764805 14.835453884567997 37.381344191675566
    vertex -22.94173968492124 14.835461524074493 37.69192704561069
  endloop
endfacet
facet normal 0.7933639382671729 3.5924265265326185e-06 0.6087476171980437
  outer loop
    vertex -37.43882640280217 12.335478920867994 35.995302575891785
    vertex -37.82023088554441 10.835510571185418 36.492385344642535
    vertex -37.438837815968355 10.835480867851048 35.995326302353874
  endloop
endfacet
facet normal 0.7933639382671729 3.5924265265326185e-06 0.6087476171980437
  outer loop
    vertex -37.82023088554441 10.835510571185418 36.492385344642535
    vertex -37.43882640280217 12.335478920867994 35.995302575891785
    vertex -37.820219472378234 12.335508624202363 36.492361618180446
  endloop
endfacet
facet normal 2.233653682277452e-05 4.03537866322754e-05 0.9999999989363255
  outer loop
    vertex -31.741630907520364 -25.16459837216253 42.693513445727504
    vertex -38.741630975716355 -24.164598728682343 42.69328596620466
    vertex -38.74163098391187 -25.164598374234597 42.69342922243304
  endloop
endfacet
facet normal 2.233653682277452e-05 4.03537866322754e-05 0.9999999989363255
  outer loop
    vertex -38.741630975716355 -24.164598728682343 42.69328596620466
    vertex -31.741630907520364 -25.16459837216253 42.693513445727504
    vertex -16.741647779800054 -24.164598725310658 42.69293109685431
  endloop
endfacet
facet normal 2.233653682277452e-05 4.03537866322754e-05 0.9999999989363255
  outer loop
    vertex -16.741647779800054 -24.164598725310658 42.69293109685431
    vertex -31.741630907520364 -25.16459837216253 42.693513445727504
    vertex -31.741630907519642 -29.164598736084386 42.69351344572746
  endloop
endfacet
facet normal 2.233653682277452e-05 4.03537866322754e-05 0.9999999989363255
  outer loop
    vertex -16.741647779800054 -24.164598725310658 42.69293109685431
    vertex -31.741630907519642 -29.164598736084386 42.69351344572746
    vertex -16.741647761318333 -29.164598723300756 42.69305408275243
  endloop
endfacet
facet normal -0.9914448613738179 3.21000534240912e-06 0.1305261921805236
  outer loop
    vertex -20.541739684134733 12.335461526137992 37.69198853911521
    vertex -20.582628694088037 14.83545388597058 37.38134419167558
    vertex -20.582628692575465 12.335453886581977 37.38140568518009
  endloop
endfacet
facet normal -0.9914448613738179 3.21000534240912e-06 0.1305261921805236
  outer loop
    vertex -20.582628694088037 14.83545388597058 37.38134419167558
    vertex -20.541739684134733 12.335461526137992 37.69198853911521
    vertex -20.541739685647308 14.835461525526574 37.69192704561069
  endloop
endfacet
facet normal 0.7933489760031305 -1.5665696076538287e-05 -0.6087671164159333
  outer loop
    vertex -37.82018997803835 12.335652043884057 38.89234455979137
    vertex -37.438796104633205 10.835683694102803 39.38941795421135
    vertex -37.820201391204535 10.835653990867065 38.892368286253465
  endloop
endfacet
facet normal 0.7933489760031305 -1.5665696076538287e-05 -0.6087671164159333
  outer loop
    vertex -37.438796104633205 10.835683694102803 39.38941795421135
    vertex -37.82018997803835 12.335652043884057 38.89234455979137
    vertex -37.43878469146703 12.335681747119727 39.38939422774926
  endloop
endfacet
facet normal 0.9238854108247528 -9.767149275106613e-07 0.3826692405514502
  outer loop
    vertex -37.820219472378234 12.335508624202363 36.492361618180446
    vertex -38.05998114008726 10.835545161332583 37.07121880961674
    vertex -37.82023088554441 10.835510571185418 36.492385344642535
  endloop
endfacet
facet normal 0.9238854108247528 -9.767149275106613e-07 0.3826692405514502
  outer loop
    vertex -38.05998114008726 10.835545161332583 37.07121880961674
    vertex -37.820219472378234 12.335508624202363 36.492361618180446
    vertex -38.05996972692108 12.33554321434953 37.07119508315465
  endloop
endfacet
facet normal 0.382703301276294 1.1701575894103698e-05 0.9238713022143829
  outer loop
    vertex -36.36296820794379 10.835443747460442 35.37414331356018
    vertex -36.941781421234744 12.335456128548072 35.613891181590255
    vertex -36.94179283440092 10.83545807553115 35.61391490805235
  endloop
endfacet
facet normal 0.382703301276294 1.1701575894103698e-05 0.9238713022143829
  outer loop
    vertex -36.941781421234744 12.335456128548072 35.613891181590255
    vertex -36.36296820794379 10.835443747460442 35.37414331356018
    vertex -36.36295679477761 12.335441800477364 35.37411958709808
  endloop
endfacet
facet normal 0.608761429008706 1.951479920360442e-05 0.7933533400512351
  outer loop
    vertex -22.590267820938834 12.335440653311005 36.84346040220473
    vertex -22.341739685102745 14.83543596206773 36.652696561698136
    vertex -22.59026782245142 14.835440652699633 36.843398908700216
  endloop
endfacet
facet normal 0.608761429008706 1.951479920360442e-05 0.7933533400512351
  outer loop
    vertex -22.341739685102745 14.83543596206773 36.652696561698136
    vertex -22.590267820938834 12.335440653311005 36.84346040220473
    vertex -22.34173968359016 12.33543596267915 36.652758055202646
  endloop
endfacet
facet normal 1.0806412606801037e-12 -0.13052619222004572 -0.9914448613738112
  outer loop
    vertex -31.74163090756245 -6.905686745675789 79.40921274619261
    vertex -40.54163090756244 -7.164505790779722 79.44328691989413
    vertex -40.54163090756244 -6.905686745677188 79.4092127461832
  endloop
endfacet
facet normal 1.0806412606801037e-12 -0.13052619222004572 -0.9914448613738112
  outer loop
    vertex -40.54163090756244 -7.164505790779722 79.44328691989413
    vertex -31.74163090756245 -6.905686745675789 79.40921274619261
    vertex -31.74163090756245 -7.164505790778278 79.44328691990354
  endloop
endfacet
facet normal -6.23667454577163e-07 1.3738722519795893e-05 0.9999999999054294
  outer loop
    vertex -16.741636253216477 10.835419834564664 33.7920069120517
    vertex -21.7417388222633 12.33541788758161 33.7919831855896
    vertex -21.741750235429475 10.835419834564686 33.7920069120517
  endloop
endfacet
facet normal -6.23667454577163e-07 1.3738722519795893e-05 0.9999999999054294
  outer loop
    vertex -21.7417388222633 12.33541788758161 33.7919831855896
    vertex -16.741636253216477 10.835419834564664 33.7920069120517
    vertex -16.74163574737867 12.33541828984694 33.791989422400796
  endloop
endfacet
facet normal 0.13052619219292383 -2.039150841631734e-05 -0.9914448611676812
  outer loop
    vertex -21.74175056700085 -24.164718208451873 38.792887932439506
    vertex -22.02645128590407 -29.164724383731013 38.755509209187686
    vertex -22.026451516613616 -24.164718208451873 38.75540634135748
  endloop
endfacet
facet normal 0.13052619219292383 -2.039150841631734e-05 -0.9914448611676812
  outer loop
    vertex -22.02645128590407 -29.164724383731013 38.755509209187686
    vertex -21.74175056700085 -24.164718208451873 38.792887932439506
    vertex -21.741750336291304 -29.164724383731013 38.79299080026971
  endloop
endfacet
facet normal 0.9238795324829631 -7.830523632307517e-06 -0.38268343235335456
  outer loop
    vertex -22.804268745209278 -29.164724383730785 37.97769174988249
    vertex -22.69437851116373 -24.16471820845174 38.2428879324395
    vertex -22.694378280454185 -29.164724383730878 38.242990800269716
  endloop
endfacet
facet normal 0.9238795324829631 -7.830523632307517e-06 -0.38268343235335456
  outer loop
    vertex -22.69437851116373 -24.16471820845174 38.2428879324395
    vertex -22.804268745209278 -29.164724383730785 37.97769174988249
    vertex -22.804268975918824 -24.16471820845165 37.977588882052274
  endloop
endfacet
facet normal 0.9238795325112964 -9.412459174659706e-06 -0.38268343224931256
  outer loop
    vertex -22.90085067648051 14.835469163630464 38.00250989954579
    vertex -22.780970167998653 12.335476283224256 38.29198853875217
    vertex -22.900850674967938 12.335469164241859 38.00257139305031
  endloop
endfacet
facet normal 0.9238795325112964 -9.412459174659706e-06 -0.38268343224931256
  outer loop
    vertex -22.780970167998653 12.335476283224256 38.29198853875217
    vertex -22.90085067648051 14.835469163630464 38.00250989954579
    vertex -22.780970169511228 14.835476282612838 38.29192704524767
  endloop
endfacet
facet normal -0.9238795324823429 -7.915782657854815e-06 -0.3826834323530977
  outer loop
    vertex -20.78912262283796 -24.16471820845174 38.2428879324395
    vertex -20.679231927373323 -29.164724383730785 37.97769174988249
    vertex -20.789122392128416 -29.164724383730878 38.242990800269716
  endloop
endfacet
facet normal -0.9238795324823429 -7.915782657854815e-06 -0.3826834323530977
  outer loop
    vertex -20.679231927373323 -29.164724383730785 37.97769174988249
    vertex -20.78912262283796 -24.16471820845174 38.2428879324395
    vertex -20.67923215808287 -24.16471820845165 37.977588882052274
  endloop
endfacet
facet normal -0.3826834322958506 -1.9025130820990578e-05 -0.9238795323440775
  outer loop
    vertex -21.191750567000863 -24.164718208451806 38.64551587660238
    vertex -21.45704938667853 -29.164724383731013 38.755509209187686
    vertex -21.457049617388076 -24.164718208451873 38.75540634135748
  endloop
endfacet
facet normal -0.3826834322958506 -1.9025130820990578e-05 -0.9238795323440775
  outer loop
    vertex -21.45704938667853 -29.164724383731013 38.755509209187686
    vertex -21.191750567000863 -24.164718208451806 38.64551587660238
    vertex -21.191750336291317 -29.164724383730945 38.645618744432596
  endloop
endfacet
facet normal 0.13052619222004025 2.4387046592567815e-05 0.991444861073882
  outer loop
    vertex -22.052322537800734 12.335433014105254 36.532877548269624
    vertex -21.74173968528425 14.835432007918378 36.49192704633673
    vertex -22.05232253931332 14.835433013493835 36.53281605476511
  endloop
endfacet
facet normal 0.13052619222004025 2.4387046592567815e-05 0.991444861073882
  outer loop
    vertex -21.74173968528425 14.835432007918378 36.49192704633673
    vertex -22.052322537800734 12.335433014105254 36.532877548269624
    vertex -21.741739683771677 12.335432008529796 36.491988539841245
  endloop
endfacet
facet normal 0.6087573662921476 -1.718094956634533e-05 -0.7933564575207432
  outer loop
    vertex -37.43878469146703 12.335681747119727 39.38939422774926
    vertex -36.94174174858488 10.83570648629411 39.770817131632825
    vertex -37.438796104633205 10.835683694102803 39.38941795421135
  endloop
endfacet
facet normal 0.6087573662921476 -1.718094956634533e-05 -0.7933564575207432
  outer loop
    vertex -36.94174174858488 10.83570648629411 39.770817131632825
    vertex -37.43878469146703 12.335681747119727 39.38939422774926
    vertex -36.941730335418704 12.335704539311035 39.77079340517073
  endloop
endfacet
facet normal 0.10650894537595956 -1.6538090930219527e-05 -0.9943117440126072
  outer loop
    vertex -35.74173886237998 12.33572375447358 40.092327516394796
    vertex -21.741750235429475 10.835503216558477 41.59200691140825
    vertex -35.74175027554617 10.835725701456635 40.092351242856886
  endloop
endfacet
facet normal 0.10650894537595956 -1.6538090930219527e-05 -0.9943117440126072
  outer loop
    vertex -21.741750235429475 10.835503216558477 41.59200691140825
    vertex -35.74173886237998 12.33572375447358 40.092327516394796
    vertex -21.7417388222633 12.335501269575401 41.59198318494616
  endloop
endfacet
facet normal -0.6087614290087223 1.95140625581775e-05 0.7933533400512408
  outer loop
    vertex -21.141739683953183 12.335435963405168 36.652758055202646
    vertex -20.893211548117105 14.835440653726394 36.84339890870022
    vertex -21.14173968546578 14.835435962793794 36.652696561698136
  endloop
endfacet
facet normal -0.6087614290087223 1.95140625581775e-05 0.7933533400512408
  outer loop
    vertex -20.893211548117105 14.835440653726394 36.84339890870022
    vertex -21.141739683953183 12.335435963405168 36.652758055202646
    vertex -20.89321154660451 12.33544065433779 36.843460402204734
  endloop
endfacet
facet normal -0.7933533402912339 -1.4974429476723071e-05 -0.6087614288245502
  outer loop
    vertex -20.893211546604544 12.335482397512852 38.54051667602567
    vertex -20.702509201057353 14.835476283870362 38.291927045247675
    vertex -20.702509199544757 12.335476284481759 38.291988538752186
  endloop
endfacet
facet normal -0.7933533402912339 -1.4974429476723071e-05 -0.6087614288245502
  outer loop
    vertex -20.702509201057353 14.835476283870362 38.291927045247675
    vertex -20.893211546604544 12.335482397512852 38.54051667602567
    vertex -20.89321154811712 14.835482396901433 38.54045518252116
  endloop
endfacet
facet normal 0.1305495452156832 1.4688967274238037e-05 0.9914417865049933
  outer loop
    vertex -35.74180926464448 10.835438860058114 35.29235130258548
    vertex -36.36295679477761 12.335441800477364 35.37411958709808
    vertex -36.36296820794379 10.835443747460442 35.37414331356018
  endloop
endfacet
facet normal 0.1305495452156832 1.4688967274238037e-05 0.9914417865049933
  outer loop
    vertex -36.36295679477761 12.335441800477364 35.37411958709808
    vertex -35.74180926464448 10.835438860058114 35.29235130258548
    vertex -35.7417978514783 12.33543691307506 35.292327576123384
  endloop
endfacet
facet normal -0.9238795324829631 7.830523632307517e-06 0.38268343235335456
  outer loop
    vertex -20.67923215808287 -24.164718208451514 37.408186982826734
    vertex -20.789122392128416 -29.16472438373056 37.142990800269715
    vertex -20.679231927373323 -29.16472438373065 37.40828985065695
  endloop
endfacet
facet normal -0.9238795324829631 7.830523632307517e-06 0.38268343235335456
  outer loop
    vertex -20.789122392128416 -29.16472438373056 37.142990800269715
    vertex -20.67923215808287 -24.164718208451514 37.408186982826734
    vertex -20.78912262283796 -24.164718208451422 37.14288793243951
  endloop
endfacet
facet normal 0.9999999979871703 -2.377754096064296e-09 6.344808622106373e-05
  outer loop
    vertex -38.7418766441559 10.83534127036377 32.69242507057838
    vertex -38.742130574347435 -24.164684523104444 36.693285987617955
    vertex -38.741876763671684 -24.16484464093842 32.69328597226858
  endloop
endfacet
facet normal 0.9999999979871703 -2.377754096064296e-09 6.344808622106373e-05
  outer loop
    vertex -38.742130574347435 -24.164684523104444 36.693285987617955
    vertex -38.7418766441559 10.83534127036377 32.69242507057838
    vertex -38.74213045005157 10.835501353221362 36.69292749902143
  endloop
endfacet
facet normal -0.6087614290086808 -1.9514799202120407e-05 -0.7933533400512546
  outer loop
    vertex -20.89321154811712 14.835482396901433 38.54045518252116
    vertex -21.14173968395323 12.335487088144754 38.731219023027755
    vertex -21.14173968546581 14.835487087533336 38.73115752952325
  endloop
endfacet
facet normal -0.6087614290086808 -1.9514799202120407e-05 -0.7933533400512546
  outer loop
    vertex -21.14173968395323 12.335487088144754 38.731219023027755
    vertex -20.89321154811712 14.835482396901433 38.54045518252116
    vertex -20.893211546604544 12.335482397512852 38.54051667602567
  endloop
endfacet
facet normal 0.13052619222007045 -2.4386888647444306e-05 -0.991444861073882
  outer loop
    vertex -21.741739685284298 14.835491041682689 38.891927044884646
    vertex -22.05232253780077 12.335490036342783 38.85109952996078
    vertex -22.052322539313366 14.835490035731409 38.851038036456266
  endloop
endfacet
facet normal 0.13052619222007045 -2.4386888647444306e-05 -0.991444861073882
  outer loop
    vertex -22.05232253780077 12.335490036342783 38.85109952996078
    vertex -21.741739685284298 14.835491041682689 38.891927044884646
    vertex -21.741739683771723 12.335491042294063 38.89198853838916
  endloop
endfacet
facet normal -0.6068311647020493 0.07986914553820457 -0.7908077245053639
  outer loop
    vertex -45.632417062784405 11.975893833239017 33.71764430384051
    vertex -44.99187545725681 11.335349730636198 33.16142778616285
    vertex -45.71674632376136 11.335350146817701 33.71766193991419
  endloop
endfacet
facet normal -0.6068311647020493 0.07986914553820457 -0.7908077245053639
  outer loop
    vertex -44.99187545725681 11.335349730636198 33.16142778616285
    vertex -45.632417062784405 11.975893833239017 33.71764430384051
    vertex -44.93224566496757 11.788282514950941 33.16141531557704
  endloop
endfacet
facet normal -0.6087614289273191 -1.6350176560436133e-05 -0.7933533401852167
  outer loop
    vertex -20.963933107695645 -24.164718208451763 38.47070539174471
    vertex -21.191750336291317 -29.164724383730945 38.645618744432596
    vertex -21.191750567000863 -24.164718208451806 38.64551587660238
  endloop
endfacet
facet normal -0.6087614289273191 -1.6350176560436133e-05 -0.7933533401852167
  outer loop
    vertex -21.191750336291317 -29.164724383730945 38.645618744432596
    vertex -20.963933107695645 -24.164718208451763 38.47070539174471
    vertex -20.9639328769861 -29.1647243837309 38.470808259574916
  endloop
endfacet
facet normal -0.35400767334527256 0.8546142632199822 -0.37988554633420024
  outer loop
    vertex -44.757413356486566 13.960352796541375 34.442452464045786
    vertex -44.11686454268479 14.600902708892859 35.286559062089395
    vertex -44.02637243679866 14.263161830044439 34.442428309322175
  endloop
endfacet
facet normal -0.35400767334527256 0.8546142632199822 -0.37988554633420024
  outer loop
    vertex -44.11686454268479 14.600902708892859 35.286559062089395
    vertex -44.757413356486566 13.960352796541375 34.442452464045786
    vertex -44.93223474004269 14.263163117633713 35.286586003209244
  endloop
endfacet
facet normal -0.6314208600239372 0.48448031980827366 -0.6054638859957748
  outer loop
    vertex -45.866868883789635 12.850895333227358 34.442505057872
    vertex -44.99187262836703 13.085349712754685 33.71760244106173
    vertex -45.38517614431675 12.57278609564189 33.71762400988996
  endloop
endfacet
facet normal -0.6314208600239372 0.48448031980827366 -0.6054638859957748
  outer loop
    vertex -44.99187262836703 13.085349712754685 33.71760244106173
    vertex -45.866868883789635 12.850895333227358 34.442505057872
    vertex -45.38517241972994 13.478654994548155 34.44247864154687
  endloop
endfacet
facet normal -0.6036454410792396 0.7866768478864837 -0.12942842988940578
  outer loop
    vertex -45.6324089950057 13.725899031177686 35.28661520044049
    vertex -44.99185986186743 14.366449261434727 36.19245537902884
    vertex -44.93223474004269 14.263163117633713 35.286586003209244
  endloop
endfacet
facet normal -0.6036454410792396 0.7866768478864837 -0.12942842988940578
  outer loop
    vertex -44.99185986186743 14.366449261434727 36.19245537902884
    vertex -45.6324089950057 13.725899031177686 35.28661520044049
    vertex -45.716733590167024 13.810232550137055 36.19248560625559
  endloop
endfacet
facet normal -0.9161105514956922 0.3794610885353344 -0.1294246488341297
  outer loop
    vertex -46.622600216622665 12.241224998471505 36.19254480925541
    vertex -46.169671589190735 13.025724109146028 35.28664466404006
    vertex -46.50740896467256 12.210354115381353 35.28667238611236
  endloop
endfacet
facet normal -0.9161105514956922 0.3794610885353344 -0.1294246488341297
  outer loop
    vertex -46.169671589190735 13.025724109146028 35.28664466404006
    vertex -46.622600216622665 12.241224998471505 36.19254480925541
    vertex -46.27294875655212 13.085358131237195 36.192516109240444
  endloop
endfacet
facet normal 0.3826834323650675 2.2725267614619643e-05 0.923879532231802
  outer loop
    vertex -22.34173968359016 12.33543596267915 36.652758055202646
    vertex -22.05232253931332 14.835433013493835 36.53281605476511
    vertex -22.341739685102745 14.83543596206773 36.652696561698136
  endloop
endfacet
facet normal 0.3826834323650675 2.2725267614619643e-05 0.923879532231802
  outer loop
    vertex -22.05232253931332 14.835433013493835 36.53281605476511
    vertex -22.34173968359016 12.33543596267915 36.652758055202646
    vertex -22.052322537800734 12.335433014105254 36.532877548269624
  endloop
endfacet
facet normal -0.23424378178558927 0.5654477531014424 -0.7908215280373415
  outer loop
    vertex -43.882417088138986 13.725896861651814 33.717561345003155
    vertex -44.116875487589944 12.850894646432552 33.16137060056534
    vertex -44.479309499582435 13.47865432112254 33.71758106723583
  endloop
endfacet
facet normal -0.23424378178558927 0.5654477531014424 -0.7908215280373415
  outer loop
    vertex -44.116875487589944 12.850894646432552 33.16137060056534
    vertex -43.882417088138986 13.725896861651814 33.717561345003155
    vertex -43.69480881581949 13.025721523438605 33.16135665485139
  endloop
endfacet
facet normal -0.3822192858629999 0.05029476951217303 -0.9227019311099852
  outer loop
    vertex -44.93224566496757 11.788282514950941 33.16141531557704
    vertex -44.1477439127037 11.335350781046888 32.81175548958965
    vertex -44.99187545725681 11.335349730636198 33.16142778616285
  endloop
endfacet
facet normal -0.3822192858629999 0.05029476951217303 -0.9227019311099852
  outer loop
    vertex -44.1477439127037 11.335350781046888 32.81175548958965
    vertex -44.93224566496757 11.788282514950941 33.16141531557704
    vertex -44.116877260903756 11.569806042510836 32.81174903434014
  endloop
endfacet
facet normal 0.13052517674682967 -1.6675480059212792e-05 -0.9914449949226318
  outer loop
    vertex -36.36289981584043 12.335718867231993 40.01055077278081
    vertex -35.74175027554617 10.835725701456635 40.092351242856886
    vertex -36.36291122900659 10.835720814215046 40.0105744992429
  endloop
endfacet
facet normal 0.13052517674682967 -1.6675480059212792e-05 -0.9914449949226318
  outer loop
    vertex -35.74175027554617 10.835725701456635 40.092351242856886
    vertex -36.36289981584043 12.335718867231993 40.01055077278081
    vertex -35.74173886237998 12.33572375447358 40.092327516394796
  endloop
endfacet
facet normal -0.7071060473579154 0.7071075150111925 2.1358551679346524e-06
  outer loop
    vertex -46.74172740601961 -22.264608539139612 50.34323976036274
    vertex -45.54174188504748 -21.06461020507472 45.14333144612088
    vertex -46.741748080096855 -22.26460853912946 43.943332936173576
  endloop
endfacet
facet normal -0.7071060473579154 0.7071075150111925 2.1358551679346524e-06
  outer loop
    vertex -45.54174188504748 -21.06461020507472 45.14333144612088
    vertex -46.74172740601961 -22.264608539139612 50.34323976036274
    vertex -45.541731951585845 -21.06461020507551 49.143238270311706
  endloop
endfacet
facet normal 0.10655686110228098 1.4916837318136773e-05 0.9943066102211717
  outer loop
    vertex -21.741750235429475 10.835419834564686 33.7920069120517
    vertex -35.7417978514783 12.33543691307506 35.292327576123384
    vertex -35.74180926464448 10.835438860058114 35.29235130258548
  endloop
endfacet
facet normal 0.10655686110228098 1.4916837318136773e-05 0.9943066102211717
  outer loop
    vertex -35.7417978514783 12.33543691307506 35.292327576123384
    vertex -21.741750235429475 10.835419834564686 33.7920069120517
    vertex -21.7417388222633 12.33541788758161 33.7919831855896
  endloop
endfacet
facet normal 0.13052619219288936 2.040355385683163e-05 0.9914448611674378
  outer loop
    vertex -22.02645128590407 -29.164724383730427 36.630472391351745
    vertex -21.74175056700085 -24.164718208451244 36.59288793243951
    vertex -22.026451516613616 -24.164718208451266 36.63036952352154
  endloop
endfacet
facet normal 0.13052619219288936 2.040355385683163e-05 0.9914448611674378
  outer loop
    vertex -21.74175056700085 -24.164718208451244 36.59288793243951
    vertex -22.02645128590407 -29.164724383730427 36.630472391351745
    vertex -21.741750336291304 -29.16472438373038 36.59299080026972
  endloop
endfacet
facet normal -7.173277849491923e-06 -0.9999999995069049 3.057342289762309e-05
  outer loop
    vertex -16.74163574737867 12.33541828984694 33.791989422400796
    vertex -35.7417978514783 12.33543691307506 35.292327576123384
    vertex -21.7417388222633 12.33541788758161 33.7919831855896
  endloop
endfacet
facet normal -7.173277849491923e-06 -0.9999999995069049 3.057342289762309e-05
  outer loop
    vertex -35.7417978514783 12.33543691307506 35.292327576123384
    vertex -16.74163574737867 12.33541828984694 33.791989422400796
    vertex -21.741739683771677 12.335432008529796 36.491988539841245
  endloop
endfacet
facet normal -7.173277849491923e-06 -0.9999999995069049 3.057342289762309e-05
  outer loop
    vertex -21.741739683771677 12.335432008529796 36.491988539841245
    vertex -16.74163574737867 12.33541828984694 33.791989422400796
    vertex -21.43115682974262 12.335433014481076 36.532877548269624
  endloop
endfacet
facet normal -7.173277849491923e-06 -0.9999999995069049 3.057342289762309e-05
  outer loop
    vertex -21.43115682974262 12.335433014481076 36.532877548269624
    vertex -16.74163574737867 12.33541828984694 33.791989422400796
    vertex -21.141739683953183 12.335435963405168 36.652758055202646
  endloop
endfacet
facet normal -7.173277849491923e-06 -0.9999999995069049 3.057342289762309e-05
  outer loop
    vertex -21.141739683953183 12.335435963405168 36.652758055202646
    vertex -16.74163574737867 12.33541828984694 33.791989422400796
    vertex -20.89321154660451 12.33544065433779 36.843460402204734
  endloop
endfacet
facet normal -7.173277849491923e-06 -0.9999999995069049 3.057342289762309e-05
  outer loop
    vertex -20.89321154660451 12.33544065433779 36.843460402204734
    vertex -16.74163574737867 12.33541828984694 33.791989422400796
    vertex -16.74163574737867 12.335535711121207 41.59198942126565
  endloop
endfacet
facet normal -7.173277849491923e-06 -0.9999999995069049 3.057342289762309e-05
  outer loop
    vertex -35.7417978514783 12.33543691307506 35.292327576123384
    vertex -21.741739683771677 12.335432008529796 36.491988539841245
    vertex -36.36295679477761 12.335441800477364 35.37411958709808
  endloop
endfacet
facet normal -7.173277849491923e-06 -0.9999999995069049 3.057342289762309e-05
  outer loop
    vertex -36.36295679477761 12.335441800477364 35.37411958709808
    vertex -21.741739683771677 12.335432008529796 36.491988539841245
    vertex -36.941781421234744 12.335456128548072 35.613891181590255
  endloop
endfacet
facet normal -7.173277849491923e-06 -0.9999999995069049 3.057342289762309e-05
  outer loop
    vertex -36.941781421234744 12.335456128548072 35.613891181590255
    vertex -21.741739683771677 12.335432008529796 36.491988539841245
    vertex -37.43882640280217 12.335478920867994 35.995302575891785
  endloop
endfacet
facet normal -7.173277849491923e-06 -0.9999999995069049 3.057342289762309e-05
  outer loop
    vertex -20.89321154660451 12.33544065433779 36.843460402204734
    vertex -16.74163574737867 12.335535711121207 41.59198942126565
    vertex -20.702509199544746 12.335446767599624 37.09198853947823
  endloop
endfacet
facet normal -7.173277849491923e-06 -0.9999999995069049 3.057342289762309e-05
  outer loop
    vertex -20.702509199544746 12.335446767599624 37.09198853947823
    vertex -16.74163574737867 12.335535711121207 41.59198942126565
    vertex -20.582628692575465 12.335453886581977 37.38140568518009
  endloop
endfacet
facet normal -7.173277849491923e-06 -0.9999999995069049 3.057342289762309e-05
  outer loop
    vertex -20.582628692575465 12.335453886581977 37.38140568518009
    vertex -16.74163574737867 12.335535711121207 41.59198942126565
    vertex -20.541739684134733 12.335461526137992 37.69198853911521
  endloop
endfacet
facet normal -7.173277849491923e-06 -0.9999999995069049 3.057342289762309e-05
  outer loop
    vertex -20.541739684134733 12.335461526137992 37.69198853911521
    vertex -16.74163574737867 12.335535711121207 41.59198942126565
    vertex -20.582628692575476 12.335469165644511 38.00257139305032
  endloop
endfacet
facet normal -7.173277849491923e-06 -0.9999999995069049 3.057342289762309e-05
  outer loop
    vertex -20.582628692575476 12.335469165644511 38.00257139305032
    vertex -16.74163574737867 12.335535711121207 41.59198942126565
    vertex -20.702509199544757 12.335476284481759 38.291988538752186
  endloop
endfacet
facet normal -7.173277849491923e-06 -0.9999999995069049 3.057342289762309e-05
  outer loop
    vertex -20.702509199544757 12.335476284481759 38.291988538752186
    vertex -16.74163574737867 12.335535711121207 41.59198942126565
    vertex -20.893211546604544 12.335482397512852 38.54051667602567
  endloop
endfacet
facet normal -7.173277849491923e-06 -0.9999999995069049 3.057342289762309e-05
  outer loop
    vertex -20.893211546604544 12.335482397512852 38.54051667602567
    vertex -16.74163574737867 12.335535711121207 41.59198942126565
    vertex -21.14173968395323 12.335487088144754 38.731219023027755
  endloop
endfacet
facet normal -7.173277849491923e-06 -0.9999999995069049 3.057342289762309e-05
  outer loop
    vertex -21.14173968395323 12.335487088144754 38.731219023027755
    vertex -16.74163574737867 12.335535711121207 41.59198942126565
    vertex -21.431156829742644 12.335490036718605 38.85109952996078
  endloop
endfacet
facet normal -7.173277849491923e-06 -0.9999999995069049 3.057342289762309e-05
  outer loop
    vertex -21.431156829742644 12.335490036718605 38.85109952996078
    vertex -16.74163574737867 12.335535711121207 41.59198942126565
    vertex -21.741739683771723 12.335491042294063 38.89198853838916
  endloop
endfacet
facet normal -7.173277849491923e-06 -0.9999999995069049 3.057342289762309e-05
  outer loop
    vertex -21.741739683771723 12.335491042294063 38.89198853838916
    vertex -16.74163574737867 12.335535711121207 41.59198942126565
    vertex -37.82018997803835 12.335652043884057 38.89234455979137
  endloop
endfacet
facet normal -7.173277849491923e-06 -0.9999999995069049 3.057342289762309e-05
  outer loop
    vertex -37.82018997803835 12.335652043884057 38.89234455979137
    vertex -16.74163574737867 12.335535711121207 41.59198942126565
    vertex -37.43878469146703 12.335681747119727 39.38939422774926
  endloop
endfacet
facet normal -7.173277849491923e-06 -0.9999999995069049 3.057342289762309e-05
  outer loop
    vertex -37.43878469146703 12.335681747119727 39.38939422774926
    vertex -16.74163574737867 12.335535711121207 41.59198942126565
    vertex -36.941730335418704 12.335704539311035 39.77079340517073
  endloop
endfacet
facet normal -7.173277849491923e-06 -0.9999999995069049 3.057342289762309e-05
  outer loop
    vertex -36.941730335418704 12.335704539311035 39.77079340517073
    vertex -16.74163574737867 12.335535711121207 41.59198942126565
    vertex -36.36289981584043 12.335718867231993 40.01055077278081
  endloop
endfacet
facet normal -7.173277849491923e-06 -0.9999999995069049 3.057342289762309e-05
  outer loop
    vertex -36.36289981584043 12.335718867231993 40.01055077278081
    vertex -16.74163574737867 12.335535711121207 41.59198942126565
    vertex -35.74173886237998 12.33572375447358 40.092327516394796
  endloop
endfacet
facet normal -7.173277849491923e-06 -0.9999999995069049 3.057342289762309e-05
  outer loop
    vertex -35.74173886237998 12.33572375447358 40.092327516394796
    vertex -16.74163574737867 12.335535711121207 41.59198942126565
    vertex -21.7417388222633 12.335501269575401 41.59198318494616
  endloop
endfacet
facet normal -7.173277849491923e-06 -0.9999999995069049 3.057342289762309e-05
  outer loop
    vertex -21.741739683771677 12.335432008529796 36.491988539841245
    vertex -37.820219472378234 12.335508624202363 36.492361618180446
    vertex -37.43882640280217 12.335478920867994 35.995302575891785
  endloop
endfacet
facet normal -7.173277849491923e-06 -0.9999999995069049 3.057342289762309e-05
  outer loop
    vertex -37.820219472378234 12.335508624202363 36.492361618180446
    vertex -21.741739683771677 12.335432008529796 36.491988539841245
    vertex -22.052322537800734 12.335433014105254 36.532877548269624
  endloop
endfacet
facet normal -7.173277849491923e-06 -0.9999999995069049 3.057342289762309e-05
  outer loop
    vertex -37.820219472378234 12.335508624202363 36.492361618180446
    vertex -22.052322537800734 12.335433014105254 36.532877548269624
    vertex -38.05996972692108 12.33554321434953 37.07119508315465
  endloop
endfacet
facet normal -7.173277849491923e-06 -0.9999999995069049 3.057342289762309e-05
  outer loop
    vertex -38.05996972692108 12.33554321434953 37.07119508315465
    vertex -22.052322537800734 12.335433014105254 36.532877548269624
    vertex -22.34173968359016 12.33543596267915 36.652758055202646
  endloop
endfacet
facet normal -7.173277849491923e-06 -0.9999999995069049 3.057342289762309e-05
  outer loop
    vertex -38.05996972692108 12.33554321434953 37.07119508315465
    vertex -22.34173968359016 12.33543596267915 36.652758055202646
    vertex -22.590267820938834 12.335440653311005 36.84346040220473
  endloop
endfacet
facet normal -7.173277849491923e-06 -0.9999999995069049 3.057342289762309e-05
  outer loop
    vertex -38.05996972692108 12.33554321434953 37.07119508315465
    vertex -22.590267820938834 12.335440653311005 36.84346040220473
    vertex -22.780970167998632 12.335446766342077 37.091988539478216
  endloop
endfacet
facet normal -7.173277849491923e-06 -0.9999999995069049 3.057342289762309e-05
  outer loop
    vertex -38.05996972692108 12.33554321434953 37.07119508315465
    vertex -22.780970167998632 12.335446766342077 37.091988539478216
    vertex -38.14173883698224 12.335580334084776 37.69235704044582
  endloop
endfacet
facet normal -7.173277849491923e-06 -0.9999999995069049 3.057342289762309e-05
  outer loop
    vertex -38.14173883698224 12.335580334084776 37.69235704044582
    vertex -22.780970167998632 12.335446766342077 37.091988539478216
    vertex -22.900850674967913 12.335453885179371 37.381405685180084
  endloop
endfacet
facet normal -7.173277849491923e-06 -0.9999999995069049 3.057342289762309e-05
  outer loop
    vertex -38.14173883698224 12.335580334084776 37.69235704044582
    vertex -22.900850674967913 12.335453885179371 37.381405685180084
    vertex -22.941739683408667 12.335461524685867 37.691988539115194
  endloop
endfacet
facet normal -7.173277849491923e-06 -0.9999999995069049 3.057342289762309e-05
  outer loop
    vertex -38.14173883698224 12.335580334084776 37.69235704044582
    vertex -22.941739683408667 12.335461524685867 37.691988539115194
    vertex -22.900850674967938 12.335469164241859 38.00257139305031
  endloop
endfacet
facet normal -7.173277849491923e-06 -0.9999999995069049 3.057342289762309e-05
  outer loop
    vertex -38.14173883698224 12.335580334084776 37.69235704044582
    vertex -22.900850674967938 12.335469164241859 38.00257139305031
    vertex -38.05995445953568 12.335617453798886 38.31351698776348
  endloop
endfacet
facet normal -7.173277849491923e-06 -0.9999999995069049 3.057342289762309e-05
  outer loop
    vertex -38.05995445953568 12.335617453798886 38.31351698776348
    vertex -22.900850674967938 12.335469164241859 38.00257139305031
    vertex -22.780970167998653 12.335476283224256 38.29198853875217
  endloop
endfacet
facet normal -7.173277849491923e-06 -0.9999999995069049 3.057342289762309e-05
  outer loop
    vertex -38.05995445953568 12.335617453798886 38.31351698776348
    vertex -22.780970167998653 12.335476283224256 38.29198853875217
    vertex -22.590267820938866 12.335482396486046 38.54051667602567
  endloop
endfacet
facet normal -7.173277849491923e-06 -0.9999999995069049 3.057342289762309e-05
  outer loop
    vertex -38.05995445953568 12.335617453798886 38.31351698776348
    vertex -22.590267820938866 12.335482396486046 38.54051667602567
    vertex -37.82018997803835 12.335652043884057 38.89234455979137
  endloop
endfacet
facet normal -7.173277849491923e-06 -0.9999999995069049 3.057342289762309e-05
  outer loop
    vertex -37.82018997803835 12.335652043884057 38.89234455979137
    vertex -22.590267820938866 12.335482396486046 38.54051667602567
    vertex -22.341739683590205 12.335487087418691 38.73121902302775
  endloop
endfacet
facet normal -7.173277849491923e-06 -0.9999999995069049 3.057342289762309e-05
  outer loop
    vertex -37.82018997803835 12.335652043884057 38.89234455979137
    vertex -22.341739683590205 12.335487087418691 38.73121902302775
    vertex -22.05232253780077 12.335490036342783 38.85109952996078
  endloop
endfacet
facet normal -7.173277849491923e-06 -0.9999999995069049 3.057342289762309e-05
  outer loop
    vertex -37.82018997803835 12.335652043884057 38.89234455979137
    vertex -22.05232253780077 12.335490036342783 38.85109952996078
    vertex -21.741739683771723 12.335491042294063 38.89198853838916
  endloop
endfacet
facet normal 0.7933533402293689 -1.248777120200189e-05 -0.6087614289612631
  outer loop
    vertex -22.694378280454185 -29.164724383730878 38.242990800269716
    vertex -22.519568026306047 -24.164718208451763 38.47070539174471
    vertex -22.5195677955965 -29.1647243837309 38.470808259574916
  endloop
endfacet
facet normal 0.7933533402293689 -1.248777120200189e-05 -0.6087614289612631
  outer loop
    vertex -22.519568026306047 -24.164718208451763 38.47070539174471
    vertex -22.694378280454185 -29.164724383730878 38.242990800269716
    vertex -22.69437851116373 -24.16471820845174 38.2428879324395
  endloop
endfacet
facet normal -0.12943461763341016 0.9831042629624894 -0.12943217491440556
  outer loop
    vertex -44.11686454268479 14.600902708892859 35.286559062089395
    vertex -43.24185985191034 14.835365486667518 36.19240383241824
    vertex -43.24186453441899 14.71610140995202 35.28653621307374
  endloop
endfacet
facet normal -0.12943461763341016 0.9831042629624894 -0.12943217491440556
  outer loop
    vertex -43.24185985191034 14.835365486667518 36.19240383241824
    vertex -44.11686454268479 14.600902708892859 35.286559062089395
    vertex -44.14772651832654 14.716103015446787 36.19242748749577
  endloop
endfacet
facet normal -0.1305261922200739 2.4386888647599445e-05 0.9914448610738815
  outer loop
    vertex -21.741739683771677 12.335432008529796 36.491988539841245
    vertex -21.431156831255205 14.835433013869658 36.53281605476511
    vertex -21.74173968528425 14.835432007918378 36.49192704633673
  endloop
endfacet
facet normal -0.1305261922200739 2.4386888647599445e-05 0.9914448610738815
  outer loop
    vertex -21.431156831255205 14.835433013869658 36.53281605476511
    vertex -21.741739683771677 12.335432008529796 36.491988539841245
    vertex -21.43115682974262 12.335433014481076 36.532877548269624
  endloop
endfacet
facet normal -0.37261476857766634 0.4855567027440861 -0.7908178821056737
  outer loop
    vertex -44.479309499582435 13.47865432112254 33.71758106723583
    vertex -44.47931235173973 12.57278629078375 33.16138571413356
    vertex -44.99187262836703 13.085349712754685 33.71760244106173
  endloop
endfacet
facet normal -0.37261476857766634 0.4855567027440861 -0.7908178821056737
  outer loop
    vertex -44.47931235173973 12.57278629078375 33.16138571413356
    vertex -44.479309499582435 13.47865432112254 33.71758106723583
    vertex -44.116875487589944 12.850894646432552 33.16137060056534
  endloop
endfacet
facet normal -0.12075141531993382 -0.9171223042192637 -0.37987599924420223
  outer loop
    vertex -43.24186339385675 -29.0455728624188 35.28759186571135
    vertex -44.02637127913461 -28.592643701790607 34.44347168279773
    vertex -43.24186774858881 -28.695925595652216 34.44345119412827
  endloop
endfacet
facet normal -0.12075141531993382 -0.9171223042192637 -0.37987599924420223
  outer loop
    vertex -44.02637127913461 -28.592643701790607 34.44347168279773
    vertex -43.24186339385675 -29.0455728624188 35.28759186571135
    vertex -44.11686338537863 -28.93037687829059 35.287614717855995
  endloop
endfacet
facet normal -0.4845118338523367 0.6313934671820948 -0.6054672348334126
  outer loop
    vertex -44.99187262836703 13.085349712754685 33.71760244106173
    vertex -44.757413356486566 13.960352796541375 34.442452464045786
    vertex -44.479309499582435 13.47865432112254 33.71758106723583
  endloop
endfacet
facet normal -0.4845118338523367 0.6313934671820948 -0.6054672348334126
  outer loop
    vertex -44.757413356486566 13.960352796541375 34.442452464045786
    vertex -44.99187262836703 13.085349712754685 33.71760244106173
    vertex -45.38517241972994 13.478654994548155 34.44247864154687
  endloop
endfacet
facet normal -0.7866833741583633 0.6036373536554639 -0.12942648142726149
  outer loop
    vertex -46.27294875655212 13.085358131237195 36.192516109240444
    vertex -45.6324089950057 13.725899031177686 35.28661520044049
    vertex -46.169671589190735 13.025724109146028 35.28664466404006
  endloop
endfacet
facet normal -0.7866833741583633 0.6036373536554639 -0.12942648142726149
  outer loop
    vertex -45.6324089950057 13.725899031177686 35.28661520044049
    vertex -46.27294875655212 13.085358131237195 36.192516109240444
    vertex -45.716733590167024 13.810232550137055 36.19248560625559
  endloop
endfacet
facet normal -0.37947025294780745 0.9161059468410099 -0.12943037236392363
  outer loop
    vertex -44.93223474004269 14.263163117633713 35.286586003209244
    vertex -44.14772651832654 14.716103015446787 36.19242748749577
    vertex -44.11686454268479 14.600902708892859 35.286559062089395
  endloop
endfacet
facet normal -0.37947025294780745 0.9161059468410099 -0.12943037236392363
  outer loop
    vertex -44.14772651832654 14.716103015446787 36.19242748749577
    vertex -44.93223474004269 14.263163117633713 35.286586003209244
    vertex -44.99185986186743 14.366449261434727 36.19245537902884
  endloop
endfacet
facet normal -0.7890705137372953 0.10386653836213648 -0.6054580634189521
  outer loop
    vertex -46.2729577605708 11.335352001229397 34.44255151248593
    vertex -45.632417062784405 11.975893833239017 33.71764430384051
    vertex -45.71674632376136 11.335350146817701 33.71766193991419
  endloop
endfacet
facet normal -0.7890705137372953 0.10386653836213648 -0.6054580634189521
  outer loop
    vertex -45.632417062784405 11.975893833239017 33.71764430384051
    vertex -46.2729577605708 11.335352001229397 34.44255151248593
    vertex -46.16967593068103 12.11985459607617 34.44252991279227
  endloop
endfacet
facet normal -0.3058577342156295 0.2346538391119045 -0.9227072245357819
  outer loop
    vertex -44.47931235173973 12.57278629078375 33.16138571413356
    vertex -44.02638080388961 11.788283773872662 32.811741606243054
    vertex -44.75741993493228 12.210349081333774 33.16140096559134
  endloop
endfacet
facet normal -0.3058577342156295 0.2346538391119045 -0.9227072245357819
  outer loop
    vertex -44.02638080388961 11.788283773872662 32.811741606243054
    vertex -44.47931235173973 12.57278629078375 33.16138571413356
    vertex -43.88242172565426 11.97589507879157 32.81173371151091
  endloop
endfacet
facet normal -0.3045841309539186 0.7352780584791798 -0.6054706300805467
  outer loop
    vertex -44.479309499582435 13.47865432112254 33.71758106723583
    vertex -44.02637243679866 14.263161830044439 34.442428309322175
    vertex -43.882417088138986 13.725896861651814 33.717561345003155
  endloop
endfacet
facet normal -0.3045841309539186 0.7352780584791798 -0.6054706300805467
  outer loop
    vertex -44.02637243679866 14.263161830044439 34.442428309322175
    vertex -44.479309499582435 13.47865432112254 33.71758106723583
    vertex -44.757413356486566 13.960352796541375 34.442452464045786
  endloop
endfacet
facet normal -0.9238795325112945 -9.413577131700186e-06 -0.3826834322492894
  outer loop
    vertex -20.702509199544757 12.335476284481759 38.291988538752186
    vertex -20.582628694088072 14.835469165033093 38.00250989954581
    vertex -20.582628692575476 12.335469165644511 38.00257139305032
  endloop
endfacet
facet normal -0.9238795325112945 -9.413577131700186e-06 -0.3826834322492894
  outer loop
    vertex -20.582628694088072 14.835469165033093 38.00250989954581
    vertex -20.702509199544757 12.335476284481759 38.291988538752186
    vertex -20.702509201057353 14.835476283870362 38.291927045247675
  endloop
endfacet
facet normal -0.3826834323650876 -2.2725267613625708e-05 -0.9238795322317936
  outer loop
    vertex -21.14173968546581 14.835487087533336 38.73115752952325
    vertex -21.431156829742644 12.335490036718605 38.85109952996078
    vertex -21.431156831255215 14.835490036107231 38.851038036456266
  endloop
endfacet
facet normal -0.3826834323650876 -2.2725267613625708e-05 -0.9238795322317936
  outer loop
    vertex -21.431156829742644 12.335490036718605 38.85109952996078
    vertex -21.14173968546581 14.835487087533336 38.73115752952325
    vertex -21.14173968395323 12.335487088144754 38.731219023027755
  endloop
endfacet
facet normal 1.0 1.624474520728325e-13 1.0688953528757964e-12
  outer loop
    vertex -40.54163090753669 -28.130524198452513 59.30958113770129
    vertex -40.54163090753725 -28.130524198452513 59.82721922790633
    vertex -40.54163090753696 -28.16459837216345 59.568400182803806
  endloop
endfacet
facet normal 1.0 1.624474520728325e-13 1.0688953528757964e-12
  outer loop
    vertex -40.54163090753725 -28.130524198452513 59.82721922790633
    vertex -40.54163090753669 -28.130524198452513 59.30958113770129
    vertex -40.54163090753646 -28.030623775947863 59.06840018280381
  endloop
endfacet
facet normal 1.0 1.624474520728325e-13 1.0688953528757964e-12
  outer loop
    vertex -40.54163090753725 -28.130524198452513 59.82721922790633
    vertex -40.54163090753646 -28.030623775947863 59.06840018280381
    vertex -40.54163090753752 -28.030623775947863 60.0684001828038
  endloop
endfacet
facet normal 1.0 1.624474520728325e-13 1.0688953528757964e-12
  outer loop
    vertex -40.54163090753752 -28.030623775947863 60.0684001828038
    vertex -40.54163090753646 -28.030623775947863 59.06840018280381
    vertex -40.54163090753625 -27.87170515335 58.86129340161726
  endloop
endfacet
facet normal 1.0 1.624474520728325e-13 1.0688953528757964e-12
  outer loop
    vertex -40.54163090753752 -28.030623775947863 60.0684001828038
    vertex -40.54163090753625 -27.87170515335 58.86129340161726
    vertex -40.54163090753778 -27.87170515335 60.275506963990345
  endloop
endfacet
facet normal 1.0 1.624474520728325e-13 1.0688953528757964e-12
  outer loop
    vertex -40.54163090753778 -27.87170515335 60.275506963990345
    vertex -40.54163090753625 -27.87170515335 58.86129340161726
    vertex -40.54163090753613 -27.66459837216343 58.702374779019365
  endloop
endfacet
facet normal 1.0 1.624474520728325e-13 1.0688953528757964e-12
  outer loop
    vertex -40.54163090753778 -27.87170515335 60.275506963990345
    vertex -40.54163090753613 -27.66459837216343 58.702374779019365
    vertex -40.541630907537964 -27.66459837216343 60.434425586588254
  endloop
endfacet
facet normal 1.0 1.624474520728325e-13 1.0688953528757964e-12
  outer loop
    vertex -40.541630907537964 -27.66459837216343 60.434425586588254
    vertex -40.54163090753613 -27.66459837216343 58.702374779019365
    vertex -40.54163090753605 -27.423417417265963 58.60247435651474
  endloop
endfacet
facet normal 1.0 1.624474520728325e-13 1.0688953528757964e-12
  outer loop
    vertex -40.541630907537964 -27.66459837216343 60.434425586588254
    vertex -40.54163090753605 -27.423417417265963 58.60247435651474
    vertex -40.541630907538114 -27.423417417265963 60.53432600909288
  endloop
endfacet
facet normal 1.0 1.624474520728325e-13 1.0688953528757964e-12
  outer loop
    vertex -40.541630907538114 -27.423417417265963 60.53432600909288
    vertex -40.54163090753605 -27.423417417265963 58.60247435651474
    vertex -40.54163090753605 -27.16459837216343 58.56840018280381
  endloop
endfacet
facet normal 1.0 1.624474520728325e-13 1.0688953528757964e-12
  outer loop
    vertex -40.541630907538114 -27.423417417265963 60.53432600909288
    vertex -40.54163090753605 -27.16459837216343 58.56840018280381
    vertex -40.541630907538206 -27.16459837216343 60.568400182803806
  endloop
endfacet
facet normal 1.0 1.624474520728325e-13 1.0688953528757964e-12
  outer loop
    vertex -40.541630907538206 -27.16459837216343 60.568400182803806
    vertex -40.54163090753605 -27.16459837216343 58.56840018280381
    vertex -40.54163090753614 -26.905779327060916 58.60247435651474
  endloop
endfacet
facet normal 1.0 1.624474520728325e-13 1.0688953528757964e-12
  outer loop
    vertex -40.541630907538206 -27.16459837216343 60.568400182803806
    vertex -40.54163090753614 -26.905779327060916 58.60247435651474
    vertex -40.541630907538206 -26.905779327060916 60.53432600909288
  endloop
endfacet
facet normal 1.0 1.624474520728325e-13 1.0688953528757964e-12
  outer loop
    vertex -40.541630907538206 -26.905779327060916 60.53432600909288
    vertex -40.54163090753614 -26.905779327060916 58.60247435651474
    vertex -40.54163090753629 -26.66459837216343 58.702374779019365
  endloop
endfacet
facet normal 1.0 1.624474520728325e-13 1.0688953528757964e-12
  outer loop
    vertex -40.541630907538206 -26.905779327060916 60.53432600909288
    vertex -40.54163090753629 -26.66459837216343 58.702374779019365
    vertex -40.54163090753813 -26.66459837216343 60.434425586588254
  endloop
endfacet
facet normal 1.0 1.624474520728325e-13 1.0688953528757964e-12
  outer loop
    vertex -40.54163090753813 -26.66459837216343 60.434425586588254
    vertex -40.54163090753629 -26.66459837216343 58.702374779019365
    vertex -40.54163090753648 -26.45749159097688 58.86129340161726
  endloop
endfacet
facet normal 1.0 1.624474520728325e-13 1.0688953528757964e-12
  outer loop
    vertex -40.54163090753813 -26.66459837216343 60.434425586588254
    vertex -40.54163090753648 -26.45749159097688 58.86129340161726
    vertex -40.541630907538 -26.45749159097688 60.275506963990345
  endloop
endfacet
facet normal 1.0 1.624474520728325e-13 1.0688953528757964e-12
  outer loop
    vertex -40.541630907538 -26.45749159097688 60.275506963990345
    vertex -40.54163090753648 -26.45749159097688 58.86129340161726
    vertex -40.541630907536735 -26.298572968378995 59.06840018280381
  endloop
endfacet
facet normal 1.0 1.624474520728325e-13 1.0688953528757964e-12
  outer loop
    vertex -40.541630907538 -26.45749159097688 60.275506963990345
    vertex -40.541630907536735 -26.298572968378995 59.06840018280381
    vertex -40.5416309075378 -26.298572968378995 60.0684001828038
  endloop
endfacet
facet normal 1.0 1.624474520728325e-13 1.0688953528757964e-12
  outer loop
    vertex -40.5416309075378 -26.298572968378995 60.0684001828038
    vertex -40.541630907536735 -26.298572968378995 59.06840018280381
    vertex -40.54163090753701 -26.198672545874366 59.30958113770129
  endloop
endfacet
facet normal 1.0 1.624474520728325e-13 1.0688953528757964e-12
  outer loop
    vertex -40.5416309075378 -26.298572968378995 60.0684001828038
    vertex -40.54163090753701 -26.198672545874366 59.30958113770129
    vertex -40.54163090753756 -26.198672545874366 59.82721922790633
  endloop
endfacet
facet normal 1.0 1.624474520728325e-13 1.0688953528757964e-12
  outer loop
    vertex -40.54163090753756 -26.198672545874366 59.82721922790633
    vertex -40.54163090753701 -26.198672545874366 59.30958113770129
    vertex -40.54163090753729 -26.16459837216343 59.568400182803806
  endloop
endfacet
facet normal -0.10389924750590375 0.7890541050602586 -0.605473835648793
  outer loop
    vertex -43.882417088138986 13.725896861651814 33.717561345003155
    vertex -43.2418688912407 14.366446159839704 34.442407823480536
    vertex -43.24187262546523 13.81022816379305 33.717544618401284
  endloop
endfacet
facet normal -0.10389924750590375 0.7890541050602586 -0.605473835648793
  outer loop
    vertex -43.2418688912407 14.366446159839704 34.442407823480536
    vertex -43.882417088138986 13.725896861651814 33.717561345003155
    vertex -44.02637243679866 14.263161830044439 34.442428309322175
  endloop
endfacet
facet normal 1.8844826317469777e-10 0.999999999982127 -5.978800374591061e-06
  outer loop
    vertex -45.541630907529985 -16.964598944367673 51.043286347686205
    vertex -44.24213050542503 -16.96468473879025 36.69355524607817
    vertex -45.54213050615659 -16.96468473880031 36.693513467134316
  endloop
endfacet
facet normal 1.8844826317469777e-10 0.999999999982127 -5.978800374591061e-06
  outer loop
    vertex -44.24213050542503 -16.96468473879025 36.69355524607817
    vertex -45.541630907529985 -16.964598944367673 51.043286347686205
    vertex -44.24163090680266 -16.964598944368124 51.043328126630065
  endloop
endfacet
facet normal -2.5845411708968006e-13 -0.9238795325112731 0.3826834323651228
  outer loop
    vertex -31.741630907560985 -6.298480386993867 77.94328691990354
    vertex -40.54163090756125 -6.198579964490661 78.18446787479162
    vertex -40.541630907560965 -6.298480386995311 77.94328691989413
  endloop
endfacet
facet normal -2.5845411708968006e-13 -0.9238795325112731 0.3826834323651228
  outer loop
    vertex -40.54163090756125 -6.198579964490661 78.18446787479162
    vertex -31.741630907560985 -6.298480386993867 77.94328691990354
    vertex -31.741630907561255 -6.19857996448924 78.18446787480102
  endloop
endfacet
facet normal -0.7338880708075197 0.5631155925693146 -0.37988041398804245
  outer loop
    vertex -46.169671589190735 13.025724109146028 35.28664466404006
    vertex -45.38517241972994 13.478654994548155 34.44247864154687
    vertex -45.866868883789635 12.850895333227358 34.442505057872
  endloop
endfacet
facet normal -0.7338880708075197 0.5631155925693146 -0.37988041398804245
  outer loop
    vertex -45.38517241972994 13.478654994548155 34.44247864154687
    vertex -46.169671589190735 13.025724109146028 35.28664466404006
    vertex -45.6324089950057 13.725899031177686 35.28661520044049
  endloop
endfacet
facet normal -0.05034028782101959 0.3821802571013732 -0.9227156151838036
  outer loop
    vertex -43.241875482611405 13.08535275904897 33.16134482736905
    vertex -43.47633281356142 12.210351607609613 32.811718669329004
    vertex -43.69480881581949 13.025721523438605 33.16135665485139
  endloop
endfacet
facet normal -0.05034028782101959 0.3821802571013732 -0.9227156151838036
  outer loop
    vertex -43.47633281356142 12.210351607609613 32.811718669329004
    vertex -43.241875482611405 13.08535275904897 33.16134482736905
    vertex -43.241877267969365 12.241219006527517 32.811712546979074
  endloop
endfacet
facet normal -0.13052619222003212 -2.4387046592413418e-05 -0.9914448610738831
  outer loop
    vertex -21.431156831255215 14.835490036107231 38.851038036456266
    vertex -21.741739683771723 12.335491042294063 38.89198853838916
    vertex -21.741739685284298 14.835491041682689 38.891927044884646
  endloop
endfacet
facet normal -0.13052619222003212 -2.4387046592413418e-05 -0.9914448610738831
  outer loop
    vertex -21.741739683771723 12.335491042294063 38.89198853838916
    vertex -21.431156831255215 14.835490036107231 38.851038036456266
    vertex -21.431156829742644 12.335490036718605 38.85109952996078
  endloop
endfacet
facet normal 0.382683432365101 -2.2724804540677224e-05 -0.9238795322317995
  outer loop
    vertex -22.052322539313366 14.835490035731409 38.851038036456266
    vertex -22.341739683590205 12.335487087418691 38.73121902302775
    vertex -22.34173968510279 14.835487086807273 38.73115752952324
  endloop
endfacet
facet normal 0.382683432365101 -2.2724804540677224e-05 -0.9238795322317995
  outer loop
    vertex -22.341739683590205 12.335487087418691 38.73121902302775
    vertex -22.052322539313366 14.835490035731409 38.851038036456266
    vertex -22.05232253780077 12.335490036342783 38.85109952996078
  endloop
endfacet
facet normal -0.01720479862183844 0.13048366549297907 -0.9913011691428082
  outer loop
    vertex -43.241877267969365 12.241219006527517 32.811712546979074
    vertex -43.24187785986998 11.335353226466099 32.692474639345264
    vertex -43.47633281356142 12.210351607609613 32.811718669329004
  endloop
endfacet
facet normal 5.592491774658638e-13 -0.9238795325112699 -0.3826834323651304
  outer loop
    vertex -31.741630907561806 -6.19857996448924 78.70210596500607
    vertex -40.54163090756205 -6.298480386995311 78.94328691989413
    vertex -40.54163090756179 -6.198579964490661 78.70210596499666
  endloop
endfacet
facet normal 5.592491774658638e-13 -0.9238795325112699 -0.3826834323651304
  outer loop
    vertex -40.54163090756205 -6.298480386995311 78.94328691989413
    vertex -31.741630907561806 -6.19857996448924 78.70210596500607
    vertex -31.741630907562055 -6.298480386993867 78.94328691990354
  endloop
endfacet
facet normal -0.9914448613738086 -3.2112050535965317e-06 -0.1305261921805651
  outer loop
    vertex -20.582628692575476 12.335469165644511 38.00257139305032
    vertex -20.541739685647308 14.835461525526574 37.69192704561069
    vertex -20.541739684134733 12.335461526137992 37.69198853911521
  endloop
endfacet
facet normal -0.9914448613738086 -3.2112050535965317e-06 -0.1305261921805651
  outer loop
    vertex -20.541739685647308 14.835461525526574 37.69192704561069
    vertex -20.582628692575476 12.335469165644511 38.00257139305032
    vertex -20.582628694088072 14.835469165033093 38.00250989954581
  endloop
endfacet
facet normal -0.10445489122611293 0.08010926544418316 -0.991297978051471
  outer loop
    vertex -43.24187785986998 11.335353226466099 32.692474639345264
    vertex -44.02638080388961 11.788283773872662 32.811741606243054
    vertex -43.88242172565426 11.97589507879157 32.81173371151091
  endloop
endfacet
facet normal 0.9238795325112946 9.413577127476078e-06 0.38268343224928897
  outer loop
    vertex -22.780970169511217 14.835446765730682 37.091927045973705
    vertex -22.900850674967913 12.335453885179371 37.381405685180084
    vertex -22.780970167998632 12.335446766342077 37.091988539478216
  endloop
endfacet
facet normal 0.9238795325112946 9.413577127476078e-06 0.38268343224928897
  outer loop
    vertex -22.900850674967913 12.335453885179371 37.381405685180084
    vertex -22.780970169511217 14.835446765730682 37.091927045973705
    vertex -22.9008506764805 14.835453884567997 37.381344191675566
  endloop
endfacet
facet normal -0.7933533402293679 1.248777120200146e-05 0.6087614289612642
  outer loop
    vertex -20.78912262283796 -24.164718208451422 37.14288793243951
    vertex -20.9639328769861 -29.164724383730494 36.915173340964515
    vertex -20.789122392128416 -29.16472438373056 37.142990800269715
  endloop
endfacet
facet normal -0.7933533402293679 1.248777120200146e-05 0.6087614289612642
  outer loop
    vertex -20.9639328769861 -29.164724383730494 36.915173340964515
    vertex -20.78912262283796 -24.164718208451422 37.14288793243951
    vertex -20.963933107695645 -24.164718208451355 36.91507047313431
  endloop
endfacet
facet normal 5.3573705054784206e-05 7.737169868972527e-06 0.9999999985349972
  outer loop
    vertex -44.24213050542503 -16.96468473879025 36.69355524607817
    vertex -45.542130506152965 10.835501388197406 36.69351346713206
    vertex -45.54213050615659 -16.96468473880031 36.693513467134316
  endloop
endfacet
facet normal 5.3573705054784206e-05 7.737169868972527e-06 0.9999999985349972
  outer loop
    vertex -45.542130506152965 10.835501388197406 36.69351346713206
    vertex -44.24213050542503 -16.96468473879025 36.69355524607817
    vertex -38.74213045005157 10.835501353221362 36.69292749902143
  endloop
endfacet
facet normal 5.3573705054784206e-05 7.737169868972527e-06 0.9999999985349972
  outer loop
    vertex -38.74213045005157 10.835501353221362 36.69292749902143
    vertex -44.24213050542503 -16.96468473879025 36.69355524607817
    vertex -44.24213050542382 -25.164684166585648 36.693555246078205
  endloop
endfacet
facet normal 5.3573705054784206e-05 7.737169868972527e-06 0.9999999985349972
  outer loop
    vertex -38.74213045005157 10.835501353221362 36.69292749902143
    vertex -44.24213050542382 -25.164684166585648 36.693555246078205
    vertex -38.74213058254295 -25.164684168656674 36.693429243846325
  endloop
endfacet
facet normal 5.3573705054784206e-05 7.737169868972527e-06 0.9999999985349972
  outer loop
    vertex -38.74213045005157 10.835501353221362 36.69292749902143
    vertex -38.74213058254295 -25.164684168656674 36.693429243846325
    vertex -38.742130574347435 -24.164684523104444 36.693285987617955
  endloop
endfacet
facet normal -0.6087614289279358 1.629399780077631e-05 0.7933533401858994
  outer loop
    vertex -21.191750336291282 -29.164724383730448 36.740362856106834
    vertex -20.963933107695645 -24.164718208451355 36.91507047313431
    vertex -21.191750567000827 -24.164718208451312 36.74025998827663
  endloop
endfacet
facet normal -0.6087614289279358 1.629399780077631e-05 0.7933533401858994
  outer loop
    vertex -20.963933107695645 -24.164718208451355 36.91507047313431
    vertex -21.191750336291282 -29.164724383730448 36.740362856106834
    vertex -20.9639328769861 -29.164724383730494 36.915173340964515
  endloop
endfacet
facet normal -0.14754656592051704 0.3561329996033477 -0.9227130092713467
  outer loop
    vertex -43.69480881581949 13.025721523438605 33.16135665485139
    vertex -43.694810599475865 12.119854556879696 32.81172588815667
    vertex -44.116875487589944 12.850894646432552 33.16137060056534
  endloop
endfacet
facet normal -0.14754656592051704 0.3561329996033477 -0.9227130092713467
  outer loop
    vertex -43.694810599475865 12.119854556879696 32.81172588815667
    vertex -43.69480881581949 13.025721523438605 33.16135665485139
    vertex -43.47633281356142 12.210351607609613 32.811718669329004
  endloop
endfacet
facet normal 1.0383120843117263e-12 0.13052619222004014 -0.991444861373812
  outer loop
    vertex -31.74163090756245 -7.164505790778278 79.44328691990354
    vertex -40.54163090756236 -7.423324835882233 79.4092127461832
    vertex -40.54163090756244 -7.164505790779722 79.44328691989413
  endloop
endfacet
facet normal 1.0383120843117263e-12 0.13052619222004014 -0.991444861373812
  outer loop
    vertex -40.54163090756236 -7.423324835882233 79.4092127461832
    vertex -31.74163090756245 -7.164505790778278 79.44328691990354
    vertex -31.74163090756236 -7.423324835880812 79.40921274619261
  endloop
endfacet
facet normal -0.9171249084201212 0.12073144715398419 -0.3798760587658683
  outer loop
    vertex -46.622604877449426 11.335355167496067 35.28669647744395
    vertex -46.16967593068103 12.11985459607617 34.44252991279227
    vertex -46.2729577605708 11.335352001229397 34.44255151248593
  endloop
endfacet
facet normal -0.9171249084201212 0.12073144715398419 -0.3798760587658683
  outer loop
    vertex -46.16967593068103 12.11985459607617 34.44252991279227
    vertex -46.622604877449426 11.335355167496067 35.28669647744395
    vertex -46.50740896467256 12.210354115381353 35.28667238611236
  endloop
endfacet
facet normal -0.08016179249158267 -0.10445523821892617 -0.9912936952453416
  outer loop
    vertex -43.24187684003376 -25.66484451998112 32.69337945053317
    vertex -43.69480952745149 -26.44934774606056 32.81267141015349
    vertex -43.88242065661429 -26.305388607832064 32.81267338568065
  endloop
endfacet
facet normal -0.4845053890749984 -0.631411164006855 -0.6054539370792735
  outer loop
    vertex -44.757412196220784 -28.28983651787369 34.443485710229695
    vertex -44.9918714918045 -27.414839910799063 33.71859846932207
    vertex -44.47930835486636 -27.80814359065318 33.71859307207868
  endloop
endfacet
facet normal -0.4845053890749984 -0.631411164006855 -0.6054539370792735
  outer loop
    vertex -44.9918714918045 -27.414839910799063 33.71859846932207
    vertex -44.757412196220784 -28.28983651787369 34.443485710229695
    vertex -45.38517126945013 -27.808139853072944 34.44349232047785
  endloop
endfacet
facet normal -0.5654767611902102 -0.23423784320415478 -0.7908025451178669
  outer loop
    vertex -44.932244587407716 -26.117775601666498 33.16235055588677
    vertex -45.38517502562993 -26.902276577256302 33.71859744264729
    vertex -45.632415970477304 -26.30538393415484 33.71859006202053
  endloop
endfacet
facet normal -0.5654767611902102 -0.23423784320415478 -0.7908025451178669
  outer loop
    vertex -45.38517502562993 -26.902276577256302 33.71859744264729
    vertex -44.932244587407716 -26.117775601666498 33.16235055588677
    vertex -44.757418838719175 -26.539842437243895 33.162355774778504
  endloop
endfacet
facet normal -0.1207407022449038 -0.9171187810979519 0.37988791001927724
  outer loop
    vertex -43.24163996317877 -28.695693404129788 78.69329211192648
    vertex -44.116644319831885 -28.9301530432464 77.84915895981679
    vertex -43.24164430828957 -29.04534886901718 77.84915859270734
  endloop
endfacet
facet normal -0.1207407022449038 -0.9171187810979519 0.37988791001927724
  outer loop
    vertex -44.116644319831885 -28.9301530432464 77.84915895981679
    vertex -43.24163996317877 -28.695693404129788 78.69329211192648
    vertex -44.02614351167436 -28.592411652247556 78.69329244106841
  endloop
endfacet
facet normal -0.7352946619344383 -0.3045764053072949 -0.605454352912593
  outer loop
    vertex -46.169674834602866 -26.449339335643156 34.44348202368091
    vertex -45.38517502562993 -26.902276577256302 33.71859744264729
    vertex -45.86686775540305 -27.180380539053015 34.44349106306472
  endloop
endfacet
facet normal -0.7352946619344383 -0.3045764053072949 -0.605454352912593
  outer loop
    vertex -45.38517502562993 -26.902276577256302 33.71859744264729
    vertex -46.169674834602866 -26.449339335643156 34.44348202368091
    vertex -45.632415970477304 -26.30538393415484 33.71859006202053
  endloop
endfacet
facet normal -0.356175335641619 -0.14754401418196936 -0.9226970760545689
  outer loop
    vertex -44.1168762080624 -25.899299535999788 32.8126703083934
    vertex -44.757418838719175 -26.539842437243895 33.162355774778504
    vertex -44.932244587407716 -26.117775601666498 33.16235055588677
  endloop
endfacet
facet normal -0.356175335641619 -0.14754401418196936 -0.9226970760545689
  outer loop
    vertex -44.757418838719175 -26.539842437243895 33.162355774778504
    vertex -44.1168762080624 -25.899299535999788 32.8126703083934
    vertex -44.02637974139258 -26.117777406706963 32.812673009890794
  endloop
endfacet
facet normal -0.3794639008204195 -0.9161079621554199 0.12943473123391003
  outer loop
    vertex -44.116644319831885 -28.9301530432464 77.84915895981679
    vertex -44.99164899425227 -28.695702398354207 76.9432924790377
    vertex -44.14751564097592 -29.045353524771308 76.94329212487928
  endloop
endfacet
facet normal -0.3794639008204195 -0.9161079621554199 0.12943473123391003
  outer loop
    vertex -44.99164899425227 -28.695702398354207 76.9432924790377
    vertex -44.116644319831885 -28.9301530432464 77.84915895981679
    vertex -44.9320145265935 -28.592415990049066 77.84915930190833
  endloop
endfacet
facet normal -0.050397171671441414 0.12158966915600825 -0.9913001954211711
  outer loop
    vertex -43.24187785986998 11.335353226466099 32.692474639345264
    vertex -43.694810599475865 12.119854556879696 32.81172588815667
    vertex -43.47633281356142 12.210351607609613 32.811718669329004
  endloop
endfacet
facet normal -0.12164153622534485 -0.05039781452763743 -0.9912937995143397
  outer loop
    vertex -43.24187684003376 -25.66484451998112 32.69337945053317
    vertex -44.02637974139258 -26.117777406706963 32.812673009890794
    vertex -44.1168762080624 -25.899299535999788 32.8126703083934
  endloop
endfacet
facet normal -0.37261105229460234 -0.48558513803216663 -0.7908021733848428
  outer loop
    vertex -44.47931124288656 -26.902279446179566 33.162356500748
    vertex -44.47930835486636 -27.80814359065318 33.71859307207868
    vertex -44.9918714918045 -27.414839910799063 33.71859846932207
  endloop
endfacet
facet normal -0.37261105229460234 -0.48558513803216663 -0.7908021733848428
  outer loop
    vertex -44.47930835486636 -27.80814359065318 33.71859307207868
    vertex -44.47931124288656 -26.902279446179566 33.162356500748
    vertex -44.11687437297136 -27.18038714527008 33.16235268432163
  endloop
endfacet
facet normal -0.6036425998882657 -0.7866802725732315 -0.1294208651811652
  outer loop
    vertex -44.99185871732073 -28.695916574359686 36.193499968568446
    vertex -45.632407845935596 -28.055376531894048 35.28763773620281
    vertex -44.93223357983467 -28.592639349976686 35.2876303634264
  endloop
endfacet
facet normal -0.6036425998882657 -0.7866802725732315 -0.1294208651811652
  outer loop
    vertex -45.632407845935596 -28.055376531894048 35.28763773620281
    vertex -44.99185871732073 -28.695916574359686 36.193499968568446
    vertex -45.71673245715113 -28.13970117617875 36.19350760143155
  endloop
endfacet
facet normal -0.5631303590240837 -0.7338802758274037 -0.37987358357340467
  outer loop
    vertex -44.93223357983467 -28.592639349976686 35.2876303634264
    vertex -45.38517126945013 -27.808139853072944 34.44349232047785
    vertex -44.757412196220784 -28.28983651787369 34.443485710229695
  endloop
endfacet
facet normal -0.5631303590240837 -0.7338802758274037 -0.37987358357340467
  outer loop
    vertex -45.38517126945013 -27.808139853072944 34.44349232047785
    vertex -44.93223357983467 -28.592639349976686 35.2876303634264
    vertex -45.632407845935596 -28.055376531894048 35.28763773620281
  endloop
endfacet
facet normal -0.13052995976672607 0.017157319183669396 -0.9912958972989481
  outer loop
    vertex -43.24187785986998 11.335353226466099 32.692474639345264
    vertex -44.1477439127037 11.335350781046888 32.81175548958965
    vertex -44.116877260903756 11.569806042510836 32.81174903434014
  endloop
endfacet
facet normal -0.3045648229252066 -0.7352858900640346 0.6054708320879529
  outer loop
    vertex -43.8821806970196 -28.05514586942727 79.41816626688338
    vertex -44.7571844397934 -28.289604894308507 78.69329274777985
    vertex -44.02614351167436 -28.592411652247556 78.69329244106841
  endloop
endfacet
facet normal -0.3045648229252066 -0.7352858900640346 0.6054708320879529
  outer loop
    vertex -44.7571844397934 -28.289604894308507 78.69329274777985
    vertex -43.8821806970196 -28.05514586942727 79.41816626688338
    vertex -44.47907311534703 -27.807905186888252 79.41816651731263
  endloop
endfacet
facet normal -0.07991108468583001 -0.6068278103839175 -0.7908060616162439
  outer loop
    vertex -43.694807702703024 -27.355212954417045 33.162344585582574
    vertex -43.241871495130844 -28.13971393421146 33.71856488980383
    vertex -43.882415945547216 -28.05538462100172 33.71858161873035
  endloop
endfacet
facet normal -0.07991108468583001 -0.6068278103839175 -0.7908060616162439
  outer loop
    vertex -43.241871495130844 -28.13971393421146 33.71856488980383
    vertex -43.694807702703024 -27.355212954417045 33.162344585582574
    vertex -43.2418743781622 -27.41484278364046 33.16233275644648
  endloop
endfacet
facet normal -0.14754866031678626 -0.3561710903921685 -0.9226979718237032
  outer loop
    vertex -43.69480952745149 -26.44934774606056 32.81267141015349
    vertex -43.694807702703024 -27.355212954417045 33.162344585582574
    vertex -44.11687437297136 -27.18038714527008 33.16235268432163
  endloop
endfacet
facet normal -0.14754866031678626 -0.3561710903921685 -0.9226979718237032
  outer loop
    vertex -43.694807702703024 -27.355212954417045 33.162344585582574
    vertex -43.69480952745149 -26.44934774606056 32.81267141015349
    vertex -43.4763317423146 -26.53984424402595 32.81266721793825
  endloop
endfacet
facet normal -0.3540030787622048 -0.8546210936558402 -0.37987446150718784
  outer loop
    vertex -44.11686338537863 -28.93037687829059 35.287614717855995
    vertex -44.757412196220784 -28.28983651787369 34.443485710229695
    vertex -44.02637127913461 -28.592643701790607 34.44347168279773
  endloop
endfacet
facet normal -0.3540030787622048 -0.8546210936558402 -0.37987446150718784
  outer loop
    vertex -44.757412196220784 -28.28983651787369 34.443485710229695
    vertex -44.11686338537863 -28.93037687829059 35.287614717855995
    vertex -44.93223357983467 -28.592639349976686 35.2876303634264
  endloop
endfacet
facet normal -0.12942803853805177 -0.9831049169814412 0.12943378634307987
  outer loop
    vertex -43.24164430828957 -29.04534886901718 77.84915859270734
    vertex -44.14751564097592 -29.045353524771308 76.94329212487928
    vertex -43.24164897116763 -29.164613019274494 76.94329174482046
  endloop
endfacet
facet normal -0.12942803853805177 -0.9831049169814412 0.12943378634307987
  outer loop
    vertex -44.14751564097592 -29.045353524771308 76.94329212487928
    vertex -43.24164430828957 -29.04534886901718 77.84915859270734
    vertex -44.116644319831885 -28.9301530432464 77.84915895981679
  endloop
endfacet
facet normal -0.5631233348155963 -0.7338775837374318 0.37988919683753897
  outer loop
    vertex -44.7571844397934 -28.289604894308507 78.69329274777985
    vertex -45.63218879644662 -28.05515393146378 77.849159595669
    vertex -44.9320145265935 -28.592415990049066 77.84915930190833
  endloop
endfacet
facet normal -0.5631233348155963 -0.7338775837374318 0.37988919683753897
  outer loop
    vertex -45.63218879644662 -28.05515393146378 77.849159595669
    vertex -44.7571844397934 -28.289604894308507 78.69329274777985
    vertex -45.38494351638689 -27.80790891045443 78.69329301115896
  endloop
endfacet
facet normal -0.60683055858658 -0.0799070787633284 -0.7908043575556541
  outer loop
    vertex -44.99187440309229 -25.664842096793578 33.16234119973166
    vertex -45.632415970477304 -26.30538393415484 33.71859006202053
    vertex -45.71674526454023 -25.66483922871039 33.71857683041931
  endloop
endfacet
facet normal -0.60683055858658 -0.0799070787633284 -0.7908043575556541
  outer loop
    vertex -45.632415970477304 -26.30538393415484 33.71859006202053
    vertex -44.99187440309229 -25.664842096793578 33.16234119973166
    vertex -44.932244587407716 -26.117775601666498 33.16235055588677
  endloop
endfacet
facet normal -0.05040263211555185 -0.12163674792669796 -0.9912941421342312
  outer loop
    vertex -43.24187684003376 -25.66484451998112 32.69337945053317
    vertex -43.4763317423146 -26.53984424402595 32.81266721793825
    vertex -43.69480952745149 -26.44934774606056 32.81267141015349
  endloop
endfacet
facet normal -0.30585839156403066 -0.234695159974272 -0.9226964973351286
  outer loop
    vertex -44.02637974139258 -26.117777406706963 32.812673009890794
    vertex -44.47931124288656 -26.902279446179566 33.162356500748
    vertex -44.757418838719175 -26.539842437243895 33.162355774778504
  endloop
endfacet
facet normal -0.30585839156403066 -0.234695159974272 -0.9226964973351286
  outer loop
    vertex -44.47931124288656 -26.902279446179566 33.162356500748
    vertex -44.02637974139258 -26.117777406706963 32.812673009890794
    vertex -43.88242065661429 -26.305388607832064 32.81267338568065
  endloop
endfacet
facet normal -0.3539940507391264 -0.854618495565884 0.3798887193350313
  outer loop
    vertex -44.02614351167436 -28.592411652247556 78.69329244106841
    vertex -44.9320145265935 -28.592415990049066 77.84915930190833
    vertex -44.116644319831885 -28.9301530432464 77.84915895981679
  endloop
endfacet
facet normal -0.3539940507391264 -0.854618495565884 0.3798887193350313
  outer loop
    vertex -44.9320145265935 -28.592415990049066 77.84915930190833
    vertex -44.02614351167436 -28.592411652247556 78.69329244106841
    vertex -44.7571844397934 -28.289604894308507 78.69329274777985
  endloop
endfacet
facet normal -0.3794671926261545 -0.9161084801971517 -0.12942141334141682
  outer loop
    vertex -44.14772537678407 -29.045568192653636 36.193483771078235
    vertex -44.93223357983467 -28.592639349976686 35.2876303634264
    vertex -44.11686338537863 -28.93037687829059 35.287614717855995
  endloop
endfacet
facet normal -0.3794671926261545 -0.9161084801971517 -0.12942141334141682
  outer loop
    vertex -44.93223357983467 -28.592639349976686 35.2876303634264
    vertex -44.14772537678407 -29.045568192653636 36.193483771078235
    vertex -44.99185871732073 -28.695916574359686 36.193499968568446
  endloop
endfacet
facet normal -0.5631363124771108 0.7338708587532514 -0.37988295071304146
  outer loop
    vertex -45.38517241972994 13.478654994548155 34.44247864154687
    vertex -44.93223474004269 14.263163117633713 35.286586003209244
    vertex -44.757413356486566 13.960352796541375 34.442452464045786
  endloop
endfacet
facet normal -0.5631363124771108 0.7338708587532514 -0.37988295071304146
  outer loop
    vertex -44.93223474004269 14.263163117633713 35.286586003209244
    vertex -45.38517241972994 13.478654994548155 34.44247864154687
    vertex -45.6324089950057 13.725899031177686 35.28661520044049
  endloop
endfacet
facet normal -0.07990975435581191 0.6068034236129277 -0.7908249087190057
  outer loop
    vertex -43.24187262546523 13.81022816379305 33.717544618401284
    vertex -43.69480881581949 13.025721523438605 33.16135665485139
    vertex -43.882417088138986 13.725896861651814 33.717561345003155
  endloop
endfacet
facet normal -0.07990975435581191 0.6068034236129277 -0.7908249087190057
  outer loop
    vertex -43.69480881581949 13.025721523438605 33.16135665485139
    vertex -43.24187262546523 13.81022816379305 33.717544618401284
    vertex -43.241875482611405 13.08535275904897 33.16134482736905
  endloop
endfacet
facet normal -0.7890682798976282 -0.10389529660981454 -0.6054560405196706
  outer loop
    vertex -46.2729567050145 -25.664835492753035 34.44346581834551
    vertex -45.632415970477304 -26.30538393415484 33.71859006202053
    vertex -46.169674834602866 -26.449339335643156 34.44348202368091
  endloop
endfacet
facet normal -0.7890682798976282 -0.10389529660981454 -0.6054560405196706
  outer loop
    vertex -45.632415970477304 -26.30538393415484 33.71859006202053
    vertex -46.2729567050145 -25.664835492753035 34.44346581834551
    vertex -45.71674526454023 -25.66483922871039 33.71857683041931
  endloop
endfacet
facet normal -0.735300013060683 0.304550711803515 -0.6054607788560146
  outer loop
    vertex -46.16967593068103 12.11985459607617 34.44252991279227
    vertex -45.38517614431675 12.57278609564189 33.71762400988996
    vertex -45.632417062784405 11.975893833239017 33.71764430384051
  endloop
endfacet
facet normal -0.735300013060683 0.304550711803515 -0.6054607788560146
  outer loop
    vertex -45.38517614431675 12.57278609564189 33.71762400988996
    vertex -46.16967593068103 12.11985459607617 34.44252991279227
    vertex -45.866868883789635 12.850895333227358 34.442505057872
  endloop
endfacet
facet normal -0.6314140146956344 -0.48450204811518455 -0.6054536377115367
  outer loop
    vertex -45.86686775540305 -27.180380539053015 34.44349106306472
    vertex -44.9918714918045 -27.414839910799063 33.71859846932207
    vertex -45.38517126945013 -27.808139853072944 34.44349232047785
  endloop
endfacet
facet normal -0.6314140146956344 -0.48450204811518455 -0.6054536377115367
  outer loop
    vertex -44.9918714918045 -27.414839910799063 33.71859846932207
    vertex -45.86686775540305 -27.180380539053015 34.44349106306472
    vertex -45.38517502562993 -26.902276577256302 33.71859744264729
  endloop
endfacet
facet normal -0.1294317854903348 -0.983105917130085 -0.1294224424456534
  outer loop
    vertex -43.24185872770241 -29.16482785110047 36.19346011279309
    vertex -44.11686338537863 -28.93037687829059 35.287614717855995
    vertex -43.24186339385675 -29.0455728624188 35.28759186571135
  endloop
endfacet
facet normal -0.1294317854903348 -0.983105917130085 -0.1294224424456534
  outer loop
    vertex -44.11686338537863 -28.93037687829059 35.287614717855995
    vertex -43.24185872770241 -29.16482785110047 36.19346011279309
    vertex -44.14772537678407 -29.045568192653636 36.193483771078235
  endloop
endfacet
facet normal -0.23424206073243922 -0.5654734994770868 -0.7908036281991614
  outer loop
    vertex -44.11687437297136 -27.18038714527008 33.16235268432163
    vertex -43.882415945547216 -28.05538462100172 33.71858161873035
    vertex -44.47930835486636 -27.80814359065318 33.71859307207868
  endloop
endfacet
facet normal -0.23424206073243922 -0.5654734994770868 -0.7908036281991614
  outer loop
    vertex -43.882415945547216 -28.05538462100172 33.71858161873035
    vertex -44.11687437297136 -27.18038714527008 33.16235268432163
    vertex -43.694807702703024 -27.355212954417045 33.162344585582574
  endloop
endfacet
facet normal -0.08015655146398888 0.10440789176429231 -0.9912991069272367
  outer loop
    vertex -43.24187785986998 11.335353226466099 32.692474639345264
    vertex -43.88242172565426 11.97589507879157 32.81173371151091
    vertex -43.694810599475865 12.119854556879696 32.81172588815667
  endloop
endfacet
facet normal -0.35617417140081914 0.14750082972411177 -0.9227044298461119
  outer loop
    vertex -44.75741993493228 12.210349081333774 33.16140096559134
    vertex -44.116877260903756 11.569806042510836 32.81174903434014
    vertex -44.93224566496757 11.788282514950941 33.16141531557704
  endloop
endfacet
facet normal -0.35617417140081914 0.14750082972411177 -0.9227044298461119
  outer loop
    vertex -44.116877260903756 11.569806042510836 32.81174903434014
    vertex -44.75741993493228 12.210349081333774 33.16140096559134
    vertex -44.02638080388961 11.788283773872662 32.811741606243054
  endloop
endfacet
facet normal -0.23469878832635674 0.3058144269748218 -0.9227101468024516
  outer loop
    vertex -44.116875487589944 12.850894646432552 33.16137060056534
    vertex -43.88242172565426 11.97589507879157 32.81173371151091
    vertex -44.47931235173973 12.57278629078375 33.16138571413356
  endloop
endfacet
facet normal -0.23469878832635674 0.3058144269748218 -0.9227101468024516
  outer loop
    vertex -43.88242172565426 11.97589507879157 32.81173371151091
    vertex -44.116875487589944 12.850894646432552 33.16137060056534
    vertex -43.694810599475865 12.119854556879696 32.81172588815667
  endloop
endfacet
facet normal -0.10389847495064591 -0.7890668185304412 -0.6054573996551513
  outer loop
    vertex -43.24186774858881 -28.695925595652216 34.44345119412827
    vertex -43.882415945547216 -28.05538462100172 33.71858161873035
    vertex -43.241871495130844 -28.13971393421146 33.71856488980383
  endloop
endfacet
facet normal -0.10389847495064591 -0.7890668185304412 -0.6054573996551513
  outer loop
    vertex -43.882415945547216 -28.05538462100172 33.71858161873035
    vertex -43.24186774858881 -28.695925595652216 34.44345119412827
    vertex -44.02637127913461 -28.592643701790607 34.44347168279773
  endloop
endfacet
facet normal -0.017210577924796727 -0.13053061223183093 -0.991294888152803
  outer loop
    vertex -43.24187620120906 -26.570710914944396 32.81266109472746
    vertex -43.4763317423146 -26.53984424402595 32.81266721793825
    vertex -43.24187684003376 -25.66484451998112 32.69337945053317
  endloop
endfacet
facet normal -0.9161089007476516 -0.37946620390113533 -0.12942133544277543
  outer loop
    vertex -46.62259914619343 -26.57069348715261 36.193495711722065
    vertex -46.16967046453935 -27.35520199722616 35.28763633374269
    vertex -46.272947648816334 -27.414827158307382 36.193506149500514
  endloop
endfacet
facet normal -0.9161089007476516 -0.37946620390113533 -0.12942133544277543
  outer loop
    vertex -46.16967046453935 -27.35520199722616 35.28763633374269
    vertex -46.62259914619343 -26.57069348715261 36.193495711722065
    vertex -46.507407876056526 -26.539831483417593 35.28762625162137
  endloop
endfacet
facet normal -0.9831067292070536 0.1294250231136778 -0.12942303651140744
  outer loop
    vertex -46.74185980120115 11.335359429841994 36.19256975044188
    vertex -46.50740896467256 12.210354115381353 35.28667238611236
    vertex -46.622604877449426 11.335355167496067 35.28669647744395
  endloop
endfacet
facet normal -0.9831067292070536 0.1294250231136778 -0.12942303651140744
  outer loop
    vertex -46.50740896467256 12.210354115381353 35.28667238611236
    vertex -46.74185980120115 11.335359429841994 36.19256975044188
    vertex -46.622600216622665 12.241224998471505 36.19254480925541
  endloop
endfacet
facet normal -0.12163631526098784 0.050349717828465354 -0.9912968842502854
  outer loop
    vertex -43.24187785986998 11.335353226466099 32.692474639345264
    vertex -44.116877260903756 11.569806042510836 32.81174903434014
    vertex -44.02638080388961 11.788283773872662 32.811741606243054
  endloop
endfacet
facet normal -0.8546222691104796 -0.3540007126113135 -0.37987402202722026
  outer loop
    vertex -46.507407876056526 -26.539831483417593 35.28762625162137
    vertex -45.86686775540305 -27.180380539053015 34.44349106306472
    vertex -46.16967046453935 -27.35520199722616 35.28763633374269
  endloop
endfacet
facet normal -0.8546222691104796 -0.3540007126113135 -0.37987402202722026
  outer loop
    vertex -45.86686775540305 -27.180380539053015 34.44349106306472
    vertex -46.507407876056526 -26.539831483417593 35.28762625162137
    vertex -46.169674834602866 -26.449339335643156 34.44348202368091
  endloop
endfacet
facet normal -0.48559312336679883 0.372575070550871 -0.7908142230276909
  outer loop
    vertex -44.99187262836703 13.085349712754685 33.71760244106173
    vertex -44.75741993493228 12.210349081333774 33.16140096559134
    vertex -45.38517614431675 12.57278609564189 33.71762400988996
  endloop
endfacet
facet normal -0.48559312336679883 0.372575070550871 -0.7908142230276909
  outer loop
    vertex -44.75741993493228 12.210349081333774 33.16140096559134
    vertex -44.99187262836703 13.085349712754685 33.71760244106173
    vertex -44.47931235173973 12.57278629078375 33.16138571413356
  endloop
endfacet
facet normal -0.7866810284654623 -0.6036416206812288 -0.12942083771117516
  outer loop
    vertex -46.272947648816334 -27.414827158307382 36.193506149500514
    vertex -45.632407845935596 -28.055376531894048 35.28763773620281
    vertex -45.71673245715113 -28.13970117617875 36.19350760143155
  endloop
endfacet
facet normal -0.7866810284654623 -0.6036416206812288 -0.12942083771117516
  outer loop
    vertex -45.632407845935596 -28.055376531894048 35.28763773620281
    vertex -46.272947648816334 -27.414827158307382 36.193506149500514
    vertex -46.16967046453935 -27.35520199722616 35.28763633374269
  endloop
endfacet
facet normal -0.9171228586243708 -0.12074933870802462 -0.3798753208491401
  outer loop
    vertex -46.62260383402967 -25.664831143520804 35.28760817691877
    vertex -46.169674834602866 -26.449339335643156 34.44348202368091
    vertex -46.507407876056526 -26.539831483417593 35.28762625162137
  endloop
endfacet
facet normal -0.9171228586243708 -0.12074933870802462 -0.3798753208491401
  outer loop
    vertex -46.169674834602866 -26.449339335643156 34.44348202368091
    vertex -46.62260383402967 -25.664831143520804 35.28760817691877
    vertex -46.2729567050145 -25.664835492753035 34.44346581834551
  endloop
endfacet
facet normal -0.5654798564697353 0.23420258432007013 -0.7908107747272847
  outer loop
    vertex -45.38517614431675 12.57278609564189 33.71762400988996
    vertex -44.93224566496757 11.788282514950941 33.16141531557704
    vertex -45.632417062784405 11.975893833239017 33.71764430384051
  endloop
endfacet
facet normal -0.5654798564697353 0.23420258432007013 -0.7908107747272847
  outer loop
    vertex -44.93224566496757 11.788282514950941 33.16141531557704
    vertex -45.38517614431675 12.57278609564189 33.71762400988996
    vertex -44.75741993493228 12.210349081333774 33.16140096559134
  endloop
endfacet
facet normal -0.4855889113671749 -0.3726069233311353 -0.7908018018713333
  outer loop
    vertex -44.757418838719175 -26.539842437243895 33.162355774778504
    vertex -44.9918714918045 -27.414839910799063 33.71859846932207
    vertex -45.38517502562993 -26.902276577256302 33.71859744264729
  endloop
endfacet
facet normal -0.4855889113671749 -0.3726069233311353 -0.7908018018713333
  outer loop
    vertex -44.9918714918045 -27.414839910799063 33.71859846932207
    vertex -44.757418838719175 -26.539842437243895 33.162355774778504
    vertex -44.47931124288656 -26.902279446179566 33.162356500748
  endloop
endfacet
facet normal -0.3045798699765768 -0.7352925106075806 -0.6054552226626283
  outer loop
    vertex -44.02637127913461 -28.592643701790607 34.44347168279773
    vertex -44.47930835486636 -27.80814359065318 33.71859307207868
    vertex -43.882415945547216 -28.05538462100172 33.71858161873035
  endloop
endfacet
facet normal -0.3045798699765768 -0.7352925106075806 -0.6054552226626283
  outer loop
    vertex -44.47930835486636 -27.80814359065318 33.71859307207868
    vertex -44.02637127913461 -28.592643701790607 34.44347168279773
    vertex -44.757412196220784 -28.28983651787369 34.443485710229695
  endloop
endfacet
facet normal -5.222578461625708e-13 -0.7933533402912436 0.6087614290087096
  outer loop
    vertex -31.741630907536482 -26.457491590975458 58.86129340162667
    vertex -40.541630907536735 -26.298572968378995 59.06840018280381
    vertex -40.54163090753648 -26.45749159097688 58.86129340161726
  endloop
endfacet
facet normal -5.222578461625708e-13 -0.7933533402912436 0.6087614290087096
  outer loop
    vertex -40.541630907536735 -26.298572968378995 59.06840018280381
    vertex -31.741630907536482 -26.457491590975458 58.86129340162667
    vertex -31.74163090753674 -26.298572968377574 59.06840018281321
  endloop
endfacet
facet normal -7.785220309597221e-13 0.7933533402912855 0.6087614290086552
  outer loop
    vertex -40.54163090753646 -28.030623775947863 59.06840018280381
    vertex -31.74163090753626 -27.87170515334858 58.86129340162667
    vertex -40.54163090753625 -27.87170515335 58.86129340161726
  endloop
endfacet
facet normal -7.785220309597221e-13 0.7933533402912855 0.6087614290086552
  outer loop
    vertex -31.74163090753626 -27.87170515334858 58.86129340162667
    vertex -40.54163090753646 -28.030623775947863 59.06840018280381
    vertex -31.74163090753646 -28.03062377594644 59.06840018281321
  endloop
endfacet
facet normal -2.5951580342350006e-13 -0.92387953251129 0.382683432365082
  outer loop
    vertex -31.74163090753674 -26.298572968377574 59.06840018281321
    vertex -40.54163090753701 -26.198672545874366 59.30958113770129
    vertex -40.541630907536735 -26.298572968378995 59.06840018280381
  endloop
endfacet
facet normal -2.5951580342350006e-13 -0.92387953251129 0.382683432365082
  outer loop
    vertex -40.54163090753701 -26.198672545874366 59.30958113770129
    vertex -31.74163090753674 -26.298572968377574 59.06840018281321
    vertex -31.741630907537015 -26.198672545872945 59.309581137710694
  endloop
endfacet
facet normal -9.262318264651427e-13 -0.38268343236510116 0.9238795325112822
  outer loop
    vertex -40.54163090753614 -26.905779327060916 58.60247435651474
    vertex -31.74163090753628 -26.664598372162054 58.70237477902877
    vertex -40.54163090753629 -26.66459837216343 58.702374779019365
  endloop
endfacet
facet normal -9.262318264651427e-13 -0.38268343236510116 0.9238795325112822
  outer loop
    vertex -31.74163090753628 -26.664598372162054 58.70237477902877
    vertex -40.54163090753614 -26.905779327060916 58.60247435651474
    vertex -31.741630907536145 -26.905779327059495 58.60247435652415
  endloop
endfacet
facet normal -1.9444379268342208e-14 0.9914448613738127 -0.1305261922200337
  outer loop
    vertex -40.54163090753725 -28.130524198452513 59.82721922790633
    vertex -31.74163090753697 -28.16459837216203 59.56840018281321
    vertex -40.54163090753696 -28.16459837216345 59.568400182803806
  endloop
endfacet
facet normal -1.9444379268342208e-14 0.9914448613738127 -0.1305261922200337
  outer loop
    vertex -31.74163090753697 -28.16459837216203 59.56840018281321
    vertex -40.54163090753725 -28.130524198452513 59.82721922790633
    vertex -31.74163090753725 -28.130524198451113 59.82721922791572
  endloop
endfacet
facet normal 7.50592052391624e-13 0.6087614290087332 -0.7933533402912256
  outer loop
    vertex -31.741630907537974 -27.66459837216205 60.43442558659765
    vertex -40.54163090753778 -27.87170515335 60.275506963990345
    vertex -40.541630907537964 -27.66459837216343 60.434425586588254
  endloop
endfacet
facet normal 7.50592052391624e-13 0.6087614290087332 -0.7933533402912256
  outer loop
    vertex -40.54163090753778 -27.87170515335 60.275506963990345
    vertex -31.741630907537974 -27.66459837216205 60.43442558659765
    vertex -31.741630907537782 -27.87170515334858 60.27550696399975
  endloop
endfacet
facet normal -0.9999999999866869 -1.3718749418711378e-08 5.160062404426756e-06
  outer loop
    vertex -46.74164901733735 -25.664616599901855 76.94329321325495
    vertex -46.741646448790654 -12.128706375874323 69.86544046284614
    vertex -46.74172740601961 -22.264608539139612 50.34323976036274
  endloop
endfacet
facet normal -0.9999999999866869 -1.3718749418711378e-08 5.160062404426756e-06
  outer loop
    vertex -46.741646448790654 -12.128706375874323 69.86544046284614
    vertex -46.74164901733735 -25.664616599901855 76.94329321325495
    vertex -46.741641366390326 -11.493031885490849 70.69386758757314
  endloop
endfacet
facet normal -0.9999999999866869 -1.3718749418711378e-08 5.160062404426756e-06
  outer loop
    vertex -46.741641366390326 -11.493031885490849 70.69386758757314
    vertex -46.74164901733735 -25.664616599901855 76.94329321325495
    vertex -46.74163917644038 -10.664604760757696 71.32954207796512
  endloop
endfacet
facet normal -0.9999999999866869 -1.3718749418711378e-08 5.160062404426756e-06
  outer loop
    vertex -46.74163917644038 -10.664604760757696 71.32954207796512
    vertex -46.74164901733735 -25.664616599901855 76.94329321325495
    vertex -46.74164002818228 -9.699880941184885 71.72914376800365
  endloop
endfacet
facet normal -0.9999999999866869 -1.3718749418711378e-08 5.160062404426756e-06
  outer loop
    vertex -46.74164002818228 -9.699880941184885 71.72914376800365
    vertex -46.74164901733735 -25.664616599901855 76.94329321325495
    vertex -46.741649013572776 11.33556929230282 76.9432932132549
  endloop
endfacet
facet normal -0.9999999999866869 -1.3718749418711378e-08 5.160062404426756e-06
  outer loop
    vertex -46.74172740601961 -22.264608539139612 50.34323976036274
    vertex -46.741646448790654 -12.128706375874323 69.86544046284614
    vertex -46.74165407728418 -12.528308065890254 68.90071664329375
  endloop
endfacet
facet normal -0.9999999999866869 -1.3718749418711378e-08 5.160062404426756e-06
  outer loop
    vertex -46.74172740601961 -22.264608539139612 50.34323976036274
    vertex -46.74165407728418 -12.528308065890254 68.90071664329375
    vertex -46.74172850626506 -16.064587938050742 50.34323976035889
  endloop
endfacet
facet normal -0.9999999999866869 -1.3718749418711378e-08 5.160062404426756e-06
  outer loop
    vertex -46.74172850626506 -16.064587938050742 50.34323976035889
    vertex -46.74165407728418 -12.528308065890254 68.90071664329375
    vertex -46.741733129907125 -16.064587938046525 43.9433329361816
  endloop
endfacet
facet normal -0.9999999999866869 -1.3718749418711378e-08 5.160062404426756e-06
  outer loop
    vertex -46.741733129907125 -16.064587938046525 43.9433329361816
    vertex -46.74165407728418 -12.528308065890254 68.90071664329375
    vertex -46.741663732001676 -12.664604760737076 67.86544046293695
  endloop
endfacet
facet normal -0.9999999999866869 -1.3718749418711378e-08 5.160062404426756e-06
  outer loop
    vertex -46.74164002818228 -9.699880941184885 71.72914376800365
    vertex -46.741649013572776 11.33556929230282 76.9432932132549
    vertex -46.741643863571234 -8.664604760794797 71.86544046288564
  endloop
endfacet
facet normal -0.9999999999866869 -1.3718749418711378e-08 5.160062404426756e-06
  outer loop
    vertex -46.741643863571234 -8.664604760794797 71.86544046288564
    vertex -46.741649013572776 11.33556929230282 76.9432932132549
    vertex -46.741650421231824 -7.629328580406247 71.7291437680958
  endloop
endfacet
facet normal -0.9999999999866869 -1.3718749418711378e-08 5.160062404426756e-06
  outer loop
    vertex -46.741650421231824 -7.629328580406247 71.7291437680958
    vertex -46.741649013572776 11.33556929230282 76.9432932132549
    vertex -46.741659254270296 -6.664604760837931 71.32954207814312
  endloop
endfacet
facet normal -0.9999999999866869 -1.3718749418711378e-08 5.160062404426756e-06
  outer loop
    vertex -46.741659254270296 -6.664604760837931 71.32954207814312
    vertex -46.741649013572776 11.33556929230282 76.9432932132549
    vertex -46.7416697607297 -5.836177636111932 70.69386758782485
  endloop
endfacet
facet normal -0.9999999999866869 -1.3718749418711378e-08 5.160062404426756e-06
  outer loop
    vertex -46.7416697607297 -5.836177636111932 70.69386758782485
    vertex -46.741649013572776 11.33556929230282 76.9432932132549
    vertex -46.74168122461217 -5.200503145737783 69.86544046315444
  endloop
endfacet
facet normal -0.9999999999866869 -1.3718749418711378e-08 5.160062404426756e-06
  outer loop
    vertex -46.74168122461217 -5.200503145737783 69.86544046315444
    vertex -46.741649013572776 11.33556929230282 76.9432932132549
    vertex -46.741692864673084 -4.800901455732709 68.90071664363761
  endloop
endfacet
facet normal -0.9999999999866869 -1.3718749418711378e-08 5.160062404426756e-06
  outer loop
    vertex -46.741692864673084 -4.800901455732709 68.90071664363761
    vertex -46.741649013572776 11.33556929230282 76.9432932132549
    vertex -46.7417038876615 -4.664604760897543 67.86544046329294
  endloop
endfacet
facet normal -0.9999999999866869 -1.3718749418711378e-08 5.160062404426756e-06
  outer loop
    vertex -46.7417038876615 -4.664604760897543 67.86544046329294
    vertex -46.741649013572776 11.33556929230282 76.9432932132549
    vertex -46.74185980120115 11.335359429841994 36.19256975044188
  endloop
endfacet
facet normal -0.9999999999866869 -1.3718749418711378e-08 5.160062404426756e-06
  outer loop
    vertex -46.74185877756256 -25.664826477406752 36.193476999413534
    vertex -46.741748080096855 -22.26460853912946 43.943332936173576
    vertex -46.74185980120115 11.335359429841994 36.19256975044188
  endloop
endfacet
facet normal -0.9999999999866869 -1.3718749418711378e-08 5.160062404426756e-06
  outer loop
    vertex -46.741748080096855 -22.26460853912946 43.943332936173576
    vertex -46.74185877756256 -25.664826477406752 36.193476999413534
    vertex -46.74164901733735 -25.664616599901855 76.94329321325495
  endloop
endfacet
facet normal -0.9999999999866869 -1.3718749418711378e-08 5.160062404426756e-06
  outer loop
    vertex -46.741748080096855 -22.26460853912946 43.943332936173576
    vertex -46.74164901733735 -25.664616599901855 76.94329321325495
    vertex -46.74172740601961 -22.264608539139612 50.34323976036274
  endloop
endfacet
facet normal -0.9999999999866869 -1.3718749418711378e-08 5.160062404426756e-06
  outer loop
    vertex -46.74185980120115 11.335359429841994 36.19256975044188
    vertex -46.741748080096855 -22.26460853912946 43.943332936173576
    vertex -46.741733129907125 -16.064587938046525 43.9433329361816
  endloop
endfacet
facet normal -0.9999999999866869 -1.3718749418711378e-08 5.160062404426756e-06
  outer loop
    vertex -46.74185980120115 11.335359429841994 36.19256975044188
    vertex -46.741733129907125 -16.064587938046525 43.9433329361816
    vertex -46.741697858933485 -11.493031885522683 65.03701333840503
  endloop
endfacet
facet normal -0.9999999999866869 -1.3718749418711378e-08 5.160062404426756e-06
  outer loop
    vertex -46.741697858933485 -11.493031885522683 65.03701333840503
    vertex -46.741733129907125 -16.064587938046525 43.9433329361816
    vertex -46.741686395051005 -12.128706375896835 65.86544046307544
  endloop
endfacet
facet normal -0.9999999999866869 -1.3718749418711378e-08 5.160062404426756e-06
  outer loop
    vertex -46.741686395051005 -12.128706375896835 65.86544046307544
    vertex -46.741733129907125 -16.064587938046525 43.9433329361816
    vertex -46.74167475499009 -12.528308065901909 66.83016428259228
  endloop
endfacet
facet normal -0.9999999999866869 -1.3718749418711378e-08 5.160062404426756e-06
  outer loop
    vertex -46.74167475499009 -12.528308065901909 66.83016428259228
    vertex -46.741733129907125 -16.064587938046525 43.9433329361816
    vertex -46.741663732001676 -12.664604760737076 67.86544046293695
  endloop
endfacet
facet normal -0.9999999999866869 -1.3718749418711378e-08 5.160062404426756e-06
  outer loop
    vertex -46.74185980120115 11.335359429841994 36.19256975044188
    vertex -46.741697858933485 -11.493031885522683 65.03701333840503
    vertex -46.74170836539288 -10.664604760796687 64.40133884808677
  endloop
endfacet
facet normal -0.9999999999866869 -1.3718749418711378e-08 5.160062404426756e-06
  outer loop
    vertex -46.74185980120115 11.335359429841994 36.19256975044188
    vertex -46.74170836539288 -10.664604760796687 64.40133884808677
    vertex -46.74171719843135 -9.699880941228368 64.00173715813409
  endloop
endfacet
facet normal -0.9999999999866869 -1.3718749418711378e-08 5.160062404426756e-06
  outer loop
    vertex -46.74185980120115 11.335359429841994 36.19256975044188
    vertex -46.74171719843135 -9.699880941228368 64.00173715813409
    vertex -46.74172375609194 -8.66460476083982 63.86544046334425
  endloop
endfacet
facet normal -0.9999999999866869 -1.3718749418711378e-08 5.160062404426756e-06
  outer loop
    vertex -46.74185980120115 11.335359429841994 36.19256975044188
    vertex -46.74172375609194 -8.66460476083982 63.86544046334425
    vertex -46.741727591480895 -7.629328580449736 64.00173715822622
  endloop
endfacet
facet normal -0.9999999999866869 -1.3718749418711378e-08 5.160062404426756e-06
  outer loop
    vertex -46.74185980120115 11.335359429841994 36.19256975044188
    vertex -46.741727591480895 -7.629328580449736 64.00173715822622
    vertex -46.7417284432228 -6.664604760876919 64.40133884826477
  endloop
endfacet
facet normal -0.9999999999866869 -1.3718749418711378e-08 5.160062404426756e-06
  outer loop
    vertex -46.74185980120115 11.335359429841994 36.19256975044188
    vertex -46.7417284432228 -6.664604760876919 64.40133884826477
    vertex -46.74172625327285 -5.83617763614377 65.03701333865676
  endloop
endfacet
facet normal -0.9999999999866869 -1.3718749418711378e-08 5.160062404426756e-06
  outer loop
    vertex -46.74185980120115 11.335359429841994 36.19256975044188
    vertex -46.74172625327285 -5.83617763614377 65.03701333865676
    vertex -46.74172117087252 -5.200503145760292 65.86544046338375
  endloop
endfacet
facet normal -0.9999999999866869 -1.3718749418711378e-08 5.160062404426756e-06
  outer loop
    vertex -46.74185980120115 11.335359429841994 36.19256975044188
    vertex -46.74172117087252 -5.200503145760292 65.86544046338375
    vertex -46.741713542378996 -4.800901455744361 66.83016428293614
  endloop
endfacet
facet normal -0.9999999999866869 -1.3718749418711378e-08 5.160062404426756e-06
  outer loop
    vertex -46.74185980120115 11.335359429841994 36.19256975044188
    vertex -46.741713542378996 -4.800901455744361 66.83016428293614
    vertex -46.7417038876615 -4.664604760897543 67.86544046329294
  endloop
endfacet
facet normal 1.0 1.5920497025398683e-13 1.0691941163352511e-12
  outer loop
    vertex -40.541630907560936 -8.13043161706876 78.18446787479162
    vertex -40.5416309075615 -8.130431617068805 78.70210596499666
    vertex -40.541630907561206 -8.16450579077972 78.44328691989413
  endloop
endfacet
facet normal 1.0 1.5920497025398683e-13 1.0691941163352511e-12
  outer loop
    vertex -40.5416309075615 -8.130431617068805 78.70210596499666
    vertex -40.541630907560936 -8.13043161706876 78.18446787479162
    vertex -40.54163090756176 -8.030531194564178 78.94328691989413
  endloop
endfacet
facet normal 1.0 1.5920497025398683e-13 1.0691941163352511e-12
  outer loop
    vertex -40.54163090756176 -8.030531194564178 78.94328691989413
    vertex -40.541630907560936 -8.13043161706876 78.18446787479162
    vertex -40.541630907560695 -8.030531194564178 77.94328691989413
  endloop
endfacet
facet normal 1.0 1.5920497025398683e-13 1.0691941163352511e-12
  outer loop
    vertex -40.54163090756176 -8.030531194564178 78.94328691989413
    vertex -40.541630907560695 -8.030531194564178 77.94328691989413
    vertex -40.541630907560496 -7.871612571966271 77.73618013870761
  endloop
endfacet
facet normal 1.0 1.5920497025398683e-13 1.0691941163352511e-12
  outer loop
    vertex -40.54163090756176 -8.030531194564178 78.94328691989413
    vertex -40.541630907560496 -7.871612571966271 77.73618013870761
    vertex -40.541630907562 -7.871612571966271 79.15039370108067
  endloop
endfacet
facet normal 1.0 1.5920497025398683e-13 1.0691941163352511e-12
  outer loop
    vertex -40.541630907562 -7.871612571966271 79.15039370108067
    vertex -40.541630907560496 -7.871612571966271 77.73618013870761
    vertex -40.54163090756037 -7.664505790779698 77.5772615161097
  endloop
endfacet
facet normal 1.0 1.5920497025398683e-13 1.0691941163352511e-12
  outer loop
    vertex -40.541630907562 -7.871612571966271 79.15039370108067
    vertex -40.54163090756037 -7.664505790779698 77.5772615161097
    vertex -40.54163090756222 -7.664505790779698 79.30931232367857
  endloop
endfacet
facet normal 1.0 1.5920497025398683e-13 1.0691941163352511e-12
  outer loop
    vertex -40.54163090756222 -7.664505790779698 79.30931232367857
    vertex -40.54163090756037 -7.664505790779698 77.5772615161097
    vertex -40.541630907560304 -7.423324835882233 77.47736109360507
  endloop
endfacet
facet normal 1.0 1.5920497025398683e-13 1.0691941163352511e-12
  outer loop
    vertex -40.54163090756222 -7.664505790779698 79.30931232367857
    vertex -40.541630907560304 -7.423324835882233 77.47736109360507
    vertex -40.54163090756236 -7.423324835882233 79.4092127461832
  endloop
endfacet
facet normal 1.0 1.5920497025398683e-13 1.0691941163352511e-12
  outer loop
    vertex -40.54163090756236 -7.423324835882233 79.4092127461832
    vertex -40.541630907560304 -7.423324835882233 77.47736109360507
    vertex -40.541630907560304 -7.164505790779722 77.44328691989415
  endloop
endfacet
facet normal 1.0 1.5920497025398683e-13 1.0691941163352511e-12
  outer loop
    vertex -40.54163090756236 -7.423324835882233 79.4092127461832
    vertex -40.541630907560304 -7.164505790779722 77.44328691989415
    vertex -40.54163090756244 -7.164505790779722 79.44328691989413
  endloop
endfacet
facet normal 1.0 1.5920497025398683e-13 1.0691941163352511e-12
  outer loop
    vertex -40.54163090756244 -7.164505790779722 79.44328691989413
    vertex -40.541630907560304 -7.164505790779722 77.44328691989415
    vertex -40.54163090756037 -6.905686745677188 77.47736109360507
  endloop
endfacet
facet normal 1.0 1.5920497025398683e-13 1.0691941163352511e-12
  outer loop
    vertex -40.54163090756244 -7.164505790779722 79.44328691989413
    vertex -40.54163090756037 -6.905686745677188 77.47736109360507
    vertex -40.54163090756244 -6.905686745677188 79.4092127461832
  endloop
endfacet
facet normal 1.0 1.5920497025398683e-13 1.0691941163352511e-12
  outer loop
    vertex -40.54163090756244 -6.905686745677188 79.4092127461832
    vertex -40.54163090756037 -6.905686745677188 77.47736109360507
    vertex -40.541630907560524 -6.6645057907797005 77.5772615161097
  endloop
endfacet
facet normal 1.0 1.5920497025398683e-13 1.0691941163352511e-12
  outer loop
    vertex -40.54163090756244 -6.905686745677188 79.4092127461832
    vertex -40.541630907560524 -6.6645057907797005 77.5772615161097
    vertex -40.54163090756238 -6.6645057907797005 79.30931232367857
  endloop
endfacet
facet normal 1.0 1.5920497025398683e-13 1.0691941163352511e-12
  outer loop
    vertex -40.54163090756238 -6.6645057907797005 79.30931232367857
    vertex -40.541630907560524 -6.6645057907797005 77.5772615161097
    vertex -40.541630907560716 -6.457399009593172 77.73618013870761
  endloop
endfacet
facet normal 1.0 1.5920497025398683e-13 1.0691941163352511e-12
  outer loop
    vertex -40.54163090756238 -6.6645057907797005 79.30931232367857
    vertex -40.541630907560716 -6.457399009593172 77.73618013870761
    vertex -40.54163090756223 -6.457399009593172 79.15039370108067
  endloop
endfacet
facet normal 1.0 1.5920497025398683e-13 1.0691941163352511e-12
  outer loop
    vertex -40.54163090756223 -6.457399009593172 79.15039370108067
    vertex -40.541630907560716 -6.457399009593172 77.73618013870761
    vertex -40.541630907560965 -6.298480386995311 77.94328691989413
  endloop
endfacet
facet normal 1.0 1.5920497025398683e-13 1.0691941163352511e-12
  outer loop
    vertex -40.54163090756223 -6.457399009593172 79.15039370108067
    vertex -40.541630907560965 -6.298480386995311 77.94328691989413
    vertex -40.54163090756205 -6.298480386995311 78.94328691989413
  endloop
endfacet
facet normal 1.0 1.5920497025398683e-13 1.0691941163352511e-12
  outer loop
    vertex -40.54163090756205 -6.298480386995311 78.94328691989413
    vertex -40.541630907560965 -6.298480386995311 77.94328691989413
    vertex -40.54163090756125 -6.198579964490661 78.18446787479162
  endloop
endfacet
facet normal 1.0 1.5920497025398683e-13 1.0691941163352511e-12
  outer loop
    vertex -40.54163090756205 -6.298480386995311 78.94328691989413
    vertex -40.54163090756125 -6.198579964490661 78.18446787479162
    vertex -40.54163090756179 -6.198579964490661 78.70210596499666
  endloop
endfacet
facet normal 1.0 1.5920497025398683e-13 1.0691941163352511e-12
  outer loop
    vertex -40.54163090756179 -6.198579964490661 78.70210596499666
    vertex -40.54163090756125 -6.198579964490661 78.18446787479162
    vertex -40.54163090756152 -6.164505790779724 78.44328691989413
  endloop
endfacet
facet normal -2.9830659391876203e-13 0.9914448613738134 0.1305261922200295
  outer loop
    vertex -40.54163090753696 -28.16459837216345 59.568400182803806
    vertex -31.7416309075367 -28.130524198451113 59.309581137710694
    vertex -40.54163090753669 -28.130524198452513 59.30958113770129
  endloop
endfacet
facet normal -2.9830659391876203e-13 0.9914448613738134 0.1305261922200295
  outer loop
    vertex -31.7416309075367 -28.130524198451113 59.309581137710694
    vertex -40.54163090753696 -28.16459837216345 59.568400182803806
    vertex -31.74163090753697 -28.16459837216203 59.56840018281321
  endloop
endfacet
facet normal 9.441087120261541e-13 -0.6087614290086913 -0.7933533402912576
  outer loop
    vertex -40.541630907538 -26.45749159097688 60.275506963990345
    vertex -31.74163090753813 -26.664598372162054 60.43442558659765
    vertex -40.54163090753813 -26.66459837216343 60.434425586588254
  endloop
endfacet
facet normal 9.441087120261541e-13 -0.6087614290086913 -0.7933533402912576
  outer loop
    vertex -31.74163090753813 -26.664598372162054 60.43442558659765
    vertex -40.541630907538 -26.45749159097688 60.275506963990345
    vertex -31.741630907538006 -26.457491590975458 60.27550696399975
  endloop
endfacet
facet normal -5.567585149056924e-13 0.9238795325112441 0.38268343236519264
  outer loop
    vertex -40.54163090753669 -28.130524198452513 59.30958113770129
    vertex -31.74163090753646 -28.03062377594644 59.06840018281321
    vertex -40.54163090753646 -28.030623775947863 59.06840018280381
  endloop
endfacet
facet normal -5.567585149056924e-13 0.9238795325112441 0.38268343236519264
  outer loop
    vertex -31.74163090753646 -28.03062377594644 59.06840018281321
    vertex -40.54163090753669 -28.130524198452513 59.30958113770129
    vertex -31.7416309075367 -28.130524198451113 59.309581137710694
  endloop
endfacet
facet normal -9.446180504879113e-13 0.6087614290087194 0.793353340291236
  outer loop
    vertex -31.74163090753626 -27.87170515334858 58.86129340162667
    vertex -40.54163090753613 -27.66459837216343 58.702374779019365
    vertex -40.54163090753625 -27.87170515335 58.86129340161726
  endloop
endfacet
facet normal -9.446180504879113e-13 0.6087614290087194 0.793353340291236
  outer loop
    vertex -40.54163090753613 -27.66459837216343 58.702374779019365
    vertex -31.74163090753626 -27.87170515334858 58.86129340162667
    vertex -31.741630907536134 -27.66459837216205 58.70237477902877
  endloop
endfacet
facet normal -3.213764991076958e-05 -1.2673130377175765e-13 0.9999999994835858
  outer loop
    vertex -45.541630907528756 -25.16459837216377 51.0432863476841
    vertex -44.24163090680266 -16.964598944368124 51.043328126630065
    vertex -45.541630907529985 -16.964598944367673 51.043286347686205
  endloop
endfacet
facet normal -3.213764991076958e-05 -1.2673130377175765e-13 0.9999999994835858
  outer loop
    vertex -44.24163090680266 -16.964598944368124 51.043328126630065
    vertex -45.541630907528756 -25.16459837216377 51.0432863476841
    vertex -44.24163090680147 -25.1645983721635 51.0433281266301
  endloop
endfacet
facet normal 0.9238795324823429 7.915782657854427e-06 0.38268343235309765
  outer loop
    vertex -22.694378280454185 -29.16472438373056 37.142990800269715
    vertex -22.804268975918824 -24.16471820845147 37.408186982826734
    vertex -22.804268745209278 -29.16472438373065 37.40828985065695
  endloop
endfacet
facet normal 0.9238795324823429 7.915782657854427e-06 0.38268343235309765
  outer loop
    vertex -22.804268975918824 -24.16471820845147 37.408186982826734
    vertex -22.694378280454185 -29.16472438373056 37.142990800269715
    vertex -22.69437851116373 -24.164718208451422 37.14288793243951
  endloop
endfacet
facet normal -0.793353340291247 1.4973469465380391e-05 0.6087614288245569
  outer loop
    vertex -20.702509199544746 12.335446767599624 37.09198853947823
    vertex -20.893211548117105 14.835440653726394 36.84339890870022
    vertex -20.89321154660451 12.33544065433779 36.843460402204734
  endloop
endfacet
facet normal -0.793353340291247 1.4973469465380391e-05 0.6087614288245569
  outer loop
    vertex -20.893211548117105 14.835440653726394 36.84339890870022
    vertex -20.702509199544746 12.335446767599624 37.09198853947823
    vertex -20.702509201057318 14.835446766988229 37.09192704597371
  endloop
endfacet
facet normal -0.7933533402286413 -1.2560984787018447e-05 -0.6087614289607048
  outer loop
    vertex -20.963933107695645 -24.164718208451763 38.47070539174471
    vertex -20.789122392128416 -29.164724383730878 38.242990800269716
    vertex -20.9639328769861 -29.1647243837309 38.470808259574916
  endloop
endfacet
facet normal -0.7933533402286413 -1.2560984787018447e-05 -0.6087614289607048
  outer loop
    vertex -20.789122392128416 -29.164724383730878 38.242990800269716
    vertex -20.963933107695645 -24.164718208451763 38.47070539174471
    vertex -20.78912262283796 -24.16471820845174 38.2428879324395
  endloop
endfacet
facet normal 5.222573282243107e-13 0.7933533402912021 -0.608761429008764
  outer loop
    vertex -40.541630907562 -7.871612571966271 79.15039370108067
    vertex -31.741630907561763 -8.030531194562757 78.94328691990354
    vertex -40.54163090756176 -8.030531194564178 78.94328691989413
  endloop
endfacet
facet normal 5.222573282243107e-13 0.7933533402912021 -0.608761429008764
  outer loop
    vertex -31.741630907561763 -8.030531194562757 78.94328691990354
    vertex -40.541630907562 -7.871612571966271 79.15039370108067
    vertex -31.741630907562023 -7.8716125719648495 79.15039370109008
  endloop
endfacet
facet normal 7.805560465805499e-13 -0.7933533402912855 -0.6087614290086552
  outer loop
    vertex -31.741630907562055 -6.298480386993867 78.94328691990354
    vertex -40.54163090756223 -6.457399009593172 79.15039370108067
    vertex -40.54163090756205 -6.298480386995311 78.94328691989413
  endloop
endfacet
facet normal 7.805560465805499e-13 -0.7933533402912855 -0.6087614290086552
  outer loop
    vertex -40.54163090756223 -6.457399009593172 79.15039370108067
    vertex -31.741630907562055 -6.298480386993867 78.94328691990354
    vertex -31.741630907562236 -6.457399009591729 79.15039370109008
  endloop
endfacet
facet normal 0.3826834322958506 1.902513082099161e-05 0.9238795323440775
  outer loop
    vertex -22.291750336291283 -29.164724383730448 36.740362856106834
    vertex -22.026451516613616 -24.164718208451266 36.63036952352154
    vertex -22.291750567000825 -24.164718208451312 36.74025998827663
  endloop
endfacet
facet normal 0.3826834322958506 1.902513082099161e-05 0.9238795323440775
  outer loop
    vertex -22.026451516613616 -24.164718208451266 36.63036952352154
    vertex -22.291750336291283 -29.164724383730448 36.740362856106834
    vertex -22.02645128590407 -29.164724383730427 36.630472391351745
  endloop
endfacet
facet normal -0.9238795325112964 9.412459174660807e-06 0.3826834322493125
  outer loop
    vertex -20.582628692575465 12.335453886581977 37.38140568518009
    vertex -20.702509201057318 14.835446766988229 37.09192704597371
    vertex -20.702509199544746 12.335446767599624 37.09198853947823
  endloop
endfacet
facet normal -0.9238795325112964 9.412459174660807e-06 0.3826834322493125
  outer loop
    vertex -20.702509201057318 14.835446766988229 37.09192704597371
    vertex -20.582628692575465 12.335453886581977 37.38140568518009
    vertex -20.582628694088037 14.83545388597058 37.38134419167558
  endloop
endfacet
facet normal -0.13052619219291636 2.039150841631717e-05 0.991444861167682
  outer loop
    vertex -21.741750336291304 -29.16472438373038 36.59299080026972
    vertex -21.457049617388076 -24.164718208451266 36.63036952352154
    vertex -21.74175056700085 -24.164718208451244 36.59288793243951
  endloop
endfacet
facet normal -0.13052619219291636 2.039150841631717e-05 0.991444861167682
  outer loop
    vertex -21.457049617388076 -24.164718208451266 36.63036952352154
    vertex -21.741750336291304 -29.16472438373038 36.59299080026972
    vertex -21.45704938667853 -29.164724383730427 36.630472391351745
  endloop
endfacet
facet normal 0.9914448613701171 2.731133021486139e-06 0.13052619221953315
  outer loop
    vertex -22.804268745209278 -29.16472438373065 37.40828985065695
    vertex -22.841750567000837 -24.164718208451557 37.692887932439504
    vertex -22.84175033629129 -29.164724383730697 37.69299080026972
  endloop
endfacet
facet normal 0.9914448613701171 2.731133021486139e-06 0.13052619221953315
  outer loop
    vertex -22.841750567000837 -24.164718208451557 37.692887932439504
    vertex -22.804268745209278 -29.16472438373065 37.40828985065695
    vertex -22.804268975918824 -24.16471820845147 37.408186982826734
  endloop
endfacet
facet normal 6.236626481795011e-07 -1.3738722519313979e-05 -0.9999999999054294
  outer loop
    vertex -21.7417388222633 12.335501269575401 41.59198318494616
    vertex -16.741636253216477 10.835537255838908 41.59200691091656
    vertex -21.741750235429475 10.835503216558477 41.59200691140825
  endloop
endfacet
facet normal 6.236626481795011e-07 -1.3738722519313979e-05 -0.9999999999054294
  outer loop
    vertex -16.741636253216477 10.835537255838908 41.59200691091656
    vertex -21.7417388222633 12.335501269575401 41.59198318494616
    vertex -16.74163574737867 12.335535711121207 41.59198942126565
  endloop
endfacet
facet normal 5.222572962931847e-13 0.7933533402912855 -0.6087614290086552
  outer loop
    vertex -40.54163090753778 -27.87170515335 60.275506963990345
    vertex -31.741630907537523 -28.03062377594644 60.06840018281321
    vertex -40.54163090753752 -28.030623775947863 60.0684001828038
  endloop
endfacet
facet normal 5.222572962931847e-13 0.7933533402912855 -0.6087614290086552
  outer loop
    vertex -31.741630907537523 -28.03062377594644 60.06840018281321
    vertex -40.54163090753778 -27.87170515335 60.275506963990345
    vertex -31.741630907537782 -27.87170515334858 60.27550696399975
  endloop
endfacet
facet normal 0.9914448613703605 -2.639638817104522e-06 -0.1305261922195652
  outer loop
    vertex -22.84175033629129 -29.164724383730697 37.69299080026972
    vertex -22.804268975918824 -24.16471820845165 37.977588882052274
    vertex -22.804268745209278 -29.164724383730785 37.97769174988249
  endloop
endfacet
facet normal 0.9914448613703605 -2.639638817104522e-06 -0.1305261922195652
  outer loop
    vertex -22.804268975918824 -24.16471820845165 37.977588882052274
    vertex -22.84175033629129 -29.164724383730697 37.69299080026972
    vertex -22.841750567000837 -24.164718208451557 37.692887932439504
  endloop
endfacet
facet normal -2.7054826737273783e-05 -2.1993867151306555e-05 -0.9999999993921531
  outer loop
    vertex -43.24187785986998 11.335353226466099 32.692474639345264
    vertex -38.7418766441559 10.83534127036377 32.69242507057838
    vertex -43.24187684003376 -25.66484451998112 32.69337945053317
  endloop
endfacet
facet normal -2.7054826737273783e-05 -2.1993867151306555e-05 -0.9999999993921531
  outer loop
    vertex -38.7418766441559 10.83534127036377 32.69242507057838
    vertex -43.24187785986998 11.335353226466099 32.692474639345264
    vertex -16.741682391249743 11.335442733903914 32.691873717562466
  endloop
endfacet
facet normal -2.7054826737273783e-05 -2.1993867151306555e-05 -0.9999999993921531
  outer loop
    vertex -43.24187684003376 -25.66484451998112 32.69337945053317
    vertex -38.7418766441559 10.83534127036377 32.69242507057838
    vertex -38.741876763671684 -24.16484464093842 32.69328597226858
  endloop
endfacet
facet normal -2.7054826737273783e-05 -2.1993867151306555e-05 -0.9999999993921531
  outer loop
    vertex -38.7418766441559 10.83534127036377 32.69242507057838
    vertex -16.741682391249743 11.335442733903914 32.691873717562466
    vertex -16.74167987161294 10.835442734646287 32.6918839229426
  endloop
endfacet
facet normal -2.7054826737273783e-05 -2.1993867151306555e-05 -0.9999999993921531
  outer loop
    vertex -38.741876763671684 -24.16484464093842 32.69328597226858
    vertex -16.741847984395907 -25.66484464300403 32.69260094989163
    vertex -43.24187684003376 -25.66484451998112 32.69337945053317
  endloop
endfacet
facet normal -2.7054826737273783e-05 -2.1993867151306555e-05 -0.9999999993921531
  outer loop
    vertex -16.741847984395907 -25.66484464300403 32.69260094989163
    vertex -38.741876763671684 -24.16484464093842 32.69328597226858
    vertex -16.74184799007446 -24.16484464463876 32.69255948578667
  endloop
endfacet
facet normal 4.834025145643013e-07 9.146610690369978e-16 0.9999999999998832
  outer loop
    vertex -43.2416309551876 -25.664598611472464 80.44329247903251
    vertex -31.741630907566623 11.335587154509833 80.44328691990353
    vertex -43.241630955193905 11.335587279097329 80.44329247903245
  endloop
endfacet
facet normal 4.834025145643013e-07 9.146610690369978e-16 0.9999999999998832
  outer loop
    vertex -31.741630907566623 11.335587154509833 80.44328691990353
    vertex -43.2416309551876 -25.664598611472464 80.44329247903251
    vertex -31.741630907560385 -25.664598736059915 80.44328691990354
  endloop
endfacet
facet normal -1.0993023672483424e-05 0.6031594219862699 -0.7976206564202951
  outer loop
    vertex -45.94186466122261 -0.9253910300591208 54.00667226443843
    vertex -45.54186518378571 -1.1317328149143682 53.850631434895206
    vertex -45.941865183760726 -1.1317348226973578 53.85063542952125
  endloop
endfacet
facet normal -1.0993023672483424e-05 0.6031594219862699 -0.7976206564202951
  outer loop
    vertex -45.54186518378571 -1.1317328149143682 53.850631434895206
    vertex -45.94186466122261 -0.9253910300591208 54.00667226443843
    vertex -45.541864661247594 -0.9253890222761312 54.006668269812394
  endloop
endfacet
facet normal -8.739931365870905e-06 -0.2057800114737872 -0.9785982765167031
  outer loop
    vertex -45.54186444492143 -1.3824149431539248 53.79861915658948
    vertex -45.94186249627862 -1.656120907274375 53.85617772147185
    vertex -45.941864444896446 -1.3824169509369146 53.79862315121552
  endloop
endfacet
facet normal -8.739931365870905e-06 -0.2057800114737872 -0.9785982765167031
  outer loop
    vertex -45.94186249627862 -1.656120907274375 53.85617772147185
    vertex -45.54186444492143 -1.3824149431539248 53.79861915658948
    vertex -45.5418624963036 -1.6561188994913798 53.85617372684582
  endloop
endfacet
facet normal 1.0781574352309774e-05 -0.19762402297345555 0.9802778919406195
  outer loop
    vertex -45.941846595934074 -1.6727477830474338 55.43999422889629
    vertex -45.54184739697106 -1.4062894314724712 55.49370783317616
    vertex -45.941847396946066 -1.4062914392554664 55.4937118278022
  endloop
endfacet
facet normal 1.0781574352309774e-05 -0.19762402297345555 0.9802778919406195
  outer loop
    vertex -45.54184739697106 -1.4062894314724712 55.49370783317616
    vertex -45.941846595934074 -1.6727477830474338 55.43999422889629
    vertex -45.541846595959065 -1.672745775264444 55.439990234270255
  endloop
endfacet
facet normal -9.126289853746894e-06 0.8825136096980754 -0.4702868577946701
  outer loop
    vertex -45.94186466122261 -0.9253910300591208 54.00667226443843
    vertex -45.54186276598526 -0.7872580536427765 54.26587700104094
    vertex -45.541864661247594 -0.9253890222761312 54.006668269812394
  endloop
endfacet
facet normal -9.126289853746894e-06 0.8825136096980754 -0.4702868577946701
  outer loop
    vertex -45.54186276598526 -0.7872580536427765 54.26587700104094
    vertex -45.94186466122261 -0.9253910300591208 54.00667226443843
    vertex -45.94186276596027 -0.7872600614257661 54.265880995666976
  endloop
endfacet
facet normal -1.0798042617310675e-05 0.2031562131283848 -0.9791463388844065
  outer loop
    vertex -45.54186518378571 -1.1317328149143682 53.850631434895206
    vertex -45.941864444896446 -1.3824169509369146 53.79862315121552
    vertex -45.941865183760726 -1.1317348226973578 53.85063542952125
  endloop
endfacet
facet normal -1.0798042617310675e-05 0.2031562131283848 -0.9791463388844065
  outer loop
    vertex -45.941864444896446 -1.3824169509369146 53.79862315121552
    vertex -45.54186518378571 -1.1317328149143682 53.850631434895206
    vertex -45.54186444492143 -1.3824149431539248 53.79861915658948
  endloop
endfacet
facet normal 1.1020757987195552e-05 -0.5917029215577264 0.8061560968563061
  outer loop
    vertex -45.54184710324974 -1.8923058025548827 55.278837437552504
    vertex -45.941846595934074 -1.6727477830474338 55.43999422889629
    vertex -45.94184710322475 -1.8923078103378723 55.27884143217854
  endloop
endfacet
facet normal 1.1020757987195552e-05 -0.5917029215577264 0.8061560968563061
  outer loop
    vertex -45.941846595934074 -1.6727477830474338 55.43999422889629
    vertex -45.54184710324974 -1.8923058025548827 55.278837437552504
    vertex -45.541846595959065 -1.672745775264444 55.439990234270255
  endloop
endfacet
facet normal 2.1228491571854317e-07 0.884797860494431 0.46597504875736917
  outer loop
    vertex -45.941855425858414 -0.7889653819892176 55.00002151404783
    vertex -45.541851990529445 -0.9322103046137071 55.27201615515175
    vertex -45.5418554258834 -0.7889633742062223 55.00001751942179
  endloop
endfacet
facet normal 2.1228491571854317e-07 0.884797860494431 0.46597504875736917
  outer loop
    vertex -45.541851990529445 -0.9322103046137071 55.27201615515175
    vertex -45.941855425858414 -0.7889653819892176 55.00002151404783
    vertex -45.94185199050446 -0.9322123123966968 55.27202014977779
  endloop
endfacet
facet normal -3.7093817735249036e-06 0.991889003806133 0.12710705769042718
  outer loop
    vertex -45.94185938665187 -0.7412164052008564 54.6274089629068
    vertex -45.5418554258834 -0.7889633742062223 55.00001751942179
    vertex -45.541859386676855 -0.7412143974178667 54.627404968280764
  endloop
endfacet
facet normal -3.7093817735249036e-06 0.991889003806133 0.12710705769042718
  outer loop
    vertex -45.5418554258834 -0.7889633742062223 55.00001751942179
    vertex -45.94185938665187 -0.7412164052008564 54.6274089629068
    vertex -45.941855425858414 -0.7889653819892176 55.00002151404783
  endloop
endfacet
facet normal 4.806838001196287e-06 0.613504895275921 0.7896909164029784
  outer loop
    vertex -45.941849255797756 -1.1462300477199097 55.438288908296094
    vertex -45.541851990529445 -0.9322103046137071 55.27201615515175
    vertex -45.94185199050446 -0.9322123123966968 55.27202014977779
  endloop
endfacet
facet normal 4.806838001196287e-06 0.613504895275921 0.7896909164029784
  outer loop
    vertex -45.541851990529445 -0.9322103046137071 55.27201615515175
    vertex -45.941849255797756 -1.1462300477199097 55.438288908296094
    vertex -45.54184925582274 -1.14622803993692 55.43828491367007
  endloop
endfacet
facet normal 8.7209989520182e-06 0.20843399457973052 0.9780364358384003
  outer loop
    vertex -45.941847396946066 -1.4062914392554664 55.4937118278022
    vertex -45.54184925582274 -1.14622803993692 55.43828491367007
    vertex -45.941849255797756 -1.1462300477199097 55.438288908296094
  endloop
endfacet
facet normal 8.7209989520182e-06 0.20843399457973052 0.9780364358384003
  outer loop
    vertex -45.54184925582274 -1.14622803993692 55.43828491367007
    vertex -45.941847396946066 -1.4062914392554664 55.4937118278022
    vertex -45.54184739697106 -1.4062894314724712 55.49370783317616
  endloop
endfacet
facet normal 9.276667091080132e-06 -0.8711189969583063 0.4910719835750131
  outer loop
    vertex -45.54184710324974 -1.8923058025548827 55.278837437552504
    vertex -45.94184897057852 -2.039391712122635 55.017927380349796
    vertex -45.5418489706035 -2.039389704339645 55.01792338572376
  endloop
endfacet
facet normal 9.276667091080132e-06 -0.8711189969583063 0.4910719835750131
  outer loop
    vertex -45.94184897057852 -2.039391712122635 55.017927380349796
    vertex -45.54184710324974 -1.8923058025548827 55.278837437552504
    vertex -45.94184710322475 -1.8923078103378723 55.27884143217854
  endloop
endfacet
facet normal 6.345569341918414e-06 -0.9904922731583781 0.1375683712678278
  outer loop
    vertex -45.5418489706035 -2.039389704339645 55.01792338572376
    vertex -45.94185224975582 -2.0884196793975573 54.66492601611092
    vertex -45.54185224978081 -2.0884176716145673 54.664922021484884
  endloop
endfacet
facet normal 6.345569341918414e-06 -0.9904922731583781 0.1375683712678278
  outer loop
    vertex -45.94185224975582 -2.0884196793975573 54.66492601611092
    vertex -45.5418489706035 -2.039389704339645 55.01792338572376
    vertex -45.94184897057852 -2.039391712122635 55.017927380349796
  endloop
endfacet
facet normal -4.923750927347503e-06 -0.6042885069321524 -0.796765586835593
  outer loop
    vertex -45.5418624963036 -1.6561188994913798 53.85617372684582
    vertex -45.94185962923003 -1.8837812073992772 54.028841432240874
    vertex -45.94186249627862 -1.656120907274375 53.85617772147185
  endloop
endfacet
facet normal -4.923750927347503e-06 -0.6042885069321524 -0.796765586835593
  outer loop
    vertex -45.94185962923003 -1.8837812073992772 54.028841432240874
    vertex -45.5418624963036 -1.6561188994913798 53.85617372684582
    vertex -45.541859629255015 -1.8837791996162876 54.02883743761484
  endloop
endfacet
facet normal 0.9999999999375369 5.0194574806613505e-06 -9.98656508771325e-06
  outer loop
    vertex -45.54185612125448 -2.037258053625166 54.302967724095026
    vertex -45.5418489706035 -2.039389704339645 55.01792338572376
    vertex -45.54185224978081 -2.0884176716145673 54.664922021484884
  endloop
endfacet
facet normal 0.9999999999375369 5.0194574806613505e-06 -9.98656508771325e-06
  outer loop
    vertex -45.5418489706035 -2.039389704339645 55.01792338572376
    vertex -45.54185612125448 -2.037258053625166 54.302967724095026
    vertex -45.54184710324974 -1.8923058025548827 55.278837437552504
  endloop
endfacet
facet normal 0.9999999999375369 5.0194574806613505e-06 -9.98656508771325e-06
  outer loop
    vertex -45.54184710324974 -1.8923058025548827 55.278837437552504
    vertex -45.54185612125448 -2.037258053625166 54.302967724095026
    vertex -45.541859629255015 -1.8837791996162876 54.02883743761484
  endloop
endfacet
facet normal 0.9999999999375369 5.0194574806613505e-06 -9.98656508771325e-06
  outer loop
    vertex -45.54184710324974 -1.8923058025548827 55.278837437552504
    vertex -45.541859629255015 -1.8837791996162876 54.02883743761484
    vertex -45.541846595959065 -1.672745775264444 55.439990234270255
  endloop
endfacet
facet normal 0.9999999999375369 5.0194574806613505e-06 -9.98656508771325e-06
  outer loop
    vertex -45.541846595959065 -1.672745775264444 55.439990234270255
    vertex -45.541859629255015 -1.8837791996162876 54.02883743761484
    vertex -45.5418624963036 -1.6561188994913798 53.85617372684582
  endloop
endfacet
facet normal 0.9999999999375369 5.0194574806613505e-06 -9.98656508771325e-06
  outer loop
    vertex -45.541846595959065 -1.672745775264444 55.439990234270255
    vertex -45.5418624963036 -1.6561188994913798 53.85617372684582
    vertex -45.54184739697106 -1.4062894314724712 55.49370783317616
  endloop
endfacet
facet normal 0.9999999999375369 5.0194574806613505e-06 -9.98656508771325e-06
  outer loop
    vertex -45.54184739697106 -1.4062894314724712 55.49370783317616
    vertex -45.5418624963036 -1.6561188994913798 53.85617372684582
    vertex -45.54186444492143 -1.3824149431539248 53.79861915658948
  endloop
endfacet
facet normal 0.9999999999375369 5.0194574806613505e-06 -9.98656508771325e-06
  outer loop
    vertex -45.54184739697106 -1.4062894314724712 55.49370783317616
    vertex -45.54186444492143 -1.3824149431539248 53.79861915658948
    vertex -45.54184925582274 -1.14622803993692 55.43828491367007
  endloop
endfacet
facet normal 0.9999999999375369 5.0194574806613505e-06 -9.98656508771325e-06
  outer loop
    vertex -45.54184925582274 -1.14622803993692 55.43828491367007
    vertex -45.54186444492143 -1.3824149431539248 53.79861915658948
    vertex -45.54186518378571 -1.1317328149143682 53.850631434895206
  endloop
endfacet
facet normal 0.9999999999375369 5.0194574806613505e-06 -9.98656508771325e-06
  outer loop
    vertex -45.54184925582274 -1.14622803993692 55.43828491367007
    vertex -45.54186518378571 -1.1317328149143682 53.850631434895206
    vertex -45.541851990529445 -0.9322103046137071 55.27201615515175
  endloop
endfacet
facet normal 0.9999999999375369 5.0194574806613505e-06 -9.98656508771325e-06
  outer loop
    vertex -45.541851990529445 -0.9322103046137071 55.27201615515175
    vertex -45.54186518378571 -1.1317328149143682 53.850631434895206
    vertex -45.541864661247594 -0.9253890222761312 54.006668269812394
  endloop
endfacet
facet normal 0.9999999999375369 5.0194574806613505e-06 -9.98656508771325e-06
  outer loop
    vertex -45.541851990529445 -0.9322103046137071 55.27201615515175
    vertex -45.541864661247594 -0.9253890222761312 54.006668269812394
    vertex -45.5418554258834 -0.7889633742062223 55.00001751942179
  endloop
endfacet
facet normal 0.9999999999375369 5.0194574806613505e-06 -9.98656508771325e-06
  outer loop
    vertex -45.5418554258834 -0.7889633742062223 55.00001751942179
    vertex -45.541864661247594 -0.9253890222761312 54.006668269812394
    vertex -45.54186276598526 -0.7872580536427765 54.26587700104094
  endloop
endfacet
facet normal 0.9999999999375369 5.0194574806613505e-06 -9.98656508771325e-06
  outer loop
    vertex -45.5418554258834 -0.7889633742062223 55.00001751942179
    vertex -45.54186276598526 -0.7872580536427765 54.26587700104094
    vertex -45.541859386676855 -0.7412143974178667 54.627404968280764
  endloop
endfacet
facet normal -6.24092048742787e-06 0.9919872529032697 -0.12633799918660832
  outer loop
    vertex -45.94186276596027 -0.7872600614257661 54.265880995666976
    vertex -45.541859386676855 -0.7412143974178667 54.627404968280764
    vertex -45.54186276598526 -0.7872580536427765 54.26587700104094
  endloop
endfacet
facet normal -6.24092048742787e-06 0.9919872529032697 -0.12633799918660832
  outer loop
    vertex -45.541859386676855 -0.7412143974178667 54.627404968280764
    vertex -45.94186276596027 -0.7872600614257661 54.265880995666976
    vertex -45.94185938665187 -0.7412164052008564 54.6274089629068
  endloop
endfacet
facet normal -9.986565087262953e-06 -5.012713881480457e-11 -0.9999999999501343
  outer loop
    vertex -45.54182384907779 -3.817612760170463 56.639683276502375
    vertex -45.94181681772503 -5.21842905852244 56.639687271128416
    vertex -45.9418238490528 -3.8176147679534553 56.639687271128416
  endloop
endfacet
facet normal -9.986565087262953e-06 -5.012713881480457e-11 -0.9999999999501343
  outer loop
    vertex -45.94181681772503 -5.21842905852244 56.639687271128416
    vertex -45.54182384907779 -3.817612760170463 56.639683276502375
    vertex -45.54181681775002 -5.2184270507394475 56.639683276502375
  endloop
endfacet
facet normal 8.525767416155212e-06 -0.9203279938024157 0.3911475217241345
  outer loop
    vertex -45.54182384907779 -3.817612760170463 56.639683276502375
    vertex -45.94185229432201 -5.357039648743184 53.01758631632949
    vertex -45.541852294346995 -5.357037640960194 53.01758232170346
  endloop
endfacet
facet normal 8.525767416155212e-06 -0.9203279938024157 0.3911475217241345
  outer loop
    vertex -45.94185229432201 -5.357039648743184 53.01758631632949
    vertex -45.54182384907779 -3.817612760170463 56.639683276502375
    vertex -45.9418238490528 -3.8176147679534553 56.639687271128416
  endloop
endfacet
facet normal 0.9999999999375369 5.019457478488429e-06 -9.986565087388758e-06
  outer loop
    vertex -45.94184611442528 -6.588227830855916 53.01758631632949
    vertex -45.941809630716186 -6.6502588675084935 56.639687271128416
    vertex -45.941802381113924 -8.09455883338389 56.639687271128416
  endloop
endfacet
facet normal 0.9999999999375369 5.019457478488429e-06 -9.986565087388758e-06
  outer loop
    vertex -45.941809630716186 -6.6502588675084935 56.639687271128416
    vertex -45.94184611442528 -6.588227830855916 53.01758631632949
    vertex -45.94183608065958 -5.947560197782476 54.34432574327562
  endloop
endfacet
facet normal 0.9999999999375369 5.019457478488429e-06 -9.986565087388758e-06
  outer loop
    vertex -45.94183608065958 -5.947560197782476 54.34432574327562
    vertex -45.94184611442528 -6.588227830855916 53.01758631632949
    vertex -45.94185229432201 -5.357039648743184 53.01758631632949
  endloop
endfacet
facet normal 0.9999999999375369 5.019457478488429e-06 -9.986565087388758e-06
  outer loop
    vertex -45.94183608065958 -5.947560197782476 54.34432574327562
    vertex -45.94185229432201 -5.357039648743184 53.01758631632949
    vertex -45.94181681772503 -5.21842905852244 56.639687271128416
  endloop
endfacet
facet normal 0.9999999999375369 5.019457478488429e-06 -9.986565087388758e-06
  outer loop
    vertex -45.94181681772503 -5.21842905852244 56.639687271128416
    vertex -45.94185229432201 -5.357039648743184 53.01758631632949
    vertex -45.9418238490528 -3.8176147679534553 56.639687271128416
  endloop
endfacet
facet normal -9.986565087262953e-06 -5.012713881480457e-11 -0.9999999999501343
  outer loop
    vertex -45.54180963074117 -6.650256859725501 56.639683276502375
    vertex -45.941802381113924 -8.09455883338389 56.639687271128416
    vertex -45.941809630716186 -6.6502588675084935 56.639687271128416
  endloop
endfacet
facet normal -9.986565087262953e-06 -5.012713881480457e-11 -0.9999999999501343
  outer loop
    vertex -45.941802381113924 -8.09455883338389 56.639687271128416
    vertex -45.54180963074117 -6.650256859725501 56.639683276502375
    vertex -45.54180238113891 -8.094556825600897 56.639683276502375
  endloop
endfacet
facet normal 1.8762325933488737e-06 -0.9561956439183806 -0.2927283562417437
  outer loop
    vertex -45.54180963074117 -6.650256859725501 56.639683276502375
    vertex -45.94183608065958 -5.947560197782476 54.34432574327562
    vertex -45.54183608068456 -5.947558189999484 54.34432174864958
  endloop
endfacet
facet normal 1.8762325933488737e-06 -0.9561956439183806 -0.2927283562417437
  outer loop
    vertex -45.94183608065958 -5.947560197782476 54.34432574327562
    vertex -45.54180963074117 -6.650256859725501 56.639683276502375
    vertex -45.941809630716186 -6.6502588675084935 56.639687271128416
  endloop
endfacet
facet normal -7.80730143736811e-06 0.9530709723797982 -0.3027469595983947
  outer loop
    vertex -45.94183608065958 -5.947560197782476 54.34432574327562
    vertex -45.54181681775002 -5.2184270507394475 56.639683276502375
    vertex -45.54183608068456 -5.947558189999484 54.34432174864958
  endloop
endfacet
facet normal -7.80730143736811e-06 0.9530709723797982 -0.3027469595983947
  outer loop
    vertex -45.54181681775002 -5.2184270507394475 56.639683276502375
    vertex -45.94183608065958 -5.947560197782476 54.34432574327562
    vertex -45.94181681772503 -5.21842905852244 56.639687271128416
  endloop
endfacet
facet normal 9.986565087262953e-06 5.012713881480457e-11 0.9999999999501343
  outer loop
    vertex -45.94184611442528 -6.588227830855916 53.01758631632949
    vertex -45.541852294346995 -5.357037640960194 53.01758232170346
    vertex -45.94185229432201 -5.357039648743184 53.01758631632949
  endloop
endfacet
facet normal 9.986565087262953e-06 5.012713881480457e-11 0.9999999999501343
  outer loop
    vertex -45.541852294346995 -5.357037640960194 53.01758232170346
    vertex -45.94184611442528 -6.588227830855916 53.01758631632949
    vertex -45.541846114450266 -6.588225823072924 53.01758232170346
  endloop
endfacet
facet normal -7.999081531875499e-07 0.923337155313909 0.3839902311468076
  outer loop
    vertex -45.94184611442528 -6.588227830855916 53.01758631632949
    vertex -45.54180238113891 -8.094556825600897 56.639683276502375
    vertex -45.541846114450266 -6.588225823072924 53.01758232170346
  endloop
endfacet
facet normal -7.999081531875499e-07 0.923337155313909 0.3839902311468076
  outer loop
    vertex -45.54180238113891 -8.094556825600897 56.639683276502375
    vertex -45.94184611442528 -6.588227830855916 53.01758631632949
    vertex -45.941802381113924 -8.09455883338389 56.639687271128416
  endloop
endfacet
facet normal 0.9999999999375369 5.019457478488429e-06 -9.986565087388758e-06
  outer loop
    vertex -45.94184536084541 -3.4769769781526376 54.656825743260036
    vertex -45.94183056706275 -3.5091649044089377 56.1220158864339
    vertex -45.94183669703722 -3.544763471970848 55.49030118660183
  endloop
endfacet
facet normal 0.9999999999375369 5.019457478488429e-06 -9.986565087388758e-06
  outer loop
    vertex -45.94183056706275 -3.5091649044089377 56.1220158864339
    vertex -45.94184536084541 -3.4769769781526376 54.656825743260036
    vertex -45.9418256991937 -3.4023692017910725 56.66313542938099
  endloop
endfacet
facet normal 0.9999999999375369 5.019457478488429e-06 -9.986565087388758e-06
  outer loop
    vertex -45.9418256991937 -3.4023692017910725 56.66313542938099
    vertex -45.94184536084541 -3.4769769781526376 54.656825743260036
    vertex -45.94184926779066 -3.392243860845124 54.308194263059136
  endloop
endfacet
facet normal 0.9999999999375369 5.019457478488429e-06 -9.986565087388758e-06
  outer loop
    vertex -45.9418256991937 -3.4023692017910725 56.66313542938099
    vertex -45.94184926779066 -3.392243860845124 54.308194263059136
    vertex -45.941822093430076 -3.2243763641172523 57.11365981544311
  endloop
endfacet
facet normal 0.9999999999375369 5.019457478488429e-06 -9.986565087388758e-06
  outer loop
    vertex -45.941822093430076 -3.2243763641172523 57.11365981544311
    vertex -45.94184926779066 -3.392243860845124 54.308194263059136
    vertex -45.94185289143001 -3.273617496605336 54.004966943838234
  endloop
endfacet
facet normal 0.9999999999375369 5.019457478488429e-06 -9.986565087388758e-06
  outer loop
    vertex -45.941822093430076 -3.2243763641172523 57.11365981544311
    vertex -45.94185289143001 -3.273617496605336 54.004966943838234
    vertex -45.94185624013354 -3.12664017738428 53.74351997932195
  endloop
endfacet
facet normal 0.9999999999375369 5.019457478488429e-06 -9.986565087388758e-06
  outer loop
    vertex -45.941822093430076 -3.2243763641172523 57.11365981544311
    vertex -45.94185624013354 -3.12664017738428 53.74351997932195
    vertex -45.941819749771874 -2.975186391387477 57.473589044620255
  endloop
endfacet
facet normal 0.9999999999375369 5.019457478488429e-06 -9.986565087388758e-06
  outer loop
    vertex -45.941819749771874 -2.975186391387477 57.473589044620255
    vertex -45.94185624013354 -3.12664017738428 53.74351997932195
    vertex -45.94185932227133 -2.956854195132949 53.52022956323486
  endloop
endfacet
facet normal 0.9999999999375369 5.019457478488429e-06 -9.986565087388758e-06
  outer loop
    vertex -45.941819749771874 -2.975186391387477 57.473589044620255
    vertex -45.94185932227133 -2.956854195132949 53.52022956323486
    vertex -45.94181856795409 -2.6628995564526448 57.748891739013075
  endloop
endfacet
facet normal 0.9999999999375369 5.019457478488429e-06 -9.986565087388758e-06
  outer loop
    vertex -45.94181856795409 -2.6628995564526448 57.748891739013075
    vertex -45.94185932227133 -2.956854195132949 53.52022956323486
    vertex -45.94186213784339 -2.7642595498513374 53.33509569557697
  endloop
endfacet
facet normal 0.9999999999375369 5.019457478488429e-06 -9.986565087388758e-06
  outer loop
    vertex -45.94181856795409 -2.6628995564526448 57.748891739013075
    vertex -45.94186213784339 -2.7642595498513374 53.33509569557697
    vertex -45.9418646868497 -2.5488562415394567 53.188118376348285
  endloop
endfacet
facet normal 0.9999999999375369 5.019457478488429e-06 -9.986565087388758e-06
  outer loop
    vertex -45.94181856795409 -2.6628995564526448 57.748891739013075
    vertex -45.9418646868497 -2.5488562415394567 53.188118376348285
    vertex -45.941818447711704 -2.2956161321636483 57.94553652072223
  endloop
endfacet
facet normal 0.9999999999375369 5.019457478488429e-06 -9.986565087388758e-06
  outer loop
    vertex -45.941818447711704 -2.2956161321636483 57.94553652072223
    vertex -45.9418646868497 -2.5488562415394567 53.188118376348285
    vertex -45.941867036001774 -2.3035032401838964 53.07620671196095
  endloop
endfacet
facet normal 0.9999999999375369 5.019457478488429e-06 -9.986565087388758e-06
  outer loop
    vertex -45.941818447711704 -2.2956161321636483 57.94553652072223
    vertex -45.941867036001774 -2.3035032401838964 53.07620671196095
    vertex -45.941869252011124 -2.0210595157712694 52.996269808827144
  endloop
endfacet
facet normal 0.9999999999375369 5.019457478488429e-06 -9.986565087388758e-06
  outer loop
    vertex -45.941818447711704 -2.2956161321636483 57.94553652072223
    vertex -45.941869252011124 -2.0210595157712694 52.996269808827144
    vertex -45.94185224975582 -2.0884196793975573 54.66492601611092
  endloop
endfacet
facet normal 0.9999999999375369 5.019457478488429e-06 -9.986565087388758e-06
  outer loop
    vertex -45.941818447711704 -2.2956161321636483 57.94553652072223
    vertex -45.94185224975582 -2.0884196793975573 54.66492601611092
    vertex -45.941840088875246 -2.136168656144758 55.8586504362424
  endloop
endfacet
facet normal 0.9999999999375369 5.019457478488429e-06 -9.986565087388758e-06
  outer loop
    vertex -45.94185224975582 -2.0884196793975573 54.66492601611092
    vertex -45.941869252011124 -2.0210595157712694 52.996269808827144
    vertex -45.9418561212295 -2.0372600614081615 54.30297171872107
  endloop
endfacet
facet normal 0.9999999999375369 5.019457478488429e-06 -9.986565087388758e-06
  outer loop
    vertex -45.9418561212295 -2.0372600614081615 54.30297171872107
    vertex -45.941869252011124 -2.0210595157712694 52.996269808827144
    vertex -45.94185962923003 -1.8837812073992772 54.028841432240874
  endloop
endfacet
facet normal 0.9999999999375369 5.019457478488429e-06 -9.986565087388758e-06
  outer loop
    vertex -45.94185962923003 -1.8837812073992772 54.028841432240874
    vertex -45.941869252011124 -2.0210595157712694 52.996269808827144
    vertex -45.94187328460165 -1.3448998977748137 52.932320286320106
  endloop
endfacet
facet normal 0.9999999999375369 5.019457478488429e-06 -9.986565087388758e-06
  outer loop
    vertex -45.94185962923003 -1.8837812073992772 54.028841432240874
    vertex -45.94187328460165 -1.3448998977748137 52.932320286320106
    vertex -45.94186249627862 -1.656120907274375 53.85617772147185
  endloop
endfacet
facet normal 0.9999999999375369 5.019457478488429e-06 -9.986565087388758e-06
  outer loop
    vertex -45.94186249627862 -1.656120907274375 53.85617772147185
    vertex -45.94187328460165 -1.3448998977748137 52.932320286320106
    vertex -45.941864444896446 -1.3824169509369146 53.79862315121552
  endloop
endfacet
facet normal 0.9999999999375369 5.019457478488429e-06 -9.986565087388758e-06
  outer loop
    vertex -45.941864444896446 -1.3824169509369146 53.79862315121552
    vertex -45.94187328460165 -1.3448998977748137 52.932320286320106
    vertex -45.941865183760726 -1.1317348226973578 53.85063542952125
  endloop
endfacet
facet normal 0.9999999999375369 5.019457478488429e-06 -9.986565087388758e-06
  outer loop
    vertex -45.941865183760726 -1.1317348226973578 53.85063542952125
    vertex -45.94187328460165 -1.3448998977748137 52.932320286320106
    vertex -45.94187563058773 -0.7731911665379142 52.98475889477588
  endloop
endfacet
facet normal 0.9999999999375369 5.019457478488429e-06 -9.986565087388758e-06
  outer loop
    vertex -45.941865183760726 -1.1317348226973578 53.85063542952125
    vertex -45.94187563058773 -0.7731911665379142 52.98475889477588
    vertex -45.94186466122261 -0.9253910300591208 54.00667226443843
  endloop
endfacet
facet normal 0.9999999999375369 5.019457478488429e-06 -9.986565087388758e-06
  outer loop
    vertex -45.94186466122261 -0.9253910300591208 54.00667226443843
    vertex -45.94187563058773 -0.7731911665379142 52.98475889477588
    vertex -45.94186276596027 -0.7872600614257661 54.265880995666976
  endloop
endfacet
facet normal 0.9999999999375369 5.019457478488429e-06 -9.986565087388758e-06
  outer loop
    vertex -45.94186276596027 -0.7872600614257661 54.265880995666976
    vertex -45.94187563058773 -0.7731911665379142 52.98475889477588
    vertex -45.94185938665187 -0.7412164052008564 54.6274089629068
  endloop
endfacet
facet normal 0.9999999999375369 5.019457478488429e-06 -9.986565087388758e-06
  outer loop
    vertex -45.94185938665187 -0.7412164052008564 54.6274089629068
    vertex -45.94187563058773 -0.7731911665379142 52.98475889477588
    vertex -45.94187640278395 -0.3063596522112148 53.1420747201432
  endloop
endfacet
facet normal 0.9999999999375369 5.019457478488429e-06 -9.986565087388758e-06
  outer loop
    vertex -45.94185938665187 -0.7412164052008564 54.6274089629068
    vertex -45.94187640278395 -0.3063596522112148 53.1420747201432
    vertex -45.941842676322615 -0.6961319917466974 56.32335029979357
  endloop
endfacet
facet normal 0.9999999999375369 5.019457478488429e-06 -9.986565087388758e-06
  outer loop
    vertex -45.941842676322615 -0.6961319917466974 56.32335029979357
    vertex -45.94187640278395 -0.3063596522112148 53.1420747201432
    vertex -45.94184505393072 -0.4005786152201162 56.23382096828371
  endloop
endfacet
facet normal 0.9999999999375369 5.019457478488429e-06 -9.986565087388758e-06
  outer loop
    vertex -45.94184505393072 -0.4005786152201162 56.23382096828371
    vertex -45.94187640278395 -0.3063596522112148 53.1420747201432
    vertex -45.941847898132416 -0.13081821277533368 56.084605415767285
  endloop
endfacet
facet normal 0.9999999999375369 5.019457478488429e-06 -9.986565087388758e-06
  outer loop
    vertex -45.941847898132416 -0.13081821277533368 56.084605415767285
    vertex -45.94187640278395 -0.3063596522112148 53.1420747201432
    vertex -45.94187566311479 0.06284225775622611 53.4017097815218
  endloop
endfacet
facet normal 0.9999999999375369 5.019457478488429e-06 -9.986565087388758e-06
  outer loop
    vertex -45.941847898132416 -0.13081821277533368 56.084605415767285
    vertex -45.94187566311479 0.06284225775622611 53.4017097815218
    vertex -45.94185120892771 0.11314921558765575 55.875703642244275
  endloop
endfacet
facet normal 0.9999999999375369 5.019457478488429e-06 -9.986565087388758e-06
  outer loop
    vertex -45.94185120892771 0.11314921558765575 55.875703642244275
    vertex -45.94187566311479 0.06284225775622611 53.4017097815218
    vertex -45.941873473504806 0.34166217591533876 53.76110609801138
  endloop
endfacet
facet normal 0.9999999999375369 5.019457478488429e-06 -9.986565087388758e-06
  outer loop
    vertex -45.94185120892771 0.11314921558765575 55.875703642244275
    vertex -45.941873473504806 0.34166217591533876 53.76110609801138
    vertex -45.94185476769747 0.3153362892421912 55.620971377591225
  endloop
endfacet
facet normal 0.9999999999375369 5.019457478488429e-06 -9.986565087388758e-06
  outer loop
    vertex -45.94185476769747 0.3153362892421912 55.620971377591225
    vertex -45.941873473504806 0.34166217591533876 53.76110609801138
    vertex -45.941858355822575 0.4597556275616062 55.334264351684645
  endloop
endfacet
facet normal 0.9999999999375369 5.019457478488429e-06 -9.986565087388758e-06
  outer loop
    vertex -45.941858355822575 0.4597556275616062 55.334264351684645
    vertex -45.941873473504806 0.34166217591533876 53.76110609801138
    vertex -45.94187005287311 0.5168838676127541 54.191699549558805
  endloop
endfacet
facet normal 0.9999999999375369 5.019457478488429e-06 -9.986565087388758e-06
  outer loop
    vertex -45.941858355822575 0.4597556275616062 55.334264351684645
    vertex -45.94187005287311 0.5168838676127541 54.191699549558805
    vertex -45.94186197330302 0.5464072305459008 55.015582564524536
  endloop
endfacet
facet normal 0.9999999999375369 5.019457478488429e-06 -9.986565087388758e-06
  outer loop
    vertex -45.94186197330302 0.5464072305459008 55.015582564524536
    vertex -45.94187005287311 0.5168838676127541 54.191699549558805
    vertex -45.941865620138806 0.5752910981950804 54.66492601611092
  endloop
endfacet
facet normal 0.9999999999375369 5.019457478488429e-06 -9.986565087388758e-06
  outer loop
    vertex -45.941840088875246 -2.136168656144758 55.8586504362424
    vertex -45.94184897057852 -2.039391712122635 55.017927380349796
    vertex -45.941839163072814 -1.8837812072965459 56.07821046351658
  endloop
endfacet
facet normal 0.9999999999375369 5.019457478488429e-06 -9.986565087388758e-06
  outer loop
    vertex -45.94184897057852 -2.039391712122635 55.017927380349796
    vertex -45.941840088875246 -2.136168656144758 55.8586504362424
    vertex -45.94185224975582 -2.0884196793975573 54.66492601611092
  endloop
endfacet
facet normal 0.9999999999375369 5.019457478488429e-06 -9.986565087388758e-06
  outer loop
    vertex -45.941839163072814 -1.8837812072965459 56.07821046351658
    vertex -45.94184897057852 -2.039391712122635 55.017927380349796
    vertex -45.94184710322475 -1.8923078103378723 55.27884143217854
  endloop
endfacet
facet normal 0.9999999999375369 5.019457478488429e-06 -9.986565087388758e-06
  outer loop
    vertex -45.941839163072814 -1.8837812072965459 56.07821046351658
    vertex -45.94184710322475 -1.8923078103378723 55.27884143217854
    vertex -45.941846595934074 -1.6727477830474338 55.43999422889629
  endloop
endfacet
facet normal 0.9999999999375369 5.019457478488429e-06 -9.986565087388758e-06
  outer loop
    vertex -45.941839163072814 -1.8837812072965459 56.07821046351658
    vertex -45.941846595934074 -1.6727477830474338 55.43999422889629
    vertex -45.94183892717587 -1.6245724760506248 56.23211564768352
  endloop
endfacet
facet normal 0.9999999999375369 5.019457478488429e-06 -9.986565087388758e-06
  outer loop
    vertex -45.94183892717587 -1.6245724760506248 56.23211564768352
    vertex -45.941846595934074 -1.6727477830474338 55.43999422889629
    vertex -45.941847396946066 -1.4062914392554664 55.4937118278022
  endloop
endfacet
facet normal 0.9999999999375369 5.019457478488429e-06 -9.986565087388758e-06
  outer loop
    vertex -45.94183892717587 -1.6245724760506248 56.23211564768352
    vertex -45.941847396946066 -1.4062914392554664 55.4937118278022
    vertex -45.941839441236844 -1.3414892564043446 56.322923969643526
  endloop
endfacet
facet normal 0.9999999999375369 5.019457478488429e-06 -9.986565087388758e-06
  outer loop
    vertex -45.941839441236844 -1.3414892564043446 56.322923969643526
    vertex -45.941847396946066 -1.4062914392554664 55.4937118278022
    vertex -45.941849255797756 -1.1462300477199097 55.438288908296094
  endloop
endfacet
facet normal 0.9999999999375369 5.019457478488429e-06 -9.986565087388758e-06
  outer loop
    vertex -45.941839441236844 -1.3414892564043446 56.322923969643526
    vertex -45.941849255797756 -1.1462300477199097 55.438288908296094
    vertex -45.94184076530811 -1.0174783423550662 56.35319341029686
  endloop
endfacet
facet normal 0.9999999999375369 5.019457478488429e-06 -9.986565087388758e-06
  outer loop
    vertex -45.94184076530811 -1.0174783423550662 56.35319341029686
    vertex -45.941849255797756 -1.1462300477199097 55.438288908296094
    vertex -45.94185199050446 -0.9322123123966968 55.27202014977779
  endloop
endfacet
facet normal 0.9999999999375369 5.019457478488429e-06 -9.986565087388758e-06
  outer loop
    vertex -45.94184076530811 -1.0174783423550662 56.35319341029686
    vertex -45.94185199050446 -0.9322123123966968 55.27202014977779
    vertex -45.941842676322615 -0.6961319917466974 56.32335029979357
  endloop
endfacet
facet normal 0.9999999999375369 5.019457478488429e-06 -9.986565087388758e-06
  outer loop
    vertex -45.941842676322615 -0.6961319917466974 56.32335029979357
    vertex -45.94185199050446 -0.9322123123966968 55.27202014977779
    vertex -45.941855425858414 -0.7889653819892176 55.00002151404783
  endloop
endfacet
facet normal 0.9999999999375369 5.019457478488429e-06 -9.986565087388758e-06
  outer loop
    vertex -45.941842676322615 -0.6961319917466974 56.32335029979357
    vertex -45.941855425858414 -0.7889653819892176 55.00002151404783
    vertex -45.94185938665187 -0.7412164052008564 54.6274089629068
  endloop
endfacet
facet normal 0.9999999999375369 5.019457478488429e-06 -9.986565087388758e-06
  outer loop
    vertex -45.941840088875246 -2.136168656144758 55.8586504362424
    vertex -45.94181938904473 -1.8733361185204882 58.06352338974773
    vertex -45.941818447711704 -2.2956161321636483 57.94553652072223
  endloop
endfacet
facet normal 0.9999999999375369 5.019457478488429e-06 -9.986565087388758e-06
  outer loop
    vertex -45.94181938904473 -1.8733361185204882 58.06352338974773
    vertex -45.941840088875246 -2.136168656144758 55.8586504362424
    vertex -45.94183386220967 -2.053460606999224 56.52372547031564
  endloop
endfacet
facet normal 0.9999999999375369 5.019457478488429e-06 -9.986565087388758e-06
  outer loop
    vertex -45.94181938904473 -1.8733361185204882 58.06352338974773
    vertex -45.94183386220967 -2.053460606999224 56.52372547031564
    vertex -45.94183060826796 -1.9349408252624398 56.90912792595809
  endloop
endfacet
facet normal 0.9999999999375369 5.019457478488429e-06 -9.986565087388758e-06
  outer loop
    vertex -45.94181938904473 -1.8733361185204882 58.06352338974773
    vertex -45.94183060826796 -1.9349408252624398 56.90912792595809
    vertex -45.94182963598408 -1.8317689289397512 57.05834347847453
  endloop
endfacet
facet normal 0.9999999999375369 5.019457478488429e-06 -9.986565087388758e-06
  outer loop
    vertex -45.94181938904473 -1.8733361185204882 58.06352338974773
    vertex -45.94182963598408 -1.8317689289397512 57.05834347847453
    vertex -45.94182139195316 -1.396059515523164 58.102852346089556
  endloop
endfacet
facet normal 0.9999999999375369 5.019457478488429e-06 -9.986565087388758e-06
  outer loop
    vertex -45.94182139195316 -1.396059515523164 58.102852346089556
    vertex -45.94182963598408 -1.8317689289397512 57.05834347847453
    vertex -45.94182918361521 -1.7098385060164332 57.16492601598626
  endloop
endfacet
facet normal 0.9999999999375369 5.019457478488429e-06 -9.986565087388758e-06
  outer loop
    vertex -45.94182139195316 -1.396059515523164 58.102852346089556
    vertex -45.94182918361521 -1.7098385060164332 57.16492601598626
    vertex -45.94182925116134 -1.5691495564924913 57.2288755384933
  endloop
endfacet
facet normal 0.9999999999375369 5.019457478488429e-06 -9.986565087388758e-06
  outer loop
    vertex -45.94182139195316 -1.396059515523164 58.102852346089556
    vertex -45.94182925116134 -1.5691495564924913 57.2288755384933
    vertex -45.941829838622475 -1.4097020803679199 57.250192045995654
  endloop
endfacet
facet normal 0.9999999999375369 5.019457478488429e-06 -9.986565087388758e-06
  outer loop
    vertex -45.94182139195316 -1.396059515523164 58.102852346089556
    vertex -45.941829838622475 -1.4097020803679199 57.250192045995654
    vertex -45.9418310033308 -1.2370383695939613 57.22034893549237
  endloop
endfacet
facet normal 0.9999999999375369 5.019457478488429e-06 -9.986565087388758e-06
  outer loop
    vertex -45.94182139195316 -1.396059515523164 58.102852346089556
    vertex -45.9418310033308 -1.2370383695939613 57.22034893549237
    vertex -45.941824418169055 -0.8618678374961527 58.068319603935755
  endloop
endfacet
facet normal 0.9999999999375369 5.019457478488429e-06 -9.986565087388758e-06
  outer loop
    vertex -45.941824418169055 -0.8618678374961527 58.068319603935755
    vertex -45.9418310033308 -1.2370383695939613 57.22034893549237
    vertex -45.94183261430322 -1.094217769327403 57.13081960398251
  endloop
endfacet
facet normal 0.9999999999375369 5.019457478488429e-06 -9.986565087388758e-06
  outer loop
    vertex -45.941824418169055 -0.8618678374961527 58.068319603935755
    vertex -45.94183261430322 -1.094217769327403 57.13081960398251
    vertex -45.9418347821474 -0.9846509207693692 56.96881414696467
  endloop
endfacet
facet normal 0.9999999999375369 5.019457478488429e-06 -9.986565087388758e-06
  outer loop
    vertex -45.941824418169055 -0.8618678374961527 58.068319603935755
    vertex -45.9418347821474 -0.9846509207693692 56.96881414696467
    vertex -45.94183761747097 -0.9117484651210185 56.721542659937434
  endloop
endfacet
facet normal 0.9999999999375369 5.019457478488429e-06 -9.986565087388758e-06
  outer loop
    vertex -45.941824418169055 -0.8618678374961527 58.068319603935755
    vertex -45.94183761747097 -0.9117484651210185 56.721542659937434
    vertex -45.941842847866695 0.4695612210911348 56.89207471995621
  endloop
endfacet
facet normal 0.9999999999375369 5.019457478488429e-06 -9.986565087388758e-06
  outer loop
    vertex -45.941824418169055 -0.8618678374961527 58.068319603935755
    vertex -45.941842847866695 0.4695612210911348 56.89207471995621
    vertex -45.94182750496776 -0.4530172235910853 57.96472137747435
  endloop
endfacet
facet normal 0.9999999999375369 5.019457478488429e-06 -9.986565087388758e-06
  outer loop
    vertex -45.94182750496776 -0.4530172235910853 57.96472137747435
    vertex -45.941842847866695 0.4695612210911348 56.89207471995621
    vertex -45.941830793719625 -0.13625392210291717 57.79461564760561
  endloop
endfacet
facet normal 0.9999999999375369 5.019457478488429e-06 -9.986565087388758e-06
  outer loop
    vertex -45.941830793719625 -0.13625392210291717 57.79461564760561
    vertex -45.941842847866695 0.4695612210911348 56.89207471995621
    vertex -45.941834425795 0.12167581867336841 57.56056039522983
  endloop
endfacet
facet normal 0.9999999999375369 5.019457478488429e-06 -9.986565087388758e-06
  outer loop
    vertex -45.941834425795 0.12167581867336841 57.56056039522983
    vertex -45.941842847866695 0.4695612210911348 56.89207471995621
    vertex -45.94183843318149 0.32290364948798495 57.26042396959678
  endloop
endfacet
facet normal 1.0526335566594384e-05 -0.12252657195135332 0.9924652331719465
  outer loop
    vertex -45.94183761747097 -0.9117484651210185 56.721542659937434
    vertex -45.54184284789168 0.4695632288741301 56.89207072533017
    vertex -45.941842847866695 0.4695612210911348 56.89207471995621
  endloop
endfacet
facet normal 1.0526335566594384e-05 -0.12252657195135332 0.9924652331719465
  outer loop
    vertex -45.54184284789168 0.4695632288741301 56.89207072533017
    vertex -45.94183761747097 -0.9117484651210185 56.721542659937434
    vertex -45.54183761749596 -0.9117464573380287 56.7215386653114
  endloop
endfacet
facet normal 5.795477155662135e-06 0.5311351897915498 0.8472870883776685
  outer loop
    vertex -45.9418310033308 -1.2370383695939613 57.22034893549237
    vertex -45.54183261432821 -1.0942157615444077 57.130815609356475
    vertex -45.94183261430322 -1.094217769327403 57.13081960398251
  endloop
endfacet
facet normal 5.795477155662135e-06 0.5311351897915498 0.8472870883776685
  outer loop
    vertex -45.54183261432821 -1.0942157615444077 57.130815609356475
    vertex -45.9418310033308 -1.2370383695939613 57.22034893549237
    vertex -45.54183100335578 -1.2370363618109717 57.22034494086633
  endloop
endfacet
facet normal -1.0828999964170673e-05 0.6563364621846145 -0.754468321594563
  outer loop
    vertex -45.941839163072814 -1.8837812072965459 56.07821046351658
    vertex -45.54184008890023 -2.1361666483617627 55.858646441616365
    vertex -45.941840088875246 -2.136168656144758 55.8586504362424
  endloop
endfacet
facet normal -1.0828999964170673e-05 0.6563364621846145 -0.754468321594563
  outer loop
    vertex -45.54184008890023 -2.1361666483617627 55.858646441616365
    vertex -45.941839163072814 -1.8837812072965459 56.07821046351658
    vertex -45.5418391630978 -1.8837791995135562 56.07820646889054
  endloop
endfacet
facet normal 9.808226546742933e-06 -0.8225304588279791 0.568721060102431
  outer loop
    vertex -45.54182963600907 -1.8317669211567615 57.05833948384849
    vertex -45.94183060826796 -1.9349408252624398 56.90912792595809
    vertex -45.54183060829295 -1.9349388174794446 56.909123931332054
  endloop
endfacet
facet normal 9.808226546742933e-06 -0.8225304588279791 0.568721060102431
  outer loop
    vertex -45.94183060826796 -1.9349408252624398 56.90912792595809
    vertex -45.54182963600907 -1.8317669211567615 57.05833948384849
    vertex -45.94182963598408 -1.8317689289397512 57.05834347847453
  endloop
endfacet
facet normal -9.479621708110835e-06 -0.09247107925430896 -0.9957153706816422
  outer loop
    vertex -45.541842676347606 -0.6961299839637077 56.32334630516755
    vertex -45.94184076530811 -1.0174783423550662 56.35319341029686
    vertex -45.941842676322615 -0.6961319917466974 56.32335029979357
  endloop
endfacet
facet normal -9.479621708110835e-06 -0.09247107925430896 -0.9957153706816422
  outer loop
    vertex -45.94184076530811 -1.0174783423550662 56.35319341029686
    vertex -45.541842676347606 -0.6961299839637077 56.32334630516755
    vertex -45.54184076533309 -1.0174763345720763 56.353189415670826
  endloop
endfacet
facet normal -1.1042485411975994e-05 0.3054520876182625 -0.9522074469608547
  outer loop
    vertex -45.54183944126183 -1.341487248621355 56.322919975017484
    vertex -45.94183892717587 -1.6245724760506248 56.23211564768352
    vertex -45.941839441236844 -1.3414892564043446 56.322923969643526
  endloop
endfacet
facet normal -1.1042485411975994e-05 0.3054520876182625 -0.9522074469608547
  outer loop
    vertex -45.94183892717587 -1.6245724760506248 56.23211564768352
    vertex -45.54183944126183 -1.341487248621355 56.322919975017484
    vertex -45.541838927200864 -1.6245704682676352 56.23211165305749
  endloop
endfacet
facet normal -1.0410159477622967e-05 0.09301603595068907 -0.9956646106735184
  outer loop
    vertex -45.54184076533309 -1.0174763345720763 56.353189415670826
    vertex -45.941839441236844 -1.3414892564043446 56.322923969643526
    vertex -45.94184076530811 -1.0174783423550662 56.35319341029686
  endloop
endfacet
facet normal -1.0410159477622967e-05 0.09301603595068907 -0.9956646106735184
  outer loop
    vertex -45.941839441236844 -1.3414892564043446 56.322923969643526
    vertex -45.54184076533309 -1.0174763345720763 56.353189415670826
    vertex -45.54183944126183 -1.341487248621355 56.322919975017484
  endloop
endfacet
facet normal 1.4368553646512625e-06 0.8283429177262933 0.560221394317128
  outer loop
    vertex -45.9418347821474 -0.9846509207693692 56.96881414696467
    vertex -45.54183261432821 -1.0942157615444077 57.130815609356475
    vertex -45.54183478217239 -0.9846489129863795 56.96881015233863
  endloop
endfacet
facet normal 1.4368553646512625e-06 0.8283429177262933 0.560221394317128
  outer loop
    vertex -45.54183261432821 -1.0942157615444077 57.130815609356475
    vertex -45.9418347821474 -0.9846509207693692 56.96881414696467
    vertex -45.94183261430322 -1.094217769327403 57.13081960398251
  endloop
endfacet
facet normal 6.213514329677703e-06 -0.9923559714024908 0.12340837079878819
  outer loop
    vertex -45.541833862234654 -2.0534585992162344 56.523721475689605
    vertex -45.941840088875246 -2.136168656144758 55.8586504362424
    vertex -45.54184008890023 -2.1361666483617627 55.858646441616365
  endloop
endfacet
facet normal 6.213514329677703e-06 -0.9923559714024908 0.12340837079878819
  outer loop
    vertex -45.941840088875246 -2.136168656144758 55.8586504362424
    vertex -45.541833862234654 -2.0534585992162344 56.523721475689605
    vertex -45.94183386220967 -2.053460606999224 56.52372547031564
  endloop
endfacet
facet normal -6.309215200179225e-06 -0.4840275903947871 -0.8750527365232397
  outer loop
    vertex -45.54184789815741 -0.13081620499234398 56.084601421141244
    vertex -45.94184505393072 -0.4005786152201162 56.23382096828371
    vertex -45.941847898132416 -0.13081821277533368 56.084605415767285
  endloop
endfacet
facet normal -6.309215200179225e-06 -0.4840275903947871 -0.8750527365232397
  outer loop
    vertex -45.94184505393072 -0.4005786152201162 56.23382096828371
    vertex -45.54184789815741 -0.13081620499234398 56.084601421141244
    vertex -45.541845053955704 -0.4005766074371265 56.23381697365768
  endloop
endfacet
facet normal -1.990437271848456e-06 0.9591809605142296 0.28279300730930085
  outer loop
    vertex -45.94183761747097 -0.9117484651210185 56.721542659937434
    vertex -45.54183478217239 -0.9846489129863795 56.96881015233863
    vertex -45.54183761749596 -0.9117464573380287 56.7215386653114
  endloop
endfacet
facet normal -1.990437271848456e-06 0.9591809605142296 0.28279300730930085
  outer loop
    vertex -45.54183478217239 -0.9846489129863795 56.96881015233863
    vertex -45.94183761747097 -0.9117484651210185 56.721542659937434
    vertex -45.9418347821474 -0.9846509207693692 56.96881414696467
  endloop
endfacet
facet normal 7.733144993267784e-06 -0.9558247194455702 0.29393724778767905
  outer loop
    vertex -45.54183060829295 -1.9349388174794446 56.909123931332054
    vertex -45.94183386220967 -2.053460606999224 56.52372547031564
    vertex -45.541833862234654 -2.0534585992162344 56.523721475689605
  endloop
endfacet
facet normal 7.733144993267784e-06 -0.9558247194455702 0.29393724778767905
  outer loop
    vertex -45.94183386220967 -2.053460606999224 56.52372547031564
    vertex -45.54183060829295 -1.9349388174794446 56.909123931332054
    vertex -45.94183060826796 -1.9349408252624398 56.90912792595809
  endloop
endfacet
facet normal -8.102477368679912e-06 -0.28991160426600454 -0.9570534267460002
  outer loop
    vertex -45.541845053955704 -0.4005766074371265 56.23381697365768
    vertex -45.941842676322615 -0.6961319917466974 56.32335029979357
    vertex -45.94184505393072 -0.4005786152201162 56.23382096828371
  endloop
endfacet
facet normal -8.102477368679912e-06 -0.28991160426600454 -0.9570534267460002
  outer loop
    vertex -45.941842676322615 -0.6961319917466974 56.32335029979357
    vertex -45.541845053955704 -0.4005766074371265 56.23381697365768
    vertex -45.541842676347606 -0.6961299839637077 56.32334630516755
  endloop
endfacet
facet normal -4.320940679770948e-06 -0.6504086975097684 -0.7595844430904152
  outer loop
    vertex -45.54185120895269 0.11315122337064544 55.87569964761824
    vertex -45.941847898132416 -0.13081821277533368 56.084605415767285
    vertex -45.94185120892771 0.11314921558765575 55.875703642244275
  endloop
endfacet
facet normal -4.320940679770948e-06 -0.6504086975097684 -0.7595844430904152
  outer loop
    vertex -45.941847898132416 -0.13081821277533368 56.084605415767285
    vertex -45.54185120895269 0.11315122337064544 55.87569964761824
    vertex -45.54184789815741 -0.13081620499234398 56.084601421141244
  endloop
endfacet
facet normal -9.77925175245548e-09 -0.8930952247353648 -0.44986766893708685
  outer loop
    vertex -45.541854767722455 0.3153382970251809 55.62096738296518
    vertex -45.941858355822575 0.4597556275616062 55.334264351684645
    vertex -45.54185835584755 0.4597576353445959 55.33426035705861
  endloop
endfacet
facet normal -9.77925175245548e-09 -0.8930952247353648 -0.44986766893708685
  outer loop
    vertex -45.941858355822575 0.4597556275616062 55.334264351684645
    vertex -45.541854767722455 0.3153382970251809 55.62096738296518
    vertex -45.94185476769747 0.3153362892421912 55.620971377591225
  endloop
endfacet
facet normal -1.1149622932688769e-05 0.5105387541059011 -0.8598547437978582
  outer loop
    vertex -45.94183892717587 -1.6245724760506248 56.23211564768352
    vertex -45.5418391630978 -1.8837791995135562 56.07820646889054
    vertex -45.941839163072814 -1.8837812072965459 56.07821046351658
  endloop
endfacet
facet normal -1.1149622932688769e-05 0.5105387541059011 -0.8598547437978582
  outer loop
    vertex -45.5418391630978 -1.8837791995135562 56.07820646889054
    vertex -45.94183892717587 -1.6245724760506248 56.23211564768352
    vertex -45.541838927200864 -1.6245704682676352 56.23211165305749
  endloop
endfacet
facet normal 1.0563631879666074e-05 -0.13251090206904145 0.9911815478111256
  outer loop
    vertex -45.94182925116134 -1.5691495564924913 57.2288755384933
    vertex -45.54182983864746 -1.4097000725849302 57.25018805136961
    vertex -45.941829838622475 -1.4097020803679199 57.250192045995654
  endloop
endfacet
facet normal 1.0563631879666074e-05 -0.13251090206904145 0.9911815478111256
  outer loop
    vertex -45.54182983864746 -1.4097000725849302 57.25018805136961
    vertex -45.94182925116134 -1.5691495564924913 57.2288755384933
    vertex -45.54182925118632 -1.5691475487095017 57.228871543867264
  endloop
endfacet
facet normal 1.0822376863753207e-05 -0.6581317798485953 0.7529027561619074
  outer loop
    vertex -45.54182963600907 -1.8317669211567615 57.05833948384849
    vertex -45.94182918361521 -1.7098385060164332 57.16492601598626
    vertex -45.94182963598408 -1.8317689289397512 57.05834347847453
  endloop
endfacet
facet normal 1.0822376863753207e-05 -0.6581317798485953 0.7529027561619074
  outer loop
    vertex -45.94182918361521 -1.7098385060164332 57.16492601598626
    vertex -45.54182963600907 -1.8317669211567615 57.05833948384849
    vertex -45.541829183640196 -1.7098364982334435 57.164922021360226
  endloop
endfacet
facet normal 6.204951088764929e-06 -0.9924692596137096 0.12249395366022692
  outer loop
    vertex -45.54186562016379 0.5752931059780758 54.664922021484884
    vertex -45.94187005287311 0.5168838676127541 54.191699549558805
    vertex -45.54187005289809 0.5168858753957438 54.19169555493277
  endloop
endfacet
facet normal 6.204951088764929e-06 -0.9924692596137096 0.12249395366022692
  outer loop
    vertex -45.94187005287311 0.5168838676127541 54.191699549558805
    vertex -45.54186562016379 0.5752931059780758 54.664922021484884
    vertex -45.941865620138806 0.5752910981950804 54.66492601611092
  endloop
endfacet
facet normal 8.985773991957466e-06 0.1703142852660555 0.9853897930025298
  outer loop
    vertex -45.941829838622475 -1.4097020803679199 57.250192045995654
    vertex -45.54183100335578 -1.2370363618109717 57.22034494086633
    vertex -45.9418310033308 -1.2370383695939613 57.22034893549237
  endloop
endfacet
facet normal 8.985773991957466e-06 0.1703142852660555 0.9853897930025298
  outer loop
    vertex -45.54183100335578 -1.2370363618109717 57.22034494086633
    vertex -45.941829838622475 -1.4097020803679199 57.250192045995654
    vertex -45.54182983864746 -1.4097000725849302 57.25018805136961
  endloop
endfacet
facet normal 1.1168500363939288e-05 -0.4138029442503357 0.9103664774172092
  outer loop
    vertex -45.94182918361521 -1.7098385060164332 57.16492601598626
    vertex -45.54182925118632 -1.5691475487095017 57.228871543867264
    vertex -45.94182925116134 -1.5691495564924913 57.2288755384933
  endloop
endfacet
facet normal 1.1168500363939288e-05 -0.4138029442503357 0.9103664774172092
  outer loop
    vertex -45.54182925118632 -1.5691475487095017 57.228871543867264
    vertex -45.94182918361521 -1.7098385060164332 57.16492601598626
    vertex -45.541829183640196 -1.7098364982334435 57.164922021360226
  endloop
endfacet
facet normal -2.277031798206202e-06 -0.7832610388818179 -0.6216929667967868
  outer loop
    vertex -45.54185120895269 0.11315122337064544 55.87569964761824
    vertex -45.94185476769747 0.3153362892421912 55.620971377591225
    vertex -45.541854767722455 0.3153382970251809 55.62096738296518
  endloop
endfacet
facet normal -2.277031798206202e-06 -0.7832610388818179 -0.6216929667967868
  outer loop
    vertex -45.94185476769747 0.3153362892421912 55.620971377591225
    vertex -45.54185120895269 0.11315122337064544 55.87569964761824
    vertex -45.94185120892771 0.11314921558765575 55.875703642244275
  endloop
endfacet
facet normal 2.2233238232359267e-06 -0.9649646255107249 -0.26238001354524615
  outer loop
    vertex -45.54185835584755 0.4597576353445959 55.33426035705861
    vertex -45.94186197330302 0.5464072305459008 55.015582564524536
    vertex -45.541861973328004 0.5464092383288961 55.015578569898516
  endloop
endfacet
facet normal 2.2233238232359267e-06 -0.9649646255107249 -0.26238001354524615
  outer loop
    vertex -45.94186197330302 0.5464072305459008 55.015582564524536
    vertex -45.54185835584755 0.4597576353445959 55.33426035705861
    vertex -45.941858355822575 0.4597556275616062 55.334264351684645
  endloop
endfacet
facet normal 4.18269022818041e-06 -0.9966246902502122 -0.08209279363119437
  outer loop
    vertex -45.541861973328004 0.5464092383288961 55.015578569898516
    vertex -45.941865620138806 0.5752910981950804 54.66492601611092
    vertex -45.54186562016379 0.5752931059780758 54.664922021484884
  endloop
endfacet
facet normal 4.18269022818041e-06 -0.9966246902502122 -0.08209279363119437
  outer loop
    vertex -45.941865620138806 0.5752910981950804 54.66492601611092
    vertex -45.541861973328004 0.5464092383288961 55.015578569898516
    vertex -45.94186197330302 0.5464072305459008 55.015582564524536
  endloop
endfacet
facet normal 3.7211321376045264e-06 0.6930050575185956 0.7209327224088259
  outer loop
    vertex -45.94185932227133 -2.956854195132949 53.52022956323486
    vertex -45.54186213786837 -2.7642575420683473 53.33509170095093
    vertex -45.94186213784339 -2.7642595498513374 53.33509569557697
  endloop
endfacet
facet normal 3.7211321376045264e-06 0.6930050575185956 0.7209327224088259
  outer loop
    vertex -45.54186213786837 -2.7642575420683473 53.33509170095093
    vertex -45.94185932227133 -2.956854195132949 53.52022956323486
    vertex -45.54185932229632 -2.9568521873499534 53.52022556860882
  endloop
endfacet
facet normal 0.7070964647640859 -0.5609958063477846 0.430462884321437
  outer loop
    vertex -45.54167993204587 -4.980321559240581 64.18115130099572
    vertex -46.74172117087252 -5.200503145760292 65.86544046338375
    vertex -46.74172625327285 -5.83617763614377 65.03701333865676
  endloop
endfacet
facet normal 0.7070964647640859 -0.5609958063477846 0.430462884321437
  outer loop
    vertex -46.74172117087252 -5.200503145760292 65.86544046338375
    vertex -45.54167993204587 -4.980321559240581 64.18115130099572
    vertex -45.5416733117687 -4.152299158704838 65.26025110264351
  endloop
endfacet
facet normal -1.09689144248752e-05 0.2690979049190191 -0.9631128269563631
  outer loop
    vertex -45.54181938906972 -1.8733341107374986 58.06351939512169
    vertex -45.941818447711704 -2.2956161321636483 57.94553652072223
    vertex -45.94181938904473 -1.8733361185204882 58.06352338974773
  endloop
endfacet
facet normal -1.09689144248752e-05 0.2690979049190191 -0.9631128269563631
  outer loop
    vertex -45.941818447711704 -2.2956161321636483 57.94553652072223
    vertex -45.54181938906972 -1.8733341107374986 58.06351939512169
    vertex -45.54181844773669 -2.2956141243806587 57.945532526096194
  endloop
endfacet
facet normal -1.0365051719109308e-05 0.08212450789159595 -0.9966220773674086
  outer loop
    vertex -45.54182139197815 -1.3960575077401745 58.10284835146352
    vertex -45.94181938904473 -1.8733361185204882 58.06352338974773
    vertex -45.94182139195316 -1.396059515523164 58.102852346089556
  endloop
endfacet
facet normal -1.0365051719109308e-05 0.08212450789159595 -0.9966220773674086
  outer loop
    vertex -45.94181938904473 -1.8733361185204882 58.06352338974773
    vertex -45.54182139197815 -1.3960575077401745 58.10284835146352
    vertex -45.54181938906972 -1.8733341107374986 58.06351939512169
  endloop
endfacet
facet normal -9.6419573415405e-06 -0.06451020025897182 -0.9979170476395222
  outer loop
    vertex -45.54182441819404 -0.861865829713163 58.068315609309714
    vertex -45.94182139195316 -1.396059515523164 58.102852346089556
    vertex -45.941824418169055 -0.8618678374961527 58.068319603935755
  endloop
endfacet
facet normal -9.6419573415405e-06 -0.06451020025897182 -0.9979170476395222
  outer loop
    vertex -45.94182139195316 -1.396059515523164 58.102852346089556
    vertex -45.54182441819404 -0.861865829713163 58.068315609309714
    vertex -45.54182139197815 -1.3960575077401745 58.10284835146352
  endloop
endfacet
facet normal -8.447712049981798e-06 -0.24562627576946156 -0.9693646025001432
  outer loop
    vertex -45.541827504992746 -0.45301521580809 57.96471738284831
    vertex -45.941824418169055 -0.8618678374961527 58.068319603935755
    vertex -45.94182750496776 -0.4530172235910853 57.96472137747435
  endloop
endfacet
facet normal -8.447712049981798e-06 -0.24562627576946156 -0.9693646025001432
  outer loop
    vertex -45.941824418169055 -0.8618678374961527 58.068319603935755
    vertex -45.541827504992746 -0.45301521580809 57.96471738284831
    vertex -45.54182441819404 -0.861865829713163 58.068315609309714
  endloop
endfacet
facet normal -4.022453872848166e-06 -0.672002338004488 -0.7405490245083858
  outer loop
    vertex -45.54183442581999 0.12167782645635809 57.5605564006038
    vertex -45.941830793719625 -0.13625392210291717 57.79461564760561
    vertex -45.941834425795 0.12167581867336841 57.56056039522983
  endloop
endfacet
facet normal -4.022453872848166e-06 -0.672002338004488 -0.7405490245083858
  outer loop
    vertex -45.941830793719625 -0.13625392210291717 57.79461564760561
    vertex -45.54183442581999 0.12167782645635809 57.5605564006038
    vertex -45.54183079374461 -0.13625191431992748 57.79461165297957
  endloop
endfacet
facet normal -1.392144656870061e-06 -0.8305953536195444 -0.5568764302281843
  outer loop
    vertex -45.54183442581999 0.12167782645635809 57.5605564006038
    vertex -45.94183843318149 0.32290364948798495 57.26042396959678
    vertex -45.54183843320648 0.32290565727097464 57.260419974970745
  endloop
endfacet
facet normal -1.392144656870061e-06 -0.8305953536195444 -0.5568764302281843
  outer loop
    vertex -45.94183843318149 0.32290364948798495 57.26042396959678
    vertex -45.54183442581999 0.12167782645635809 57.5605564006038
    vertex -45.941834425795 0.12167581867336841 57.56056039522983
  endloop
endfacet
facet normal 9.693207632706522e-07 -0.9290687813219891 -0.36990701476443305
  outer loop
    vertex -45.54183843320648 0.32290565727097464 57.260419974970745
    vertex -45.941842847866695 0.4695612210911348 56.89207471995621
    vertex -45.54184284789168 0.4695632288741301 56.89207072533017
  endloop
endfacet
facet normal 9.693207632706522e-07 -0.9290687813219891 -0.36990701476443305
  outer loop
    vertex -45.941842847866695 0.4695612210911348 56.89207471995621
    vertex -45.54183843320648 0.32290565727097464 57.260419974970745
    vertex -45.94183843318149 0.32290364948798495 57.26042396959678
  endloop
endfacet
facet normal -4.193405007799071e-06 0.9967090389974697 0.0810622696644739
  outer loop
    vertex -45.94184536084541 -3.4769769781526376 54.656825743260036
    vertex -45.54183669706221 -3.544761464187858 55.49029719197579
    vertex -45.5418453608704 -3.476974970369648 54.656821748633995
  endloop
endfacet
facet normal -4.193405007799071e-06 0.9967090389974697 0.0810622696644739
  outer loop
    vertex -45.54183669706221 -3.544761464187858 55.49029719197579
    vertex -45.94184536084541 -3.4769769781526376 54.656825743260036
    vertex -45.94183669703722 -3.544763471970848 55.49030118660183
  endloop
endfacet
facet normal -1.0361207062570945e-06 0.9312717540791033 0.3643252942815756
  outer loop
    vertex -45.94185289143001 -3.273617496605336 54.004966943838234
    vertex -45.54184926781564 -3.392241853062134 54.3081902684331
    vertex -45.541852891454994 -3.2736154888223465 54.004962949212214
  endloop
endfacet
facet normal -1.0361207062570945e-06 0.9312717540791033 0.3643252942815756
  outer loop
    vertex -45.54184926781564 -3.392241853062134 54.3081902684331
    vertex -45.94185289143001 -3.273617496605336 54.004966943838234
    vertex -45.94184926779066 -3.392243860845124 54.308194263059136
  endloop
endfacet
facet normal -6.858122197747562e-06 0.9810754772794543 -0.19362569001518648
  outer loop
    vertex -45.94183056706275 -3.5091649044089377 56.1220158864339
    vertex -45.541825699218684 -3.402367194008083 56.66313143475496
    vertex -45.541830567087736 -3.509162896625948 56.12201189180786
  endloop
endfacet
facet normal -6.858122197747562e-06 0.9810754772794543 -0.19362569001518648
  outer loop
    vertex -45.541825699218684 -3.402367194008083 56.66313143475496
    vertex -45.94183056706275 -3.5091649044089377 56.1220158864339
    vertex -45.9418256991937 -3.4023692017910725 56.66313542938099
  endloop
endfacet
facet normal -6.423446116212827e-06 -0.47310959508774525 -0.8810035817149946
  outer loop
    vertex -45.54183079374461 -0.13625191431992748 57.79461165297957
    vertex -45.94182750496776 -0.4530172235910853 57.96472137747435
    vertex -45.941830793719625 -0.13625392210291717 57.79461564760561
  endloop
endfacet
facet normal -6.423446116212827e-06 -0.47310959508774525 -0.8810035817149946
  outer loop
    vertex -45.94182750496776 -0.4530172235910853 57.96472137747435
    vertex -45.54183079374461 -0.13625191431992748 57.79461165297957
    vertex -45.541827504992746 -0.45301521580809 57.96471738284831
  endloop
endfacet
facet normal 1.0403292779707701e-05 -0.09133917992553843 0.9958198401831034
  outer loop
    vertex -45.94187328460165 -1.3448998977748137 52.932320286320106
    vertex -45.54187563061272 -0.7731891587549189 52.984754900149845
    vertex -45.94187563058773 -0.7731911665379142 52.98475889477588
  endloop
endfacet
facet normal 1.0403292779707701e-05 -0.09133917992553843 0.9958198401831034
  outer loop
    vertex -45.54187563061272 -0.7731891587549189 52.984754900149845
    vertex -45.94187328460165 -1.3448998977748137 52.932320286320106
    vertex -45.54187328462663 -1.3448978899918183 52.93231629169407
  endloop
endfacet
facet normal 9.469579083133569e-06 0.09415737636316245 0.995557325515077
  outer loop
    vertex -45.941869252011124 -2.0210595157712694 52.996269808827144
    vertex -45.54187328462663 -1.3448978899918183 52.93231629169407
    vertex -45.94187328460165 -1.3448998977748137 52.932320286320106
  endloop
endfacet
facet normal 9.469579083133569e-06 0.09415737636316245 0.995557325515077
  outer loop
    vertex -45.54187328462663 -1.3448978899918183 52.93231629169407
    vertex -45.941869252011124 -2.0210595157712694 52.996269808827144
    vertex -45.54186925203611 -2.0210575079882798 52.99626581420111
  endloop
endfacet
facet normal 3.5724208014291847e-06 -0.9901583305498718 -0.13995170749200814
  outer loop
    vertex -45.54185224978081 -2.0884176716145673 54.664922021484884
    vertex -45.9418561212295 -2.0372600614081615 54.30297171872107
    vertex -45.54185612125448 -2.037258053625166 54.302967724095026
  endloop
endfacet
facet normal 3.5724208014291847e-06 -0.9901583305498718 -0.13995170749200814
  outer loop
    vertex -45.9418561212295 -2.0372600614081615 54.30297171872107
    vertex -45.54185224978081 -2.0884176716145673 54.664922021484884
    vertex -45.94185224975582 -2.0884196793975573 54.66492601611092
  endloop
endfacet
facet normal -2.518942716551744e-06 0.971711839128 0.23616964600078308
  outer loop
    vertex -45.94184926779066 -3.392243860845124 54.308194263059136
    vertex -45.5418453608704 -3.476974970369648 54.656821748633995
    vertex -45.54184926781564 -3.392241853062134 54.3081902684331
  endloop
endfacet
facet normal -2.518942716551744e-06 0.971711839128 0.23616964600078308
  outer loop
    vertex -45.5418453608704 -3.476974970369648 54.656821748633995
    vertex -45.94184926779066 -3.392243860845124 54.308194263059136
    vertex -45.94184536084541 -3.4769769781526376 54.656825743260036
  endloop
endfacet
facet normal -9.81149368373683e-06 0.8221834267447968 -0.5692226389471153
  outer loop
    vertex -45.941822093430076 -3.2243763641172523 57.11365981544311
    vertex -45.54181974979686 -2.975184383604487 57.47358504999422
    vertex -45.54182209345507 -3.2243743563342626 57.11365582081709
  endloop
endfacet
facet normal -9.81149368373683e-06 0.8221834267447968 -0.5692226389471153
  outer loop
    vertex -45.54181974979686 -2.975184383604487 57.47358504999422
    vertex -45.941822093430076 -3.2243763641172523 57.11365981544311
    vertex -45.941819749771874 -2.975186391387477 57.473589044620255
  endloop
endfacet
facet normal 1.1066586798319557e-05 -0.31934158839237337 0.9476396729773227
  outer loop
    vertex -45.94187563058773 -0.7731911665379142 52.98475889477588
    vertex -45.541876402808924 -0.30635764442821944 53.142070725517165
    vertex -45.94187640278395 -0.3063596522112148 53.1420747201432
  endloop
endfacet
facet normal 1.1066586798319557e-05 -0.31934158839237337 0.9476396729773227
  outer loop
    vertex -45.541876402808924 -0.30635764442821944 53.142070725517165
    vertex -45.94187563058773 -0.7731911665379142 52.98475889477588
    vertex -45.54187563061272 -0.7731891587549189 52.984754900149845
  endloop
endfacet
facet normal -1.0810537484298201e-05 0.6612913411180207 -0.750129163574822
  outer loop
    vertex -45.94181856795409 -2.6628995564526448 57.748891739013075
    vertex -45.54181974979686 -2.975184383604487 57.47358504999422
    vertex -45.941819749771874 -2.975186391387477 57.473589044620255
  endloop
endfacet
facet normal -1.0810537484298201e-05 0.6612913411180207 -0.750129163574822
  outer loop
    vertex -45.54181974979686 -2.975184383604487 57.47358504999422
    vertex -45.94181856795409 -2.6628995564526448 57.748891739013075
    vertex -45.54181856797908 -2.662897548669655 57.74888774438704
  endloop
endfacet
facet normal -1.117332245612848e-05 0.47200841737184784 -0.8815940413848545
  outer loop
    vertex -45.941818447711704 -2.2956161321636483 57.94553652072223
    vertex -45.54181856797908 -2.662897548669655 57.74888774438704
    vertex -45.94181856795409 -2.6628995564526448 57.748891739013075
  endloop
endfacet
facet normal -1.117332245612848e-05 0.47200841737184784 -0.8815940413848545
  outer loop
    vertex -45.54181856797908 -2.662897548669655 57.74888774438704
    vertex -45.941818447711704 -2.2956161321636483 57.94553652072223
    vertex -45.54181844773669 -2.2956141243806587 57.945532526096194
  endloop
endfacet
facet normal 1.008734993594449e-05 -0.7901086334807799 0.6129668402102841
  outer loop
    vertex -45.54187347352979 0.34166418369832846 53.76110210338535
    vertex -45.94187566311479 0.06284225775622611 53.4017097815218
    vertex -45.54187566313978 0.06284426553921581 53.40170578689577
  endloop
endfacet
facet normal 1.008734993594449e-05 -0.7901086334807799 0.6129668402102841
  outer loop
    vertex -45.94187566311479 0.06284225775622611 53.4017097815218
    vertex -45.54187347352979 0.34166418369832846 53.76110210338535
    vertex -45.941873473504806 0.34166217591533876 53.76110609801138
  endloop
endfacet
facet normal 2.04906030331939e-06 0.7960157360256311 0.6052759271566763
  outer loop
    vertex -45.94185932227133 -2.956854195132949 53.52022956323486
    vertex -45.54185624015852 -3.12663816960129 53.74351598469592
    vertex -45.54185932229632 -2.9568521873499534 53.52022556860882
  endloop
endfacet
facet normal 2.04906030331939e-06 0.7960157360256311 0.6052759271566763
  outer loop
    vertex -45.54185624015852 -3.12663816960129 53.74351598469592
    vertex -45.94185932227133 -2.956854195132949 53.52022956323486
    vertex -45.94185624013354 -3.12664017738428 53.74351997932195
  endloop
endfacet
facet normal 1.1056258001404162e-05 -0.5752360071538629 0.8179874913172207
  outer loop
    vertex -45.541876402808924 -0.30635764442821944 53.142070725517165
    vertex -45.94187566311479 0.06284225775622611 53.4017097815218
    vertex -45.94187640278395 -0.3063596522112148 53.1420747201432
  endloop
endfacet
facet normal 1.1056258001404162e-05 -0.5752360071538629 0.8179874913172207
  outer loop
    vertex -45.94187566311479 0.06284225775622611 53.4017097815218
    vertex -45.541876402808924 -0.30635764442821944 53.142070725517165
    vertex -45.54187566313978 0.06284426553921581 53.40170578689577
  endloop
endfacet
facet normal 5.183797672097389e-07 0.8716988838977331 0.49004189189412983
  outer loop
    vertex -45.94185624013354 -3.12664017738428 53.74351997932195
    vertex -45.541852891454994 -3.2736154888223465 54.004962949212214
    vertex -45.54185624015852 -3.12663816960129 53.74351598469592
  endloop
endfacet
facet normal 5.183797672097389e-07 0.8716988838977331 0.49004189189412983
  outer loop
    vertex -45.541852891454994 -3.2736154888223465 54.004962949212214
    vertex -45.94185624013354 -3.12664017738428 53.74351997932195
    vertex -45.94185289143001 -3.273617496605336 54.004966943838234
  endloop
endfacet
facet normal -5.573380907601643e-06 0.9984159815439083 -0.056263023084896474
  outer loop
    vertex -45.94183669703722 -3.544763471970848 55.49030118660183
    vertex -45.541830567087736 -3.509162896625948 56.12201189180786
    vertex -45.54183669706221 -3.544761464187858 55.49029719197579
  endloop
endfacet
facet normal -5.573380907601643e-06 0.9984159815439083 -0.056263023084896474
  outer loop
    vertex -45.541830567087736 -3.509162896625948 56.12201189180786
    vertex -45.94183669703722 -3.544763471970848 55.49030118660183
    vertex -45.94183056706275 -3.5091649044089377 56.1220158864339
  endloop
endfacet
facet normal -8.337812352903638e-06 0.9300464202957547 -0.3674420444444719
  outer loop
    vertex -45.9418256991937 -3.4023692017910725 56.66313542938099
    vertex -45.54182209345507 -3.2243743563342626 57.11365582081709
    vertex -45.541825699218684 -3.402367194008083 56.66313143475496
  endloop
endfacet
facet normal -8.337812352903638e-06 0.9300464202957547 -0.3674420444444719
  outer loop
    vertex -45.54182209345507 -3.2243743563342626 57.11365582081709
    vertex -45.9418256991937 -3.4023692017910725 56.66313542938099
    vertex -45.941822093430076 -3.2243763641172523 57.11365981544311
  endloop
endfacet
facet normal 8.24222226639784e-06 0.27232246584415104 0.9622060457763852
  outer loop
    vertex -45.941867036001774 -2.3035032401838964 53.07620671196095
    vertex -45.54186925203611 -2.0210575079882798 52.99626581420111
    vertex -45.941869252011124 -2.0210595157712694 52.996269808827144
  endloop
endfacet
facet normal 8.24222226639784e-06 0.27232246584415104 0.9622060457763852
  outer loop
    vertex -45.54186925203611 -2.0210575079882798 52.99626581420111
    vertex -45.941867036001774 -2.3035032401838964 53.07620671196095
    vertex -45.54186703602676 -2.3035012324009068 53.076202717334915
  endloop
endfacet
facet normal 8.413372968674154e-06 -0.9262465668285929 0.37691815738626894
  outer loop
    vertex -45.54187005289809 0.5168858753957438 54.19169555493277
    vertex -45.941873473504806 0.34166217591533876 53.76110609801138
    vertex -45.54187347352979 0.34166418369832846 53.76110210338535
  endloop
endfacet
facet normal 8.413372968674154e-06 -0.9262465668285929 0.37691815738626894
  outer loop
    vertex -45.941873473504806 0.34166217591533876 53.76110609801138
    vertex -45.54187005289809 0.5168858753957438 54.19169555493277
    vertex -45.94187005287311 0.5168838676127541 54.191699549558805
  endloop
endfacet
facet normal 7.0029762005060935e-06 0.4149937005779191 0.9098242843712201
  outer loop
    vertex -45.9418646868497 -2.5488562415394567 53.188118376348285
    vertex -45.54186703602676 -2.3035012324009068 53.076202717334915
    vertex -45.941867036001774 -2.3035032401838964 53.07620671196095
  endloop
endfacet
facet normal 7.0029762005060935e-06 0.4149937005779191 0.9098242843712201
  outer loop
    vertex -45.54186703602676 -2.3035012324009068 53.076202717334915
    vertex -45.9418646868497 -2.5488562415394567 53.188118376348285
    vertex -45.54186468687468 -2.5488542337564613 53.188114381722244
  endloop
endfacet
facet normal 5.420077220598938e-06 0.5636284872316578 0.8260284065040232
  outer loop
    vertex -45.94186213784339 -2.7642595498513374 53.33509569557697
    vertex -45.54186468687468 -2.5488542337564613 53.188114381722244
    vertex -45.9418646868497 -2.5488562415394567 53.188118376348285
  endloop
endfacet
facet normal 5.420077220598938e-06 0.5636284872316578 0.8260284065040232
  outer loop
    vertex -45.54186468687468 -2.5488542337564613 53.188114381722244
    vertex -45.94186213784339 -2.7642595498513374 53.33509569557697
    vertex -45.54186213786837 -2.7642575420683473 53.33509170095093
  endloop
endfacet
facet normal -4.989048727771665e-07 -0.8725522922639611 -0.4885207234751234
  outer loop
    vertex -45.54185612125448 -2.037258053625166 54.302967724095026
    vertex -45.94185962923003 -1.8837812073992772 54.028841432240874
    vertex -45.541859629255015 -1.8837791996162876 54.02883743761484
  endloop
endfacet
facet normal -4.989048727771665e-07 -0.8725522922639611 -0.4885207234751234
  outer loop
    vertex -45.94185962923003 -1.8837812073992772 54.028841432240874
    vertex -45.54185612125448 -2.037258053625166 54.302967724095026
    vertex -45.9418561212295 -2.0372600614081615 54.30297171872107
  endloop
endfacet
facet normal 0.7070818853207077 0.09230178001404947 -0.7010817276591593
  outer loop
    vertex -46.74164002818228 -9.699880941184885 71.72914376800365
    vertex -45.54157261215253 -8.66459873714206 73.07578323105251
    vertex -45.54156761621826 -10.013137778856555 72.89824469806341
  endloop
endfacet
facet normal 0.7070818853207077 0.09230178001404947 -0.7010817276591593
  outer loop
    vertex -45.54157261215253 -8.66459873714206 73.07578323105251
    vertex -46.74164002818228 -9.699880941184885 71.72914376800365
    vertex -46.741643863571234 -8.664604760794797 71.86544046288564
  endloop
endfacet
facet normal 0.7070859082045482 -0.43046639655449387 -0.5610064169472028
  outer loop
    vertex -46.7416697607297 -5.836177636111932 70.69386758782485
    vertex -45.54159265990302 -6.059421360845625 72.37772805707495
    vertex -46.741659254270296 -6.664604760837931 71.32954207814312
  endloop
endfacet
facet normal 0.7070859082045482 -0.43046639655449387 -0.5610064169472028
  outer loop
    vertex -45.54159265990302 -6.059421360845625 72.37772805707495
    vertex -46.7416697607297 -5.836177636111932 70.69386758782485
    vertex -45.54160634549819 -4.980321559199099 71.54970565662413
  endloop
endfacet
facet normal 0.7070815867533748 0.43047349495802795 -0.5610064169088893
  outer loop
    vertex -46.741641366390326 -11.493031885490849 70.69386758757314
    vertex -45.54156650674889 -11.269776113446314 72.3777280568431
    vertex -45.54156935935293 -12.348875915102145 71.54970565629625
  endloop
endfacet
facet normal 0.7070815867533748 0.43047349495802795 -0.5610064169088893
  outer loop
    vertex -45.54156650674889 -11.269776113446314 72.3777280568431
    vertex -46.741641366390326 -11.493031885490849 70.69386758757314
    vertex -46.74163917644038 -10.664604760757696 71.32954207796512
  endloop
endfacet
facet normal 0.7070937906923084 -0.7010711170901303 0.09229116938461204
  outer loop
    vertex -45.541663374979315 -3.631782517513946 66.5168894372067
    vertex -46.7417038876615 -4.664604760897543 67.86544046329294
    vertex -46.741713542378996 -4.800901455744361 66.83016428293614
  endloop
endfacet
facet normal 0.7070937906923084 -0.7010711170901303 0.09229116938461204
  outer loop
    vertex -46.7417038876615 -4.664604760897543 67.86544046329294
    vertex -45.541663374979315 -3.631782517513946 66.5168894372067
    vertex -45.541650798853524 -3.454243984570659 67.86542847887785
  endloop
endfacet
facet normal 0.7070958879762819 0.09230178002193638 0.7010676048797404
  outer loop
    vertex -45.54167667924626 -8.664598737200707 62.65507372623948
    vertex -46.74171719843135 -9.699880941228368 64.00173715813409
    vertex -45.54166813731176 -10.013137778913196 62.832612259108544
  endloop
endfacet
facet normal 0.7070958879762819 0.09230178002193638 0.7010676048797404
  outer loop
    vertex -46.74171719843135 -9.699880941228368 64.00173715813409
    vertex -45.54167667924626 -8.664598737200707 62.65507372623948
    vertex -46.74172375609194 -8.66460476083982 63.86544046334425
  endloop
endfacet
facet normal 0.7070887731477435 0.6533011355746465 0.2705976591644804
  outer loop
    vertex -45.54162801317697 -13.17689831566722 65.26025110224192
    vertex -46.74167475499009 -12.528308065901909 66.83016428259228
    vertex -45.541612850965286 -13.69741495684396 66.51688943675879
  endloop
endfacet
facet normal 0.7070887731477435 0.6533011355746465 0.2705976591644804
  outer loop
    vertex -46.74167475499009 -12.528308065901909 66.83016428259228
    vertex -45.54162801317697 -13.17689831566722 65.26025110224192
    vertex -46.741686395051005 -12.128706375896835 65.86544046307544
  endloop
endfacet
facet normal 0.7070908329392669 0.5610029047624794 0.430462884371364
  outer loop
    vertex -45.5416429459006 -12.348875915143628 64.18115130066785
    vertex -46.741686395051005 -12.128706375896835 65.86544046307544
    vertex -45.54162801317697 -13.17689831566722 65.26025110224192
  endloop
endfacet
facet normal 0.7070908329392669 0.5610029047624794 0.430462884371364
  outer loop
    vertex -46.741686395051005 -12.128706375896835 65.86544046307544
    vertex -45.5416429459006 -12.348875915143628 64.18115130066785
    vertex -46.741697858933485 -11.493031885522683 65.03701333840503
  endloop
endfacet
facet normal 0.7070953315466524 -0.6532940371617506 0.27059765910634026
  outer loop
    vertex -45.5416733117687 -4.152299158704838 65.26025110264351
    vertex -46.741713542378996 -4.800901455744361 66.83016428293614
    vertex -46.74172117087252 -5.200503145760292 65.86544046338375
  endloop
endfacet
facet normal 0.7070953315466524 -0.6532940371617506 0.27059765910634026
  outer loop
    vertex -46.741713542378996 -4.800901455744361 66.83016428293614
    vertex -45.5416733117687 -4.152299158704838 65.26025110264351
    vertex -45.541663374979315 -3.631782517513946 66.5168894372067
  endloop
endfacet
facet normal 0.7070972324233004 -0.27060117133071737 0.6532905249379889
  outer loop
    vertex -45.541681675180534 -7.3160596954861505 62.83261225922856
    vertex -46.7417284432228 -6.664604760876919 64.40133884826477
    vertex -46.741727591480895 -7.629328580449736 64.00173715822622
  endloop
endfacet
facet normal 0.7070972324233004 -0.27060117133071737 0.6532905249379889
  outer loop
    vertex -46.7417284432228 -6.664604760876919 64.40133884826477
    vertex -45.541681675180534 -7.3160596954861505 62.83261225922856
    vertex -45.54168278464989 -6.059421360896402 63.35312890044889
  endloop
endfacet
facet normal 0.7070945158455222 0.2706082697479131 0.653290524962078
  outer loop
    vertex -45.54166813731176 -10.013137778913196 62.832612259108544
    vertex -46.74170836539288 -10.664604760796687 64.40133884808677
    vertex -45.54165663149577 -11.269776113497105 63.35312890021703
  endloop
endfacet
facet normal 0.7070945158455222 0.2706082697479131 0.653290524962078
  outer loop
    vertex -46.74170836539288 -10.664604760796687 64.40133884808677
    vertex -45.54166813731176 -10.013137778913196 62.832612259108544
    vertex -46.74171719843135 -9.699880941228368 64.00173715813409
  endloop
endfacet
facet normal 0.7070971131177097 -0.43046639654817703 0.5609922941212547
  outer loop
    vertex -45.54168278464989 -6.059421360896402 63.35312890044889
    vertex -46.74172625327285 -5.83617763614377 65.03701333865676
    vertex -46.7417284432228 -6.664604760876919 64.40133884826477
  endloop
endfacet
facet normal 0.7070971131177097 -0.43046639654817703 0.5609922941212547
  outer loop
    vertex -46.74172625327285 -5.83617763614377 65.03701333865676
    vertex -45.54168278464989 -6.059421360896402 63.35312890044889
    vertex -45.54167993204587 -4.980321559240581 64.18115130099572
  endloop
endfacet
facet normal 0.7070968145503722 -0.0922946816041838 0.7010676048715266
  outer loop
    vertex -45.54167667924626 -8.664598737200707 62.65507372623948
    vertex -46.741727591480895 -7.629328580449736 64.00173715822622
    vertex -46.74172375609194 -8.66460476083982 63.86544046334425
  endloop
endfacet
facet normal 0.7070968145503722 -0.0922946816041838 0.7010676048715266
  outer loop
    vertex -46.741727591480895 -7.629328580449736 64.00173715822622
    vertex -45.54167667924626 -8.664598737200707 62.65507372623948
    vertex -45.541681675180534 -7.3160596954861505 62.83261225922856
  endloop
endfacet
facet normal 0.7070822351069991 0.561002904757642 -0.4304770071090658
  outer loop
    vertex -46.741646448790654 -12.128706375874323 69.86544046284614
    vertex -45.54156935935293 -12.348875915102145 71.54970565629625
    vertex -45.54157597963009 -13.176898315637896 70.47060585464845
  endloop
endfacet
facet normal 0.7070822351069991 0.561002904757642 -0.4304770071090658
  outer loop
    vertex -45.54156935935293 -12.348875915102145 71.54970565629625
    vertex -46.741646448790654 -12.128706375874323 69.86544046284614
    vertex -46.741641366390326 -11.493031885490849 70.69386758757314
  endloop
endfacet
facet normal 0.7070927916665333 0.4304734949643445 0.5609922941595644
  outer loop
    vertex -45.54165663149577 -11.269776113497105 63.35312890021703
    vertex -46.741697858933485 -11.493031885522683 65.03701333840503
    vertex -45.5416429459006 -12.348875915143628 64.18115130066785
  endloop
endfacet
facet normal 0.7070927916665333 0.4304734949643445 0.5609922941595644
  outer loop
    vertex -46.741697858933485 -11.493031885522683 65.03701333840503
    vertex -45.54165663149577 -11.269776113497105 63.35312890021703
    vertex -46.74170836539288 -10.664604760796687 64.40133884808677
  endloop
endfacet
facet normal 0.7070919472077304 -0.7010711170911688 -0.09230529223463362
  outer loop
    vertex -46.7417038876615 -4.664604760897543 67.86544046329294
    vertex -45.5416364404335 -3.6317825174987695 69.21396752053319
    vertex -46.741692864673084 -4.800901455732709 68.90071664363761
  endloop
endfacet
facet normal 0.7070919472077304 -0.7010711170911688 -0.09230529223463362
  outer loop
    vertex -45.5416364404335 -3.6317825174987695 69.21396752053319
    vertex -46.7417038876615 -4.664604760897543 67.86544046329294
    vertex -45.541650798853524 -3.454243984570659 67.86542847887785
  endloop
endfacet
facet normal 0.7070841840255592 -0.2706011713380712 -0.6533046477497104
  outer loop
    vertex -46.741659254270296 -6.664604760837931 71.32954207814312
    vertex -45.54158115408703 -7.316059695429531 72.89824469818343
    vertex -46.741650421231824 -7.629328580406247 71.7291437680958
  endloop
endfacet
facet normal 0.7070841840255592 -0.2706011713380712 -0.6533046477497104
  outer loop
    vertex -45.54158115408703 -7.316059695429531 72.89824469818343
    vertex -46.741659254270296 -6.664604760837931 71.32954207814312
    vertex -45.54159265990302 -6.059421360845625 72.37772805707495
  endloop
endfacet
facet normal 0.7070878669318199 -0.5609958063526327 -0.43047700715899884
  outer loop
    vertex -46.74168122461217 -5.200503145737783 69.86544046315444
    vertex -45.54160634549819 -4.980321559199099 71.54970565662413
    vertex -46.7416697607297 -5.836177636111932 70.69386758782485
  endloop
endfacet
facet normal 0.7070878669318199 -0.5609958063526327 -0.43047700715899884
  outer loop
    vertex -45.54160634549819 -4.980321559199099 71.54970565662413
    vertex -46.74168122461217 -5.200503145737783 69.86544046315444
    vertex -45.541621278221825 -4.15229915867551 70.47060585505005
  endloop
endfacet
facet normal 0.7070828118947969 -0.09229468161208015 -0.7010817276673755
  outer loop
    vertex -46.741650421231824 -7.629328580406247 71.7291437680958
    vertex -45.54157261215253 -8.66459873714206 73.07578323105251
    vertex -46.741643863571234 -8.664604760794797 71.86544046288564
  endloop
endfacet
facet normal 0.7070828118947969 -0.09229468161208015 -0.7010817276673755
  outer loop
    vertex -45.54157261215253 -8.66459873714206 73.07578323105251
    vertex -46.741650421231824 -7.629328580406247 71.7291437680958
    vertex -45.54158115408703 -7.316059695429531 72.89824469818343
  endloop
endfacet
facet normal 0.7070899267233435 -0.6532940371647931 -0.2706117819521219
  outer loop
    vertex -46.741692864673084 -4.800901455732709 68.90071664363761
    vertex -45.541621278221825 -4.15229915867551 70.47060585505005
    vertex -46.74168122461217 -5.200503145737783 69.86544046315444
  endloop
endfacet
facet normal 0.7070899267233435 -0.6532940371647931 -0.2706117819521219
  outer loop
    vertex -45.541621278221825 -4.15229915867551 70.47060585505005
    vertex -46.741692864673084 -4.800901455732709 68.90071664363761
    vertex -45.5416364404335 -3.6317825174987695 69.21396752053319
  endloop
endfacet
facet normal 0.7070833683244317 0.6533011355715996 -0.2706117818939788
  outer loop
    vertex -46.74165407728418 -12.528308065890254 68.90071664329375
    vertex -45.54157597963009 -13.176898315637896 70.47060585464845
    vertex -45.54158591641947 -13.697414956828782 69.21396752008526
  endloop
endfacet
facet normal 0.7070833683244317 0.6533011355715996 -0.2706117818939788
  outer loop
    vertex -45.54157597963009 -13.176898315637896 70.47060585464845
    vertex -46.74165407728418 -12.528308065890254 68.90071664329375
    vertex -46.741646448790654 -12.128706375874323 69.86544046284614
  endloop
endfacet
facet normal 0.7070867526633545 0.701078215501021 0.09229116944700606
  outer loop
    vertex -45.541612850965286 -13.69741495684396 66.51688943675879
    vertex -46.741663732001676 -12.664604760737076 67.86544046293695
    vertex -45.54159849254526 -13.874953489772066 67.86542847841413
  endloop
endfacet
facet normal 0.7070867526633545 0.701078215501021 0.09229116944700606
  outer loop
    vertex -46.741663732001676 -12.664604760737076 67.86544046293695
    vertex -45.541612850965286 -13.69741495684396 66.51688943675879
    vertex -46.74167475499009 -12.528308065901909 66.83016428259228
  endloop
endfacet
facet normal 0.7070849091787762 0.7010782154999823 -0.0923052921722387
  outer loop
    vertex -46.741663732001676 -12.664604760737076 67.86544046293695
    vertex -45.54158591641947 -13.697414956828782 69.21396752008526
    vertex -45.54159849254526 -13.874953489772066 67.86542847841413
  endloop
endfacet
facet normal 0.7070849091787762 0.7010782154999823 -0.0923052921722387
  outer loop
    vertex -45.54158591641947 -13.697414956828782 69.21396752008526
    vertex -46.741663732001676 -12.664604760737076 67.86544046293695
    vertex -46.74165407728418 -12.528308065890254 68.90071664329375
  endloop
endfacet
facet normal 0.7070814674477848 0.27060826974055807 -0.6533046477256295
  outer loop
    vertex -46.74163917644038 -10.664604760757696 71.32954207796512
    vertex -45.54156761621826 -10.013137778856555 72.89824469806341
    vertex -45.54156650674889 -11.269776113446314 72.3777280568431
  endloop
endfacet
facet normal 0.7070814674477848 0.27060826974055807 -0.6533046477256295
  outer loop
    vertex -45.54156761621826 -10.013137778856555 72.89824469806341
    vertex -46.74163917644038 -10.664604760757696 71.32954207796512
    vertex -46.74164002818228 -9.699880941184885 71.72914376800365
  endloop
endfacet
endsolid Mosquito 2x18650
