solid Mosquito 2x18650
facet normal 0.0 0.7933533402912463 0.6087614290087061
  outer loop
    vertex -31.74163090754587 11.536556274822923 58.937659790801476
    vertex -29.741630907545872 11.774934208719749 58.62699961902166
    vertex -31.74163090754587 11.774934208719749 58.62699961902166
  endloop
endfacet
facet normal 0.0 0.7933533402912463 0.6087614290087061
  outer loop
    vertex -29.741630907545872 11.774934208719749 58.62699961902166
    vertex -31.74163090754587 11.536556274822923 58.937659790801476
    vertex -29.741630907545872 11.536556274822923 58.937659790801476
  endloop
endfacet
facet normal 0.0 0.9238795325112803 0.38268343236510544
  outer loop
    vertex -31.74163090754587 11.38670564106597 59.2994312231477
    vertex -29.741630907545872 11.536556274822923 58.937659790801476
    vertex -31.74163090754587 11.536556274822923 58.937659790801476
  endloop
endfacet
facet normal 0.0 0.9238795325112803 0.38268343236510544
  outer loop
    vertex -29.741630907545872 11.536556274822923 58.937659790801476
    vertex -31.74163090754587 11.38670564106597 59.2994312231477
    vertex -29.741630907545872 11.38670564106597 59.2994312231477
  endloop
endfacet
facet normal 0.0 0.9914448613738037 0.13052619222010217
  outer loop
    vertex -31.74163090754587 11.335594380499552 59.687659790801476
    vertex -29.741630907545872 11.38670564106597 59.2994312231477
    vertex -31.74163090754587 11.38670564106597 59.2994312231477
  endloop
endfacet
facet normal 0.0 0.9914448613738037 0.13052619222010217
  outer loop
    vertex -29.741630907545872 11.38670564106597 59.2994312231477
    vertex -31.74163090754587 11.335594380499552 59.687659790801476
    vertex -29.741630907545872 11.335594380499552 59.687659790801476
  endloop
endfacet
facet normal 0.0 -0.13052619222004552 -0.9914448613738114
  outer loop
    vertex -29.741630907545872 13.223822948153328 61.136548530235075
    vertex -31.74163090754587 12.83559438049955 61.187659790801476
    vertex -31.74163090754587 13.223822948153328 61.136548530235075
  endloop
endfacet
facet normal 0.0 -0.13052619222004552 -0.9914448613738114
  outer loop
    vertex -31.74163090754587 12.83559438049955 61.187659790801476
    vertex -29.741630907545872 13.223822948153328 61.136548530235075
    vertex -29.741630907545872 12.83559438049955 61.187659790801476
  endloop
endfacet
facet normal 0.0 -0.9914448613738114 0.13052619222004552
  outer loop
    vertex -29.741630907545872 14.335594380499547 59.687659790801476
    vertex -31.74163090754587 14.284483119933153 59.2994312231477
    vertex -29.741630907545872 14.284483119933153 59.2994312231477
  endloop
endfacet
facet normal 0.0 -0.9914448613738114 0.13052619222004552
  outer loop
    vertex -31.74163090754587 14.284483119933153 59.2994312231477
    vertex -29.741630907545872 14.335594380499547 59.687659790801476
    vertex -31.74163090754587 14.335594380499547 59.687659790801476
  endloop
endfacet
facet normal 0.0 0.6087614290087033 0.7933533402912485
  outer loop
    vertex -29.741630907545872 11.774934208719749 58.62699961902166
    vertex -31.74163090754587 12.085594380499584 58.388621685124825
    vertex -31.74163090754587 11.774934208719749 58.62699961902166
  endloop
endfacet
facet normal 0.0 0.6087614290087033 0.7933533402912485
  outer loop
    vertex -31.74163090754587 12.085594380499584 58.388621685124825
    vertex -29.741630907545872 11.774934208719749 58.62699961902166
    vertex -29.741630907545872 12.085594380499584 58.388621685124825
  endloop
endfacet
facet normal 0.0 -0.6087614290087402 -0.7933533402912202
  outer loop
    vertex -29.741630907545872 13.896254552279373 60.748319962581284
    vertex -31.74163090754587 13.58559438049956 60.986697896478134
    vertex -31.74163090754587 13.896254552279373 60.748319962581284
  endloop
endfacet
facet normal 0.0 -0.6087614290087402 -0.7933533402912202
  outer loop
    vertex -31.74163090754587 13.58559438049956 60.986697896478134
    vertex -29.741630907545872 13.896254552279373 60.748319962581284
    vertex -29.741630907545872 13.58559438049956 60.986697896478134
  endloop
endfacet
facet normal 0.0 -0.9238795325112761 -0.38268343236511554
  outer loop
    vertex -29.741630907545872 14.1346324861762 60.437659790801476
    vertex -31.74163090754587 14.284483119933153 60.075888358455266
    vertex -29.741630907545872 14.284483119933153 60.075888358455266
  endloop
endfacet
facet normal 0.0 -0.9238795325112761 -0.38268343236511554
  outer loop
    vertex -31.74163090754587 14.284483119933153 60.075888358455266
    vertex -29.741630907545872 14.1346324861762 60.437659790801476
    vertex -31.74163090754587 14.1346324861762 60.437659790801476
  endloop
endfacet
facet normal 0.0 -0.6087614290087591 0.7933533402912059
  outer loop
    vertex -29.741630907545872 13.585594380499582 58.388621685124825
    vertex -31.74163090754587 13.896254552279373 58.62699961902166
    vertex -31.74163090754587 13.585594380499582 58.388621685124825
  endloop
endfacet
facet normal 0.0 -0.6087614290087591 0.7933533402912059
  outer loop
    vertex -31.74163090754587 13.896254552279373 58.62699961902166
    vertex -29.741630907545872 13.585594380499582 58.388621685124825
    vertex -29.741630907545872 13.896254552279373 58.62699961902166
  endloop
endfacet
facet normal 0.0 1.0 0.0
  outer loop
    vertex -31.74163090756148 14.835401263940073 77.06254652789181
    vertex -29.741630907561483 14.835401263940073 54.562546527891804
    vertex -31.74163090756148 14.835401263940073 54.562546527891804
  endloop
endfacet
facet normal 0.0 1.0 0.0
  outer loop
    vertex -29.741630907561483 14.835401263940073 54.562546527891804
    vertex -31.74163090756148 14.835401263940073 77.06254652789181
    vertex -29.741630907561483 14.835401263940073 77.06254652789181
  endloop
endfacet
facet normal 0.0 -0.7933533402912463 0.6087614290087061
  outer loop
    vertex -29.741630907545872 14.1346324861762 58.937659790801476
    vertex -31.74163090754587 13.896254552279373 58.62699961902166
    vertex -29.741630907545872 13.896254552279373 58.62699961902166
  endloop
endfacet
facet normal 0.0 -0.7933533402912463 0.6087614290087061
  outer loop
    vertex -31.74163090754587 13.896254552279373 58.62699961902166
    vertex -29.741630907545872 14.1346324861762 58.937659790801476
    vertex -31.74163090754587 14.1346324861762 58.937659790801476
  endloop
endfacet
facet normal 0.0 -0.3826834323650829 -0.9238795325112897
  outer loop
    vertex -29.741630907545872 13.58559438049956 60.986697896478134
    vertex -31.74163090754587 13.223822948153328 61.136548530235075
    vertex -31.74163090754587 13.58559438049956 60.986697896478134
  endloop
endfacet
facet normal 0.0 -0.3826834323650829 -0.9238795325112897
  outer loop
    vertex -31.74163090754587 13.223822948153328 61.136548530235075
    vertex -29.741630907545872 13.58559438049956 60.986697896478134
    vertex -29.741630907545872 13.223822948153328 61.136548530235075
  endloop
endfacet
facet normal 0.0 0.3826834323651033 0.9238795325112812
  outer loop
    vertex -29.741630907545872 12.085594380499584 58.388621685124825
    vertex -31.74163090754587 12.447365812845794 58.23877105136787
    vertex -31.74163090754587 12.085594380499584 58.388621685124825
  endloop
endfacet
facet normal 0.0 0.3826834323651033 0.9238795325112812
  outer loop
    vertex -31.74163090754587 12.447365812845794 58.23877105136787
    vertex -29.741630907545872 12.085594380499584 58.388621685124825
    vertex -29.741630907545872 12.447365812845794 58.23877105136787
  endloop
endfacet
facet normal 0.0 0.13052619222006012 0.9914448613738094
  outer loop
    vertex -29.741630907545872 12.447365812845794 58.23877105136787
    vertex -31.74163090754587 12.83559438049955 58.187659790801476
    vertex -31.74163090754587 12.447365812845794 58.23877105136787
  endloop
endfacet
facet normal 0.0 0.13052619222006012 0.9914448613738094
  outer loop
    vertex -31.74163090754587 12.83559438049955 58.187659790801476
    vertex -29.741630907545872 12.447365812845794 58.23877105136787
    vertex -29.741630907545872 12.83559438049955 58.187659790801476
  endloop
endfacet
facet normal 0.0 -0.1305261922200597 0.9914448613738094
  outer loop
    vertex -29.741630907538788 -27.164591174283384 58.187659790801476
    vertex -31.741630907538784 -26.776362606629604 58.23877105136787
    vertex -31.741630907538784 -27.164591174283384 58.187659790801476
  endloop
endfacet
facet normal 0.0 -0.1305261922200597 0.9914448613738094
  outer loop
    vertex -31.741630907538784 -26.776362606629604 58.23877105136787
    vertex -29.741630907538788 -27.164591174283384 58.187659790801476
    vertex -29.741630907538788 -26.776362606629604 58.23877105136787
  endloop
endfacet
facet normal 0.0 0.0 -1.0
  outer loop
    vertex -29.741630907561483 14.835401263940073 54.562546527891804
    vertex -31.74163090756148 -29.16459873605989 54.562546527891804
    vertex -31.74163090756148 14.835401263940073 54.562546527891804
  endloop
endfacet
facet normal 0.0 0.0 -1.0
  outer loop
    vertex -31.74163090756148 -29.16459873605989 54.562546527891804
    vertex -29.741630907561483 14.835401263940073 54.562546527891804
    vertex -29.741630907561483 -29.16459873605989 54.562546527891804
  endloop
endfacet
facet normal 0.0 -0.7933533402912463 -0.6087614290087061
  outer loop
    vertex -29.741630907545872 13.896254552279373 60.748319962581284
    vertex -31.74163090754587 14.1346324861762 60.437659790801476
    vertex -29.741630907545872 14.1346324861762 60.437659790801476
  endloop
endfacet
facet normal 0.0 -0.7933533402912463 -0.6087614290087061
  outer loop
    vertex -31.74163090754587 14.1346324861762 60.437659790801476
    vertex -29.741630907545872 13.896254552279373 60.748319962581284
    vertex -31.74163090754587 13.896254552279373 60.748319962581284
  endloop
endfacet
facet normal 0.0 0.13052619222006717 -0.9914448613738084
  outer loop
    vertex -29.741630907545872 12.83559438049955 61.187659790801476
    vertex -31.74163090754587 12.447365812845794 61.136548530235075
    vertex -31.74163090754587 12.83559438049955 61.187659790801476
  endloop
endfacet
facet normal 0.0 0.13052619222006717 -0.9914448613738084
  outer loop
    vertex -31.74163090754587 12.447365812845794 61.136548530235075
    vertex -29.741630907545872 12.83559438049955 61.187659790801476
    vertex -29.741630907545872 12.447365812845794 61.136548530235075
  endloop
endfacet
facet normal 0.0 -0.1305261922200526 0.9914448613738103
  outer loop
    vertex -29.741630907545872 12.83559438049955 58.187659790801476
    vertex -31.74163090754587 13.223822948153328 58.23877105136787
    vertex -31.74163090754587 12.83559438049955 58.187659790801476
  endloop
endfacet
facet normal 0.0 -0.1305261922200526 0.9914448613738103
  outer loop
    vertex -31.74163090754587 13.223822948153328 58.23877105136787
    vertex -29.741630907545872 12.83559438049955 58.187659790801476
    vertex -29.741630907545872 13.223822948153328 58.23877105136787
  endloop
endfacet
facet normal 0.0 -0.9914448613738114 -0.13052619222004366
  outer loop
    vertex -29.741630907545872 14.284483119933153 60.075888358455266
    vertex -31.74163090754587 14.335594380499547 59.687659790801476
    vertex -29.741630907545872 14.335594380499547 59.687659790801476
  endloop
endfacet
facet normal 0.0 -0.9914448613738114 -0.13052619222004366
  outer loop
    vertex -31.74163090754587 14.335594380499547 59.687659790801476
    vertex -29.741630907545872 14.284483119933153 60.075888358455266
    vertex -31.74163090754587 14.284483119933153 60.075888358455266
  endloop
endfacet
facet normal 0.0 -0.3826834323650625 0.9238795325112981
  outer loop
    vertex -29.741630907545872 13.223822948153328 58.23877105136787
    vertex -31.74163090754587 13.585594380499582 58.388621685124825
    vertex -31.74163090754587 13.223822948153328 58.23877105136787
  endloop
endfacet
facet normal 0.0 -0.3826834323650625 0.9238795325112981
  outer loop
    vertex -31.74163090754587 13.585594380499582 58.388621685124825
    vertex -29.741630907545872 13.223822948153328 58.23877105136787
    vertex -29.741630907545872 13.585594380499582 58.388621685124825
  endloop
endfacet
facet normal 0.0 -0.9238795325112803 0.38268343236510544
  outer loop
    vertex -29.741630907545872 14.284483119933153 59.2994312231477
    vertex -31.74163090754587 14.1346324861762 58.937659790801476
    vertex -29.741630907545872 14.1346324861762 58.937659790801476
  endloop
endfacet
facet normal 0.0 -0.9238795325112803 0.38268343236510544
  outer loop
    vertex -31.74163090754587 14.1346324861762 58.937659790801476
    vertex -29.741630907545872 14.284483119933153 59.2994312231477
    vertex -31.74163090754587 14.284483119933153 59.2994312231477
  endloop
endfacet
facet normal 0.0 0.6087614290087681 -0.7933533402911987
  outer loop
    vertex -29.741630907545872 12.08559438049954 60.986697896478134
    vertex -31.74163090754587 11.774934208719749 60.748319962581284
    vertex -31.74163090754587 12.08559438049954 60.986697896478134
  endloop
endfacet
facet normal 0.0 0.6087614290087681 -0.7933533402911987
  outer loop
    vertex -31.74163090754587 11.774934208719749 60.748319962581284
    vertex -29.741630907545872 12.08559438049954 60.986697896478134
    vertex -29.741630907545872 11.774934208719749 60.748319962581284
  endloop
endfacet
facet normal 0.0 0.7933533402912463 -0.6087614290087061
  outer loop
    vertex -31.741630907538784 -28.225251346063228 60.748319962581284
    vertex -29.741630907538788 -28.463629279960056 60.437659790801476
    vertex -31.741630907538784 -28.463629279960056 60.437659790801476
  endloop
endfacet
facet normal 0.0 0.7933533402912463 -0.6087614290087061
  outer loop
    vertex -29.741630907538788 -28.463629279960056 60.437659790801476
    vertex -31.741630907538784 -28.225251346063228 60.748319962581284
    vertex -29.741630907538788 -28.225251346063228 60.748319962581284
  endloop
endfacet
facet normal 0.0 0.13052619222005224 -0.9914448613738105
  outer loop
    vertex -29.741630907538788 -27.164591174283384 61.18765979080146
    vertex -31.741630907538784 -27.552819741937185 61.13654853023507
    vertex -31.741630907538784 -27.164591174283384 61.18765979080146
  endloop
endfacet
facet normal 0.0 0.13052619222005224 -0.9914448613738105
  outer loop
    vertex -31.741630907538784 -27.552819741937185 61.13654853023507
    vertex -29.741630907538788 -27.164591174283384 61.18765979080146
    vertex -29.741630907538788 -27.552819741937185 61.13654853023507
  endloop
endfacet
facet normal 0.0 -0.9238795325112803 0.38268343236510544
  outer loop
    vertex -29.741630907538788 -25.71570243484978 59.299431223147685
    vertex -31.741630907538784 -25.865553068606733 58.93765979080147
    vertex -29.741630907538788 -25.865553068606733 58.93765979080147
  endloop
endfacet
facet normal 0.0 -0.9238795325112803 0.38268343236510544
  outer loop
    vertex -31.741630907538784 -25.865553068606733 58.93765979080147
    vertex -29.741630907538788 -25.71570243484978 59.299431223147685
    vertex -31.741630907538784 -25.71570243484978 59.299431223147685
  endloop
endfacet
facet normal 0.0 -0.1305261922200314 -0.9914448613738132
  outer loop
    vertex -29.741630907538788 -26.776362606629604 61.136548530235075
    vertex -31.741630907538784 -27.164591174283384 61.18765979080146
    vertex -31.741630907538784 -26.776362606629604 61.136548530235075
  endloop
endfacet
facet normal 0.0 -0.1305261922200314 -0.9914448613738132
  outer loop
    vertex -31.741630907538784 -27.164591174283384 61.18765979080146
    vertex -29.741630907538788 -26.776362606629604 61.136548530235075
    vertex -29.741630907538788 -27.164591174283384 61.18765979080146
  endloop
endfacet
facet normal 0.0 -0.7933533402912517 -0.6087614290086991
  outer loop
    vertex -29.741630907563017 -6.103838421119852 79.62320669967163
    vertex -31.741630907563014 -5.865460487223026 79.31254652789181
    vertex -29.741630907563017 -5.865460487223026 79.31254652789181
  endloop
endfacet
facet normal 0.0 -0.7933533402912517 -0.6087614290086991
  outer loop
    vertex -31.741630907563014 -5.865460487223026 79.31254652789181
    vertex -29.741630907563017 -6.103838421119852 79.62320669967163
    vertex -31.741630907563014 -6.103838421119852 79.62320669967163
  endloop
endfacet
facet normal 0.0 -0.38268343236509106 0.9238795325112864
  outer loop
    vertex -29.741630907538788 -26.776362606629604 58.23877105136787
    vertex -31.741630907538784 -26.414591174283395 58.38862168512481
    vertex -31.741630907538784 -26.776362606629604 58.23877105136787
  endloop
endfacet
facet normal 0.0 -0.38268343236509106 0.9238795325112864
  outer loop
    vertex -31.741630907538784 -26.414591174283395 58.38862168512481
    vertex -29.741630907538788 -26.776362606629604 58.23877105136787
    vertex -29.741630907538788 -26.414591174283395 58.38862168512481
  endloop
endfacet
facet normal 0.0 -0.38268343236511554 -0.9238795325112761
  outer loop
    vertex -29.741630907538788 -26.414591174283395 60.98669789647813
    vertex -31.741630907538784 -26.776362606629604 61.136548530235075
    vertex -31.741630907538784 -26.414591174283395 60.98669789647813
  endloop
endfacet
facet normal 0.0 -0.38268343236511554 -0.9238795325112761
  outer loop
    vertex -31.741630907538784 -26.776362606629604 61.136548530235075
    vertex -29.741630907538788 -26.414591174283395 60.98669789647813
    vertex -29.741630907538788 -26.776362606629604 61.136548530235075
  endloop
endfacet
facet normal 0.0 -0.6087614290086942 0.7933533402912555
  outer loop
    vertex -29.741630907538788 -26.414591174283395 58.38862168512481
    vertex -31.741630907538784 -26.103931002503558 58.62699961902165
    vertex -31.741630907538784 -26.414591174283395 58.38862168512481
  endloop
endfacet
facet normal 0.0 -0.6087614290086942 0.7933533402912555
  outer loop
    vertex -31.741630907538784 -26.103931002503558 58.62699961902165
    vertex -29.741630907538788 -26.414591174283395 58.38862168512481
    vertex -29.741630907538788 -26.103931002503558 58.62699961902165
  endloop
endfacet
facet normal 0.0 0.7933533402912463 0.6087614290087061
  outer loop
    vertex -31.741630907538784 -28.463629279960056 58.93765979080147
    vertex -29.741630907538788 -28.225251346063228 58.62699961902165
    vertex -31.741630907538784 -28.225251346063228 58.62699961902165
  endloop
endfacet
facet normal 0.0 0.7933533402912463 0.6087614290087061
  outer loop
    vertex -29.741630907538788 -28.225251346063228 58.62699961902165
    vertex -31.741630907538784 -28.463629279960056 58.93765979080147
    vertex -29.741630907538788 -28.463629279960056 58.93765979080147
  endloop
endfacet
facet normal 0.0 0.9914448613738114 -0.13052619222004552
  outer loop
    vertex -31.741630907538784 -28.613479913717008 60.07588835845525
    vertex -29.741630907538788 -28.6645911742834 59.687659790801476
    vertex -31.741630907538784 -28.6645911742834 59.687659790801476
  endloop
endfacet
facet normal 0.0 0.9914448613738114 -0.13052619222004552
  outer loop
    vertex -29.741630907538788 -28.6645911742834 59.687659790801476
    vertex -31.741630907538784 -28.613479913717008 60.07588835845525
    vertex -29.741630907538788 -28.613479913717008 60.07588835845525
  endloop
endfacet
facet normal 0.0 0.6087614290086942 -0.7933533402912555
  outer loop
    vertex -29.741630907538788 -27.914591174283395 60.98669789647813
    vertex -31.741630907538784 -28.225251346063228 60.748319962581284
    vertex -31.741630907538784 -27.914591174283395 60.98669789647813
  endloop
endfacet
facet normal 0.0 0.6087614290086942 -0.7933533402912555
  outer loop
    vertex -31.741630907538784 -28.225251346063228 60.748319962581284
    vertex -29.741630907538788 -27.914591174283395 60.98669789647813
    vertex -29.741630907538788 -28.225251346063228 60.748319962581284
  endloop
endfacet
facet normal 0.0 0.13052619222003806 0.9914448613738123
  outer loop
    vertex -29.741630907538788 -27.552819741937185 58.23877105136787
    vertex -31.741630907538784 -27.164591174283384 58.187659790801476
    vertex -31.741630907538784 -27.552819741937185 58.23877105136787
  endloop
endfacet
facet normal 0.0 0.13052619222003806 0.9914448613738123
  outer loop
    vertex -31.741630907538784 -27.164591174283384 58.187659790801476
    vertex -29.741630907538788 -27.552819741937185 58.23877105136787
    vertex -29.741630907538788 -27.164591174283384 58.187659790801476
  endloop
endfacet
facet normal 0.0 -0.7933533402912463 -0.6087614290087061
  outer loop
    vertex -29.741630907538788 -26.103931002503558 60.748319962581284
    vertex -31.741630907538784 -25.865553068606733 60.437659790801476
    vertex -29.741630907538788 -25.865553068606733 60.437659790801476
  endloop
endfacet
facet normal 0.0 -0.7933533402912463 -0.6087614290087061
  outer loop
    vertex -31.741630907538784 -25.865553068606733 60.437659790801476
    vertex -29.741630907538788 -26.103931002503558 60.748319962581284
    vertex -31.741630907538784 -26.103931002503558 60.748319962581284
  endloop
endfacet
facet normal 0.0 0.9238795325112803 -0.38268343236510544
  outer loop
    vertex -31.741630907538784 -28.463629279960056 60.437659790801476
    vertex -29.741630907538788 -28.613479913717008 60.07588835845525
    vertex -31.741630907538784 -28.613479913717008 60.07588835845525
  endloop
endfacet
facet normal 0.0 0.9238795325112803 -0.38268343236510544
  outer loop
    vertex -29.741630907538788 -28.613479913717008 60.07588835845525
    vertex -31.741630907538784 -28.463629279960056 60.437659790801476
    vertex -29.741630907538788 -28.463629279960056 60.437659790801476
  endloop
endfacet
facet normal 0.0 -0.9914448613738114 -0.13052619222004552
  outer loop
    vertex -29.741630907538788 -25.71570243484978 60.07588835845525
    vertex -31.741630907538784 -25.664591174283387 59.687659790801476
    vertex -29.741630907538788 -25.664591174283387 59.687659790801476
  endloop
endfacet
facet normal 0.0 -0.9914448613738114 -0.13052619222004552
  outer loop
    vertex -31.741630907538784 -25.664591174283387 59.687659790801476
    vertex -29.741630907538788 -25.71570243484978 60.07588835845525
    vertex -31.741630907538784 -25.71570243484978 60.07588835845525
  endloop
endfacet
facet normal 0.0 -0.7933533402912463 0.6087614290087061
  outer loop
    vertex -29.741630907538788 -25.865553068606733 58.93765979080147
    vertex -31.741630907538784 -26.103931002503558 58.62699961902165
    vertex -29.741630907538788 -26.103931002503558 58.62699961902165
  endloop
endfacet
facet normal 0.0 -0.7933533402912463 0.6087614290087061
  outer loop
    vertex -31.741630907538784 -26.103931002503558 58.62699961902165
    vertex -29.741630907538788 -25.865553068606733 58.93765979080147
    vertex -31.741630907538784 -25.865553068606733 58.93765979080147
  endloop
endfacet
facet normal 0.0 -0.38268343236505026 -0.9238795325113032
  outer loop
    vertex -29.741630907563017 -6.414498592899644 79.86158463356846
    vertex -31.741630907563014 -6.776270025245898 80.0114352673254
    vertex -31.741630907563014 -6.414498592899644 79.86158463356846
  endloop
endfacet
facet normal 0.0 -0.38268343236505026 -0.9238795325113032
  outer loop
    vertex -31.741630907563014 -6.776270025245898 80.0114352673254
    vertex -29.741630907563017 -6.414498592899644 79.86158463356846
    vertex -29.741630907563017 -6.776270025245898 80.0114352673254
  endloop
endfacet
facet normal 0.0 0.9238795325112803 -0.38268343236510544
  outer loop
    vertex -31.74163090754587 11.536556274822923 60.437659790801476
    vertex -29.741630907545872 11.38670564106597 60.07588835845525
    vertex -31.74163090754587 11.38670564106597 60.07588835845525
  endloop
endfacet
facet normal 0.0 0.9238795325112803 -0.38268343236510544
  outer loop
    vertex -29.741630907545872 11.38670564106597 60.07588835845525
    vertex -31.74163090754587 11.536556274822923 60.437659790801476
    vertex -29.741630907545872 11.536556274822923 60.437659790801476
  endloop
endfacet
facet normal 0.0 0.38268343236505026 -0.9238795325113032
  outer loop
    vertex -29.741630907545872 12.447365812845794 61.136548530235075
    vertex -31.74163090754587 12.08559438049954 60.986697896478134
    vertex -31.74163090754587 12.447365812845794 61.136548530235075
  endloop
endfacet
facet normal 0.0 0.38268343236505026 -0.9238795325113032
  outer loop
    vertex -31.74163090754587 12.08559438049954 60.986697896478134
    vertex -29.741630907545872 12.447365812845794 61.136548530235075
    vertex -29.741630907545872 12.08559438049954 60.986697896478134
  endloop
endfacet
facet normal 0.0 -0.9238795325112803 -0.38268343236510544
  outer loop
    vertex -29.741630907538788 -25.865553068606733 60.437659790801476
    vertex -31.741630907538784 -25.71570243484978 60.07588835845525
    vertex -29.741630907538788 -25.71570243484978 60.07588835845525
  endloop
endfacet
facet normal 0.0 -0.9238795325112803 -0.38268343236510544
  outer loop
    vertex -31.741630907538784 -25.71570243484978 60.07588835845525
    vertex -29.741630907538788 -25.865553068606733 60.437659790801476
    vertex -31.741630907538784 -25.865553068606733 60.437659790801476
  endloop
endfacet
facet normal 0.0 0.9914448613738114 0.13052619222004366
  outer loop
    vertex -31.741630907538784 -28.6645911742834 59.687659790801476
    vertex -29.741630907538788 -28.613479913717008 59.299431223147685
    vertex -31.741630907538784 -28.613479913717008 59.299431223147685
  endloop
endfacet
facet normal 0.0 0.9914448613738114 0.13052619222004366
  outer loop
    vertex -29.741630907538788 -28.613479913717008 59.299431223147685
    vertex -31.741630907538784 -28.6645911742834 59.687659790801476
    vertex -29.741630907538788 -28.6645911742834 59.687659790801476
  endloop
endfacet
facet normal 0.0 0.9914448613738035 -0.13052619222010403
  outer loop
    vertex -31.74163090754587 11.38670564106597 60.07588835845525
    vertex -29.741630907545872 11.335594380499552 59.687659790801476
    vertex -31.74163090754587 11.335594380499552 59.687659790801476
  endloop
endfacet
facet normal 0.0 0.9914448613738035 -0.13052619222010403
  outer loop
    vertex -29.741630907545872 11.335594380499552 59.687659790801476
    vertex -31.74163090754587 11.38670564106597 60.07588835845525
    vertex -29.741630907545872 11.38670564106597 60.07588835845525
  endloop
endfacet
facet normal 0.0 -0.60876142900875 -0.7933533402912128
  outer loop
    vertex -29.741630907563017 -6.103838421119852 79.62320669967163
    vertex -31.741630907563014 -6.414498592899644 79.86158463356846
    vertex -31.741630907563014 -6.103838421119852 79.62320669967163
  endloop
endfacet
facet normal 0.0 -0.60876142900875 -0.7933533402912128
  outer loop
    vertex -31.741630907563014 -6.414498592899644 79.86158463356846
    vertex -29.741630907563017 -6.103838421119852 79.62320669967163
    vertex -29.741630907563017 -6.414498592899644 79.86158463356846
  endloop
endfacet
facet normal 0.0 0.3826834323651033 0.9238795325112812
  outer loop
    vertex -29.741630907538788 -27.914591174283395 58.38862168512481
    vertex -31.741630907538784 -27.552819741937185 58.23877105136787
    vertex -31.741630907538784 -27.914591174283395 58.38862168512481
  endloop
endfacet
facet normal 0.0 0.3826834323651033 0.9238795325112812
  outer loop
    vertex -31.741630907538784 -27.552819741937185 58.23877105136787
    vertex -29.741630907538788 -27.914591174283395 58.38862168512481
    vertex -29.741630907538788 -27.552819741937185 58.23877105136787
  endloop
endfacet
facet normal 0.0 -0.6087614290086942 -0.7933533402912555
  outer loop
    vertex -29.741630907538788 -26.103931002503558 60.748319962581284
    vertex -31.741630907538784 -26.414591174283395 60.98669789647813
    vertex -31.741630907538784 -26.103931002503558 60.748319962581284
  endloop
endfacet
facet normal 0.0 -0.6087614290086942 -0.7933533402912555
  outer loop
    vertex -31.741630907538784 -26.414591174283395 60.98669789647813
    vertex -29.741630907538788 -26.103931002503558 60.748319962581284
    vertex -29.741630907538788 -26.414591174283395 60.98669789647813
  endloop
endfacet
facet normal 0.0 -0.9914448613738114 0.13052619222004366
  outer loop
    vertex -29.741630907538788 -25.664591174283387 59.687659790801476
    vertex -31.741630907538784 -25.71570243484978 59.299431223147685
    vertex -29.741630907538788 -25.71570243484978 59.299431223147685
  endloop
endfacet
facet normal 0.0 -0.9914448613738114 0.13052619222004366
  outer loop
    vertex -31.741630907538784 -25.71570243484978 59.299431223147685
    vertex -29.741630907538788 -25.664591174283387 59.687659790801476
    vertex -31.741630907538784 -25.664591174283387 59.687659790801476
  endloop
endfacet
facet normal 0.0 0.7933533402912463 -0.6087614290087061
  outer loop
    vertex -31.74163090754587 11.774934208719749 60.748319962581284
    vertex -29.741630907545872 11.536556274822923 60.437659790801476
    vertex -31.74163090754587 11.536556274822923 60.437659790801476
  endloop
endfacet
facet normal 0.0 0.7933533402912463 -0.6087614290087061
  outer loop
    vertex -29.741630907545872 11.536556274822923 60.437659790801476
    vertex -31.74163090754587 11.774934208719749 60.748319962581284
    vertex -29.741630907545872 11.774934208719749 60.748319962581284
  endloop
endfacet
facet normal 0.0 0.6087614290086942 0.7933533402912555
  outer loop
    vertex -29.741630907538788 -28.225251346063228 58.62699961902165
    vertex -31.741630907538784 -27.914591174283395 58.38862168512481
    vertex -31.741630907538784 -28.225251346063228 58.62699961902165
  endloop
endfacet
facet normal 0.0 0.6087614290086942 0.7933533402912555
  outer loop
    vertex -31.741630907538784 -27.914591174283395 58.38862168512481
    vertex -29.741630907538788 -28.225251346063228 58.62699961902165
    vertex -29.741630907538788 -27.914591174283395 58.38862168512481
  endloop
endfacet
facet normal 0.0 0.9238795325112803 0.38268343236510544
  outer loop
    vertex -31.741630907538784 -28.613479913717008 59.299431223147685
    vertex -29.741630907538788 -28.463629279960056 58.93765979080147
    vertex -31.741630907538784 -28.463629279960056 58.93765979080147
  endloop
endfacet
facet normal 0.0 0.9238795325112803 0.38268343236510544
  outer loop
    vertex -29.741630907538788 -28.463629279960056 58.93765979080147
    vertex -31.741630907538784 -28.613479913717008 59.299431223147685
    vertex -29.741630907538788 -28.613479913717008 59.299431223147685
  endloop
endfacet
facet normal 0.0 0.38268343236509106 -0.9238795325112864
  outer loop
    vertex -29.741630907538788 -27.552819741937185 61.13654853023507
    vertex -31.741630907538784 -27.914591174283395 60.98669789647813
    vertex -31.741630907538784 -27.552819741937185 61.13654853023507
  endloop
endfacet
facet normal 0.0 0.38268343236509106 -0.9238795325112864
  outer loop
    vertex -31.741630907538784 -27.914591174283395 60.98669789647813
    vertex -29.741630907538788 -27.552819741937185 61.13654853023507
    vertex -29.741630907538788 -27.914591174283395 60.98669789647813
  endloop
endfacet
facet normal 0.0 -0.9238795325112782 -0.38268343236511054
  outer loop
    vertex -29.741630907563017 -5.865460487223026 79.31254652789181
    vertex -31.741630907563014 -5.715609853466074 78.95077509554558
    vertex -29.741630907563017 -5.715609853466074 78.95077509554558
  endloop
endfacet
facet normal 0.0 -0.9238795325112782 -0.38268343236511054
  outer loop
    vertex -31.741630907563014 -5.715609853466074 78.95077509554558
    vertex -29.741630907563017 -5.865460487223026 79.31254652789181
    vertex -31.741630907563014 -5.865460487223026 79.31254652789181
  endloop
endfacet
facet normal 0.0 0.6087614290087591 0.7933533402912059
  outer loop
    vertex -29.741630907563017 -8.225158764679477 77.50188635611197
    vertex -31.741630907563014 -7.914498592899687 77.26350842221514
    vertex -31.741630907563014 -8.225158764679477 77.50188635611197
  endloop
endfacet
facet normal 0.0 0.6087614290087591 0.7933533402912059
  outer loop
    vertex -31.741630907563014 -7.914498592899687 77.26350842221514
    vertex -29.741630907563017 -8.225158764679477 77.50188635611197
    vertex -29.741630907563017 -7.914498592899687 77.26350842221514
  endloop
endfacet
facet normal 0.0 0.9238795325112579 0.38268343236515967
  outer loop
    vertex -31.741630907563014 -8.613387332333279 78.17431796023801
    vertex -29.741630907563017 -8.463536698576304 77.8125465278918
    vertex -31.741630907563014 -8.463536698576304 77.8125465278918
  endloop
endfacet
facet normal 0.0 0.9238795325112579 0.38268343236515967
  outer loop
    vertex -29.741630907563017 -8.463536698576304 77.8125465278918
    vertex -31.741630907563014 -8.613387332333279 78.17431796023801
    vertex -29.741630907563017 -8.613387332333279 78.17431796023801
  endloop
endfacet
facet normal 0.0 0.9238795325112579 -0.38268343236515967
  outer loop
    vertex -31.741630907563014 -8.463536698576304 79.3125465278918
    vertex -29.741630907563017 -8.613387332333279 78.95077509554558
    vertex -31.741630907563014 -8.613387332333279 78.95077509554558
  endloop
endfacet
facet normal 0.0 0.9238795325112579 -0.38268343236515967
  outer loop
    vertex -29.741630907563017 -8.613387332333279 78.95077509554558
    vertex -31.741630907563014 -8.463536698576304 79.3125465278918
    vertex -29.741630907563017 -8.463536698576304 79.3125465278918
  endloop
endfacet
facet normal 0.0 -0.13052619222006717 0.9914448613738084
  outer loop
    vertex -29.741630907563017 -7.164498592899654 77.0625465278918
    vertex -31.741630907563014 -6.776270025245898 77.1136577884582
    vertex -31.741630907563014 -7.164498592899654 77.0625465278918
  endloop
endfacet
facet normal 0.0 -0.13052619222006717 0.9914448613738084
  outer loop
    vertex -31.741630907563014 -6.776270025245898 77.1136577884582
    vertex -29.741630907563017 -7.164498592899654 77.0625465278918
    vertex -29.741630907563017 -6.776270025245898 77.1136577884582
  endloop
endfacet
facet normal 0.0 -0.38268343236505026 0.9238795325113032
  outer loop
    vertex -29.741630907563017 -6.776270025245898 77.1136577884582
    vertex -31.741630907563014 -6.414498592899644 77.26350842221514
    vertex -31.741630907563014 -6.776270025245898 77.1136577884582
  endloop
endfacet
facet normal 0.0 -0.38268343236505026 0.9238795325113032
  outer loop
    vertex -31.741630907563014 -6.414498592899644 77.26350842221514
    vertex -29.741630907563017 -6.776270025245898 77.1136577884582
    vertex -29.741630907563017 -6.414498592899644 77.26350842221514
  endloop
endfacet
facet normal 0.0 0.793353340291257 -0.6087614290086921
  outer loop
    vertex -31.741630907563014 -8.225158764679477 79.62320669967163
    vertex -29.741630907563017 -8.463536698576304 79.3125465278918
    vertex -31.741630907563014 -8.463536698576304 79.3125465278918
  endloop
endfacet
facet normal 0.0 0.793353340291257 -0.6087614290086921
  outer loop
    vertex -29.741630907563017 -8.463536698576304 79.3125465278918
    vertex -31.741630907563014 -8.225158764679477 79.62320669967163
    vertex -29.741630907563017 -8.225158764679477 79.62320669967163
  endloop
endfacet
facet normal 0.0 -0.6087614290087591 0.7933533402912059
  outer loop
    vertex -29.741630907563017 -6.414498592899644 77.26350842221514
    vertex -31.741630907563014 -6.103838421119852 77.50188635611197
    vertex -31.741630907563014 -6.414498592899644 77.26350842221514
  endloop
endfacet
facet normal 0.0 -0.6087614290087591 0.7933533402912059
  outer loop
    vertex -31.741630907563014 -6.103838421119852 77.50188635611197
    vertex -29.741630907563017 -6.414498592899644 77.26350842221514
    vertex -29.741630907563017 -6.103838421119852 77.50188635611197
  endloop
endfacet
facet normal 0.0 0.7933533402912517 0.6087614290086991
  outer loop
    vertex -31.741630907563014 -8.463536698576304 77.8125465278918
    vertex -29.741630907563017 -8.225158764679477 77.50188635611197
    vertex -31.741630907563014 -8.225158764679477 77.50188635611197
  endloop
endfacet
facet normal 0.0 0.7933533402912517 0.6087614290086991
  outer loop
    vertex -29.741630907563017 -8.225158764679477 77.50188635611197
    vertex -31.741630907563014 -8.463536698576304 77.8125465278918
    vertex -29.741630907563017 -8.463536698576304 77.8125465278918
  endloop
endfacet
facet normal 0.0 0.991444861373819 -0.13052619221998704
  outer loop
    vertex -31.741630907563014 -8.613387332333279 78.95077509554558
    vertex -29.741630907563017 -8.664498592899651 78.5625465278918
    vertex -31.741630907563014 -8.664498592899651 78.5625465278918
  endloop
endfacet
facet normal 0.0 0.991444861373819 -0.13052619221998704
  outer loop
    vertex -29.741630907563017 -8.664498592899651 78.5625465278918
    vertex -31.741630907563014 -8.613387332333279 78.95077509554558
    vertex -29.741630907563017 -8.613387332333279 78.95077509554558
  endloop
endfacet
facet normal 0.0 0.13052619222007386 -0.9914448613738075
  outer loop
    vertex -29.741630907563017 -7.164498592899654 80.0625465278918
    vertex -31.741630907563014 -7.552727160553433 80.0114352673254
    vertex -31.741630907563014 -7.164498592899654 80.0625465278918
  endloop
endfacet
facet normal 0.0 0.13052619222007386 -0.9914448613738075
  outer loop
    vertex -31.741630907563014 -7.552727160553433 80.0114352673254
    vertex -29.741630907563017 -7.164498592899654 80.0625465278918
    vertex -29.741630907563017 -7.552727160553433 80.0114352673254
  endloop
endfacet
facet normal 0.0 -0.9914448613738044 -0.13052619222009848
  outer loop
    vertex -29.741630907563017 -5.715609853466074 78.95077509554558
    vertex -31.741630907563014 -5.6644985928996565 78.5625465278918
    vertex -29.741630907563017 -5.6644985928996565 78.5625465278918
  endloop
endfacet
facet normal 0.0 -0.9914448613738044 -0.13052619222009848
  outer loop
    vertex -31.741630907563014 -5.6644985928996565 78.5625465278918
    vertex -29.741630907563017 -5.715609853466074 78.95077509554558
    vertex -31.741630907563014 -5.715609853466074 78.95077509554558
  endloop
endfacet
facet normal 0.0 0.3826834323650625 0.9238795325112981
  outer loop
    vertex -29.741630907563017 -7.914498592899687 77.26350842221514
    vertex -31.741630907563014 -7.552727160553433 77.1136577884582
    vertex -31.741630907563014 -7.914498592899687 77.26350842221514
  endloop
endfacet
facet normal 0.0 0.3826834323650625 0.9238795325112981
  outer loop
    vertex -31.741630907563014 -7.552727160553433 77.1136577884582
    vertex -29.741630907563017 -7.914498592899687 77.26350842221514
    vertex -29.741630907563017 -7.552727160553433 77.1136577884582
  endloop
endfacet
facet normal 0.0 -0.1305261922200813 -0.9914448613738066
  outer loop
    vertex -29.741630907563017 -6.776270025245898 80.0114352673254
    vertex -31.741630907563014 -7.164498592899654 80.0625465278918
    vertex -31.741630907563014 -6.776270025245898 80.0114352673254
  endloop
endfacet
facet normal 0.0 -0.1305261922200813 -0.9914448613738066
  outer loop
    vertex -31.741630907563014 -7.164498592899654 80.0625465278918
    vertex -29.741630907563017 -6.776270025245898 80.0114352673254
    vertex -29.741630907563017 -7.164498592899654 80.0625465278918
  endloop
endfacet
facet normal 0.0 0.13052619222004552 0.9914448613738114
  outer loop
    vertex -29.741630907563017 -7.552727160553433 77.1136577884582
    vertex -31.741630907563014 -7.164498592899654 77.0625465278918
    vertex -31.741630907563014 -7.552727160553433 77.1136577884582
  endloop
endfacet
facet normal 0.0 0.13052619222004552 0.9914448613738114
  outer loop
    vertex -31.741630907563014 -7.164498592899654 77.0625465278918
    vertex -29.741630907563017 -7.552727160553433 77.1136577884582
    vertex -29.741630907563017 -7.164498592899654 77.0625465278918
  endloop
endfacet
facet normal 0.0 0.0 1.0
  outer loop
    vertex -29.741630907561483 -25.66459873605992 80.5625465278918
    vertex -31.74163090756148 11.33540126394008 80.5625465278918
    vertex -31.74163090756148 -25.66459873605992 80.5625465278918
  endloop
endfacet
facet normal 0.0 0.0 1.0
  outer loop
    vertex -31.74163090756148 11.33540126394008 80.5625465278918
    vertex -29.741630907561483 -25.66459873605992 80.5625465278918
    vertex -29.741630907561483 11.33540126394008 80.5625465278918
  endloop
endfacet
facet normal 0.0 -0.9238795325112761 0.38268343236511554
  outer loop
    vertex -29.741630907563017 -5.715609853466074 78.17431796023801
    vertex -31.741630907563014 -5.865460487223026 77.81254652789181
    vertex -29.741630907563017 -5.865460487223026 77.81254652789181
  endloop
endfacet
facet normal 0.0 -0.9238795325112761 0.38268343236511554
  outer loop
    vertex -31.741630907563014 -5.865460487223026 77.81254652789181
    vertex -29.741630907563017 -5.715609853466074 78.17431796023801
    vertex -31.741630907563014 -5.715609853466074 78.17431796023801
  endloop
endfacet
facet normal 0.0 -0.793353340291257 0.6087614290086921
  outer loop
    vertex -29.741630907563017 -5.865460487223026 77.81254652789181
    vertex -31.741630907563014 -6.103838421119852 77.50188635611197
    vertex -29.741630907563017 -6.103838421119852 77.50188635611197
  endloop
endfacet
facet normal 0.0 -0.793353340291257 0.6087614290086921
  outer loop
    vertex -31.741630907563014 -6.103838421119852 77.50188635611197
    vertex -29.741630907563017 -5.865460487223026 77.81254652789181
    vertex -31.741630907563014 -5.865460487223026 77.81254652789181
  endloop
endfacet
facet normal 0.0 0.991444861373819 0.13052619221998704
  outer loop
    vertex -31.741630907563014 -8.664498592899651 78.5625465278918
    vertex -29.741630907563017 -8.613387332333279 78.17431796023801
    vertex -31.741630907563014 -8.613387332333279 78.17431796023801
  endloop
endfacet
facet normal 0.0 0.991444861373819 0.13052619221998704
  outer loop
    vertex -29.741630907563017 -8.613387332333279 78.17431796023801
    vertex -31.741630907563014 -8.664498592899651 78.5625465278918
    vertex -29.741630907563017 -8.664498592899651 78.5625465278918
  endloop
endfacet
facet normal 0.0 0.60876142900875 -0.7933533402912128
  outer loop
    vertex -29.741630907563017 -7.914498592899687 79.86158463356846
    vertex -31.741630907563014 -8.225158764679477 79.62320669967163
    vertex -31.741630907563014 -7.914498592899687 79.86158463356846
  endloop
endfacet
facet normal 0.0 0.60876142900875 -0.7933533402912128
  outer loop
    vertex -31.741630907563014 -8.225158764679477 79.62320669967163
    vertex -29.741630907563017 -7.914498592899687 79.86158463356846
    vertex -29.741630907563017 -8.225158764679477 79.62320669967163
  endloop
endfacet
facet normal 0.0 0.38268343236505026 -0.9238795325113032
  outer loop
    vertex -29.741630907563017 -7.552727160553433 80.0114352673254
    vertex -31.741630907563014 -7.914498592899687 79.86158463356846
    vertex -31.741630907563014 -7.552727160553433 80.0114352673254
  endloop
endfacet
facet normal 0.0 0.38268343236505026 -0.9238795325113032
  outer loop
    vertex -31.741630907563014 -7.914498592899687 79.86158463356846
    vertex -29.741630907563017 -7.552727160553433 80.0114352673254
    vertex -29.741630907563017 -7.914498592899687 79.86158463356846
  endloop
endfacet
facet normal 0.0 -0.9914448613738042 0.13052619222010034
  outer loop
    vertex -29.741630907563017 -5.6644985928996565 78.5625465278918
    vertex -31.741630907563014 -5.715609853466074 78.17431796023801
    vertex -29.741630907563017 -5.715609853466074 78.17431796023801
  endloop
endfacet
facet normal 0.0 -0.9914448613738042 0.13052619222010034
  outer loop
    vertex -31.741630907563014 -5.715609853466074 78.17431796023801
    vertex -29.741630907563017 -5.6644985928996565 78.5625465278918
    vertex -31.741630907563014 -5.6644985928996565 78.5625465278918
  endloop
endfacet
facet normal -1.0 1.1047637254169454e-13 -5.232380438872073e-13
  outer loop
    vertex -31.74163090756148 -28.13947247021282 79.53742026204472
    vertex -31.741630907538784 -28.6645911742834 59.687659790801476
    vertex -31.74163090756148 -28.695687649305437 78.8125465278918
  endloop
endfacet
facet normal -1.0 1.1047637254169454e-13 -5.232380438872073e-13
  outer loop
    vertex -31.741630907538784 -28.6645911742834 59.687659790801476
    vertex -31.74163090756148 -28.13947247021282 79.53742026204472
    vertex -31.741630907538784 -28.613479913717008 60.07588835845525
  endloop
endfacet
facet normal -1.0 1.1047637254169454e-13 -5.232380438872073e-13
  outer loop
    vertex -31.741630907538784 -28.613479913717008 60.07588835845525
    vertex -31.74163090756148 -28.13947247021282 79.53742026204472
    vertex -31.741630907538784 -28.463629279960056 60.437659790801476
  endloop
endfacet
facet normal -1.0 1.1047637254169454e-13 -5.232380438872073e-13
  outer loop
    vertex -31.741630907538784 -28.463629279960056 60.437659790801476
    vertex -31.74163090756148 -28.13947247021282 79.53742026204472
    vertex -31.741630907538784 -28.225251346063228 60.748319962581284
  endloop
endfacet
facet normal -1.0 1.1047637254169454e-13 -5.232380438872073e-13
  outer loop
    vertex -31.741630907538784 -28.225251346063228 60.748319962581284
    vertex -31.74163090756148 -28.13947247021282 79.53742026204472
    vertex -31.741630907538784 -27.914591174283395 60.98669789647813
  endloop
endfacet
facet normal -1.0 1.1047637254169454e-13 -5.232380438872073e-13
  outer loop
    vertex -31.741630907538784 -27.914591174283395 60.98669789647813
    vertex -31.74163090756148 -28.13947247021282 79.53742026204472
    vertex -31.74163090756148 -27.41459873605993 80.09363544113734
  endloop
endfacet
facet normal -1.0 1.1047637254169454e-13 -5.232380438872073e-13
  outer loop
    vertex -31.741630907538784 -27.914591174283395 60.98669789647813
    vertex -31.74163090756148 -27.41459873605993 80.09363544113734
    vertex -31.741630907538784 -27.552819741937185 61.13654853023507
  endloop
endfacet
facet normal -1.0 1.1047637254169454e-13 -5.232380438872073e-13
  outer loop
    vertex -31.741630907538784 -27.552819741937185 61.13654853023507
    vertex -31.74163090756148 -27.41459873605993 80.09363544113734
    vertex -31.741630907538784 -27.164591174283384 61.18765979080146
  endloop
endfacet
facet normal -1.0 1.1047637254169454e-13 -5.232380438872073e-13
  outer loop
    vertex -31.741630907538784 -27.164591174283384 61.18765979080146
    vertex -31.74163090756148 -27.41459873605993 80.09363544113734
    vertex -31.74163090756148 -26.57046539391872 80.44328691990354
  endloop
endfacet
facet normal -1.0 1.1047637254169454e-13 -5.232380438872073e-13
  outer loop
    vertex -31.741630907538784 -27.164591174283384 61.18765979080146
    vertex -31.74163090756148 -26.57046539391872 80.44328691990354
    vertex -31.741630907538784 -26.776362606629604 61.136548530235075
  endloop
endfacet
facet normal -1.0 1.1047637254169454e-13 -5.232380438872073e-13
  outer loop
    vertex -31.741630907538784 -26.776362606629604 61.136548530235075
    vertex -31.74163090756148 -26.57046539391872 80.44328691990354
    vertex -31.741630907538784 -26.414591174283395 60.98669789647813
  endloop
endfacet
facet normal -1.0 1.1047637254169454e-13 -5.232380438872073e-13
  outer loop
    vertex -31.741630907538784 -26.414591174283395 60.98669789647813
    vertex -31.74163090756148 -26.57046539391872 80.44328691990354
    vertex -31.74163090756148 -25.66459873605992 80.5625465278918
  endloop
endfacet
facet normal -1.0 1.1047637254169454e-13 -5.232380438872073e-13
  outer loop
    vertex -31.741630907538784 -26.414591174283395 60.98669789647813
    vertex -31.74163090756148 -25.66459873605992 80.5625465278918
    vertex -31.741630907538784 -26.103931002503558 60.748319962581284
  endloop
endfacet
facet normal -1.0 1.1047637254169454e-13 -5.232380438872073e-13
  outer loop
    vertex -31.741630907538784 -26.103931002503558 60.748319962581284
    vertex -31.74163090756148 -25.66459873605992 80.5625465278918
    vertex -31.741630907538784 -25.865553068606733 60.437659790801476
  endloop
endfacet
facet normal -1.0 1.1047637254169454e-13 -5.232380438872073e-13
  outer loop
    vertex -31.741630907538784 -25.865553068606733 60.437659790801476
    vertex -31.74163090756148 -25.66459873605992 80.5625465278918
    vertex -31.741630907538784 -25.71570243484978 60.07588835845525
  endloop
endfacet
facet normal -1.0 1.1047637254169454e-13 -5.232380438872073e-13
  outer loop
    vertex -31.741630907538784 -25.71570243484978 60.07588835845525
    vertex -31.74163090756148 -25.66459873605992 80.5625465278918
    vertex -31.741630907538784 -25.664591174283387 59.687659790801476
  endloop
endfacet
facet normal -1.0 1.1047637254169454e-13 -5.232380438872073e-13
  outer loop
    vertex -31.741630907538784 -25.664591174283387 59.687659790801476
    vertex -31.74163090756148 -25.66459873605992 80.5625465278918
    vertex -31.741630907563014 -8.225158764679477 79.62320669967163
  endloop
endfacet
facet normal -1.0 1.1047637254169454e-13 -5.232380438872073e-13
  outer loop
    vertex -31.741630907563014 -8.225158764679477 79.62320669967163
    vertex -31.74163090756148 -25.66459873605992 80.5625465278918
    vertex -31.741630907563014 -7.914498592899687 79.86158463356846
  endloop
endfacet
facet normal -1.0 1.1047637254169454e-13 -5.232380438872073e-13
  outer loop
    vertex -31.741630907563014 -7.914498592899687 79.86158463356846
    vertex -31.74163090756148 -25.66459873605992 80.5625465278918
    vertex -31.741630907563014 -7.552727160553433 80.0114352673254
  endloop
endfacet
facet normal -1.0 1.1047637254169454e-13 -5.232380438872073e-13
  outer loop
    vertex -31.741630907563014 -7.552727160553433 80.0114352673254
    vertex -31.74163090756148 -25.66459873605992 80.5625465278918
    vertex -31.741630907563014 -7.164498592899654 80.0625465278918
  endloop
endfacet
facet normal -1.0 1.1047637254169454e-13 -5.232380438872073e-13
  outer loop
    vertex -31.741630907563014 -7.164498592899654 80.0625465278918
    vertex -31.74163090756148 -25.66459873605992 80.5625465278918
    vertex -31.74163090756148 11.33540126394008 80.5625465278918
  endloop
endfacet
facet normal -1.0 1.1047637254169454e-13 -5.232380438872073e-13
  outer loop
    vertex -31.741630907538784 -25.664591174283387 59.687659790801476
    vertex -31.741630907563014 -8.225158764679477 79.62320669967163
    vertex -31.741630907563014 -8.463536698576304 79.3125465278918
  endloop
endfacet
facet normal -1.0 1.1047637254169454e-13 -5.232380438872073e-13
  outer loop
    vertex -31.741630907538784 -25.664591174283387 59.687659790801476
    vertex -31.741630907563014 -8.463536698576304 79.3125465278918
    vertex -31.741630907563014 -8.613387332333279 78.95077509554558
  endloop
endfacet
facet normal -1.0 1.1047637254169454e-13 -5.232380438872073e-13
  outer loop
    vertex -31.741630907538784 -25.664591174283387 59.687659790801476
    vertex -31.741630907563014 -8.613387332333279 78.95077509554558
    vertex -31.741630907563014 -8.664498592899651 78.5625465278918
  endloop
endfacet
facet normal -1.0 1.1047637254169454e-13 -5.232380438872073e-13
  outer loop
    vertex -31.741630907563014 -7.164498592899654 80.0625465278918
    vertex -31.74163090756148 11.33540126394008 80.5625465278918
    vertex -31.741630907563014 -6.776270025245898 80.0114352673254
  endloop
endfacet
facet normal -1.0 1.1047637254169454e-13 -5.232380438872073e-13
  outer loop
    vertex -31.741630907563014 -6.776270025245898 80.0114352673254
    vertex -31.74163090756148 11.33540126394008 80.5625465278918
    vertex -31.741630907563014 -6.414498592899644 79.86158463356846
  endloop
endfacet
facet normal -1.0 1.1047637254169454e-13 -5.232380438872073e-13
  outer loop
    vertex -31.741630907563014 -6.414498592899644 79.86158463356846
    vertex -31.74163090756148 11.33540126394008 80.5625465278918
    vertex -31.741630907563014 -6.103838421119852 79.62320669967163
  endloop
endfacet
facet normal -1.0 1.1047637254169454e-13 -5.232380438872073e-13
  outer loop
    vertex -31.741630907563014 -6.103838421119852 79.62320669967163
    vertex -31.74163090756148 11.33540126394008 80.5625465278918
    vertex -31.741630907563014 -5.865460487223026 79.31254652789181
  endloop
endfacet
facet normal -1.0 1.1047637254169454e-13 -5.232380438872073e-13
  outer loop
    vertex -31.741630907563014 -5.865460487223026 79.31254652789181
    vertex -31.74163090756148 11.33540126394008 80.5625465278918
    vertex -31.741630907563014 -5.715609853466074 78.95077509554558
  endloop
endfacet
facet normal -1.0 1.1047637254169454e-13 -5.232380438872073e-13
  outer loop
    vertex -31.741630907563014 -5.715609853466074 78.95077509554558
    vertex -31.74163090756148 11.33540126394008 80.5625465278918
    vertex -31.741630907563014 -5.6644985928996565 78.5625465278918
  endloop
endfacet
facet normal -1.0 1.1047637254169454e-13 -5.232380438872073e-13
  outer loop
    vertex -31.74163090756148 12.241267921798904 80.44328691990354
    vertex -31.74163090754587 11.335594380499552 59.687659790801476
    vertex -31.74163090756148 11.33540126394008 80.5625465278918
  endloop
endfacet
facet normal -1.0 1.1047637254169454e-13 -5.232380438872073e-13
  outer loop
    vertex -31.74163090754587 11.335594380499552 59.687659790801476
    vertex -31.74163090756148 12.241267921798904 80.44328691990354
    vertex -31.74163090754587 11.38670564106597 60.07588835845525
  endloop
endfacet
facet normal -1.0 1.1047637254169454e-13 -5.232380438872073e-13
  outer loop
    vertex -31.74163090754587 11.38670564106597 60.07588835845525
    vertex -31.74163090756148 12.241267921798904 80.44328691990354
    vertex -31.74163090754587 11.536556274822923 60.437659790801476
  endloop
endfacet
facet normal -1.0 1.1047637254169454e-13 -5.232380438872073e-13
  outer loop
    vertex -31.74163090754587 11.536556274822923 60.437659790801476
    vertex -31.74163090756148 12.241267921798904 80.44328691990354
    vertex -31.74163090754587 11.774934208719749 60.748319962581284
  endloop
endfacet
facet normal -1.0 1.1047637254169454e-13 -5.232380438872073e-13
  outer loop
    vertex -31.74163090754587 11.774934208719749 60.748319962581284
    vertex -31.74163090756148 12.241267921798904 80.44328691990354
    vertex -31.74163090754587 12.08559438049954 60.986697896478134
  endloop
endfacet
facet normal -1.0 1.1047637254169454e-13 -5.232380438872073e-13
  outer loop
    vertex -31.74163090754587 12.08559438049954 60.986697896478134
    vertex -31.74163090756148 12.241267921798904 80.44328691990354
    vertex -31.74163090754587 12.447365812845794 61.136548530235075
  endloop
endfacet
facet normal -1.0 1.1047637254169454e-13 -5.232380438872073e-13
  outer loop
    vertex -31.74163090754587 12.447365812845794 61.136548530235075
    vertex -31.74163090756148 12.241267921798904 80.44328691990354
    vertex -31.74163090756148 13.08540126394011 80.09363544113734
  endloop
endfacet
facet normal -1.0 1.1047637254169454e-13 -5.232380438872073e-13
  outer loop
    vertex -31.74163090754587 12.447365812845794 61.136548530235075
    vertex -31.74163090756148 13.08540126394011 80.09363544113734
    vertex -31.74163090754587 12.83559438049955 61.187659790801476
  endloop
endfacet
facet normal -1.0 1.1047637254169454e-13 -5.232380438872073e-13
  outer loop
    vertex -31.74163090754587 12.83559438049955 61.187659790801476
    vertex -31.74163090756148 13.08540126394011 80.09363544113734
    vertex -31.74163090754587 13.223822948153328 61.136548530235075
  endloop
endfacet
facet normal -1.0 1.1047637254169454e-13 -5.232380438872073e-13
  outer loop
    vertex -31.74163090754587 13.223822948153328 61.136548530235075
    vertex -31.74163090756148 13.08540126394011 80.09363544113734
    vertex -31.74163090756148 13.810274998093002 79.53742026204472
  endloop
endfacet
facet normal -1.0 1.1047637254169454e-13 -5.232380438872073e-13
  outer loop
    vertex -31.74163090754587 13.223822948153328 61.136548530235075
    vertex -31.74163090756148 13.810274998093002 79.53742026204472
    vertex -31.74163090754587 13.58559438049956 60.986697896478134
  endloop
endfacet
facet normal -1.0 1.1047637254169454e-13 -5.232380438872073e-13
  outer loop
    vertex -31.74163090754587 13.58559438049956 60.986697896478134
    vertex -31.74163090756148 13.810274998093002 79.53742026204472
    vertex -31.74163090754587 13.896254552279373 60.748319962581284
  endloop
endfacet
facet normal -1.0 1.1047637254169454e-13 -5.232380438872073e-13
  outer loop
    vertex -31.74163090754587 13.896254552279373 60.748319962581284
    vertex -31.74163090756148 13.810274998093002 79.53742026204472
    vertex -31.74163090756148 14.36649017718562 78.8125465278918
  endloop
endfacet
facet normal -1.0 1.1047637254169454e-13 -5.232380438872073e-13
  outer loop
    vertex -31.74163090754587 13.896254552279373 60.748319962581284
    vertex -31.74163090756148 14.36649017718562 78.8125465278918
    vertex -31.74163090754587 14.1346324861762 60.437659790801476
  endloop
endfacet
facet normal -1.0 1.1047637254169454e-13 -5.232380438872073e-13
  outer loop
    vertex -31.74163090754587 14.1346324861762 60.437659790801476
    vertex -31.74163090756148 14.36649017718562 78.8125465278918
    vertex -31.74163090754587 14.284483119933153 60.075888358455266
  endloop
endfacet
facet normal -1.0 1.1047637254169454e-13 -5.232380438872073e-13
  outer loop
    vertex -31.74163090754587 14.284483119933153 60.075888358455266
    vertex -31.74163090756148 14.36649017718562 78.8125465278918
    vertex -31.74163090754587 14.335594380499547 59.687659790801476
  endloop
endfacet
facet normal -1.0 1.1047637254169454e-13 -5.232380438872073e-13
  outer loop
    vertex -31.74163090756148 -29.045339128071646 77.96841318575062
    vertex -31.74163090756148 -29.16459873605989 54.562546527891804
    vertex -31.74163090756148 -29.16459873605989 77.06254652789181
  endloop
endfacet
facet normal -1.0 1.1047637254169454e-13 -5.232380438872073e-13
  outer loop
    vertex -31.74163090756148 -29.16459873605989 54.562546527891804
    vertex -31.74163090756148 -29.045339128071646 77.96841318575062
    vertex -31.741630907538784 -28.6645911742834 59.687659790801476
  endloop
endfacet
facet normal -1.0 1.1047637254169454e-13 -5.232380438872073e-13
  outer loop
    vertex -31.74163090756148 -29.16459873605989 54.562546527891804
    vertex -31.741630907538784 -28.6645911742834 59.687659790801476
    vertex -31.741630907538784 -28.613479913717008 59.299431223147685
  endloop
endfacet
facet normal -1.0 1.1047637254169454e-13 -5.232380438872073e-13
  outer loop
    vertex -31.74163090756148 -29.16459873605989 54.562546527891804
    vertex -31.741630907538784 -28.613479913717008 59.299431223147685
    vertex -31.741630907538784 -28.463629279960056 58.93765979080147
  endloop
endfacet
facet normal -1.0 1.1047637254169454e-13 -5.232380438872073e-13
  outer loop
    vertex -31.74163090756148 -29.16459873605989 54.562546527891804
    vertex -31.741630907538784 -28.463629279960056 58.93765979080147
    vertex -31.741630907538784 -28.225251346063228 58.62699961902165
  endloop
endfacet
facet normal -1.0 1.1047637254169454e-13 -5.232380438872073e-13
  outer loop
    vertex -31.74163090756148 -29.16459873605989 54.562546527891804
    vertex -31.741630907538784 -28.225251346063228 58.62699961902165
    vertex -31.741630907538784 -27.914591174283395 58.38862168512481
  endloop
endfacet
facet normal -1.0 1.1047637254169454e-13 -5.232380438872073e-13
  outer loop
    vertex -31.74163090756148 -29.16459873605989 54.562546527891804
    vertex -31.741630907538784 -27.914591174283395 58.38862168512481
    vertex -31.741630907538784 -27.552819741937185 58.23877105136787
  endloop
endfacet
facet normal -1.0 1.1047637254169454e-13 -5.232380438872073e-13
  outer loop
    vertex -31.74163090756148 -29.16459873605989 54.562546527891804
    vertex -31.741630907538784 -27.552819741937185 58.23877105136787
    vertex -31.741630907538784 -27.164591174283384 58.187659790801476
  endloop
endfacet
facet normal -1.0 1.1047637254169454e-13 -5.232380438872073e-13
  outer loop
    vertex -31.74163090756148 -29.16459873605989 54.562546527891804
    vertex -31.741630907538784 -27.164591174283384 58.187659790801476
    vertex -31.74163090756148 14.835401263940073 54.562546527891804
  endloop
endfacet
facet normal -1.0 1.1047637254169454e-13 -5.232380438872073e-13
  outer loop
    vertex -31.741630907538784 -28.6645911742834 59.687659790801476
    vertex -31.74163090756148 -29.045339128071646 77.96841318575062
    vertex -31.74163090756148 -28.695687649305437 78.8125465278918
  endloop
endfacet
facet normal -1.0 1.1047637254169454e-13 -5.232380438872073e-13
  outer loop
    vertex -31.74163090756148 14.835401263940073 54.562546527891804
    vertex -31.741630907538784 -27.164591174283384 58.187659790801476
    vertex -31.741630907538784 -26.776362606629604 58.23877105136787
  endloop
endfacet
facet normal -1.0 1.1047637254169454e-13 -5.232380438872073e-13
  outer loop
    vertex -31.74163090756148 14.835401263940073 54.562546527891804
    vertex -31.741630907538784 -26.776362606629604 58.23877105136787
    vertex -31.741630907538784 -26.414591174283395 58.38862168512481
  endloop
endfacet
facet normal -1.0 1.1047637254169454e-13 -5.232380438872073e-13
  outer loop
    vertex -31.74163090756148 14.835401263940073 54.562546527891804
    vertex -31.741630907538784 -26.414591174283395 58.38862168512481
    vertex -31.741630907538784 -26.103931002503558 58.62699961902165
  endloop
endfacet
facet normal -1.0 1.1047637254169454e-13 -5.232380438872073e-13
  outer loop
    vertex -31.74163090756148 14.835401263940073 54.562546527891804
    vertex -31.741630907538784 -26.103931002503558 58.62699961902165
    vertex -31.741630907538784 -25.865553068606733 58.93765979080147
  endloop
endfacet
facet normal -1.0 1.1047637254169454e-13 -5.232380438872073e-13
  outer loop
    vertex -31.74163090756148 14.835401263940073 54.562546527891804
    vertex -31.741630907538784 -25.865553068606733 58.93765979080147
    vertex -31.741630907538784 -25.71570243484978 59.299431223147685
  endloop
endfacet
facet normal -1.0 1.1047637254169454e-13 -5.232380438872073e-13
  outer loop
    vertex -31.74163090756148 14.835401263940073 54.562546527891804
    vertex -31.741630907538784 -25.71570243484978 59.299431223147685
    vertex -31.741630907538784 -25.664591174283387 59.687659790801476
  endloop
endfacet
facet normal -1.0 1.1047637254169454e-13 -5.232380438872073e-13
  outer loop
    vertex -31.74163090756148 14.835401263940073 54.562546527891804
    vertex -31.741630907538784 -25.664591174283387 59.687659790801476
    vertex -31.741630907563014 -8.225158764679477 77.50188635611197
  endloop
endfacet
facet normal -1.0 1.1047637254169454e-13 -5.232380438872073e-13
  outer loop
    vertex -31.741630907563014 -8.225158764679477 77.50188635611197
    vertex -31.741630907538784 -25.664591174283387 59.687659790801476
    vertex -31.741630907563014 -8.463536698576304 77.8125465278918
  endloop
endfacet
facet normal -1.0 1.1047637254169454e-13 -5.232380438872073e-13
  outer loop
    vertex -31.741630907563014 -8.463536698576304 77.8125465278918
    vertex -31.741630907538784 -25.664591174283387 59.687659790801476
    vertex -31.741630907563014 -8.613387332333279 78.17431796023801
  endloop
endfacet
facet normal -1.0 1.1047637254169454e-13 -5.232380438872073e-13
  outer loop
    vertex -31.741630907563014 -8.613387332333279 78.17431796023801
    vertex -31.741630907538784 -25.664591174283387 59.687659790801476
    vertex -31.741630907563014 -8.664498592899651 78.5625465278918
  endloop
endfacet
facet normal -1.0 1.1047637254169454e-13 -5.232380438872073e-13
  outer loop
    vertex -31.74163090756148 14.835401263940073 54.562546527891804
    vertex -31.741630907563014 -8.225158764679477 77.50188635611197
    vertex -31.741630907563014 -7.914498592899687 77.26350842221514
  endloop
endfacet
facet normal -1.0 1.1047637254169454e-13 -5.232380438872073e-13
  outer loop
    vertex -31.74163090756148 14.835401263940073 54.562546527891804
    vertex -31.741630907563014 -7.914498592899687 77.26350842221514
    vertex -31.741630907563014 -7.552727160553433 77.1136577884582
  endloop
endfacet
facet normal -1.0 1.1047637254169454e-13 -5.232380438872073e-13
  outer loop
    vertex -31.74163090756148 14.835401263940073 54.562546527891804
    vertex -31.741630907563014 -7.552727160553433 77.1136577884582
    vertex -31.741630907563014 -7.164498592899654 77.0625465278918
  endloop
endfacet
facet normal -1.0 1.1047637254169454e-13 -5.232380438872073e-13
  outer loop
    vertex -31.74163090756148 14.835401263940073 54.562546527891804
    vertex -31.741630907563014 -7.164498592899654 77.0625465278918
    vertex -31.741630907563014 -6.776270025245898 77.1136577884582
  endloop
endfacet
facet normal -1.0 1.1047637254169454e-13 -5.232380438872073e-13
  outer loop
    vertex -31.74163090756148 14.835401263940073 54.562546527891804
    vertex -31.741630907563014 -6.776270025245898 77.1136577884582
    vertex -31.741630907563014 -6.414498592899644 77.26350842221514
  endloop
endfacet
facet normal -1.0 1.1047637254169454e-13 -5.232380438872073e-13
  outer loop
    vertex -31.74163090756148 14.835401263940073 54.562546527891804
    vertex -31.741630907563014 -6.414498592899644 77.26350842221514
    vertex -31.741630907563014 -6.103838421119852 77.50188635611197
  endloop
endfacet
facet normal -1.0 1.1047637254169454e-13 -5.232380438872073e-13
  outer loop
    vertex -31.74163090756148 14.835401263940073 54.562546527891804
    vertex -31.741630907563014 -6.103838421119852 77.50188635611197
    vertex -31.741630907563014 -5.865460487223026 77.81254652789181
  endloop
endfacet
facet normal -1.0 1.1047637254169454e-13 -5.232380438872073e-13
  outer loop
    vertex -31.74163090756148 14.835401263940073 54.562546527891804
    vertex -31.741630907563014 -5.865460487223026 77.81254652789181
    vertex -31.741630907563014 -5.715609853466074 78.17431796023801
  endloop
endfacet
facet normal -1.0 1.1047637254169454e-13 -5.232380438872073e-13
  outer loop
    vertex -31.74163090756148 14.835401263940073 54.562546527891804
    vertex -31.741630907563014 -5.715609853466074 78.17431796023801
    vertex -31.741630907563014 -5.6644985928996565 78.5625465278918
  endloop
endfacet
facet normal -1.0 1.1047637254169454e-13 -5.232380438872073e-13
  outer loop
    vertex -31.74163090756148 14.835401263940073 54.562546527891804
    vertex -31.741630907563014 -5.6644985928996565 78.5625465278918
    vertex -31.74163090754587 11.536556274822923 58.937659790801476
  endloop
endfacet
facet normal -1.0 1.1047637254169454e-13 -5.232380438872073e-13
  outer loop
    vertex -31.74163090754587 11.536556274822923 58.937659790801476
    vertex -31.741630907563014 -5.6644985928996565 78.5625465278918
    vertex -31.74163090754587 11.38670564106597 59.2994312231477
  endloop
endfacet
facet normal -1.0 1.1047637254169454e-13 -5.232380438872073e-13
  outer loop
    vertex -31.74163090754587 11.38670564106597 59.2994312231477
    vertex -31.741630907563014 -5.6644985928996565 78.5625465278918
    vertex -31.74163090754587 11.335594380499552 59.687659790801476
  endloop
endfacet
facet normal -1.0 1.1047637254169454e-13 -5.232380438872073e-13
  outer loop
    vertex -31.74163090754587 11.335594380499552 59.687659790801476
    vertex -31.741630907563014 -5.6644985928996565 78.5625465278918
    vertex -31.74163090756148 11.33540126394008 80.5625465278918
  endloop
endfacet
facet normal -1.0 1.1047637254169454e-13 -5.232380438872073e-13
  outer loop
    vertex -31.74163090756148 14.835401263940073 54.562546527891804
    vertex -31.74163090754587 11.536556274822923 58.937659790801476
    vertex -31.74163090754587 11.774934208719749 58.62699961902166
  endloop
endfacet
facet normal -1.0 1.1047637254169454e-13 -5.232380438872073e-13
  outer loop
    vertex -31.74163090756148 14.835401263940073 54.562546527891804
    vertex -31.74163090754587 11.774934208719749 58.62699961902166
    vertex -31.74163090754587 12.085594380499584 58.388621685124825
  endloop
endfacet
facet normal -1.0 1.1047637254169454e-13 -5.232380438872073e-13
  outer loop
    vertex -31.74163090756148 14.835401263940073 54.562546527891804
    vertex -31.74163090754587 12.085594380499584 58.388621685124825
    vertex -31.74163090754587 12.447365812845794 58.23877105136787
  endloop
endfacet
facet normal -1.0 1.1047637254169454e-13 -5.232380438872073e-13
  outer loop
    vertex -31.74163090756148 14.835401263940073 54.562546527891804
    vertex -31.74163090754587 12.447365812845794 58.23877105136787
    vertex -31.74163090754587 12.83559438049955 58.187659790801476
  endloop
endfacet
facet normal -1.0 1.1047637254169454e-13 -5.232380438872073e-13
  outer loop
    vertex -31.74163090756148 14.835401263940073 54.562546527891804
    vertex -31.74163090754587 12.83559438049955 58.187659790801476
    vertex -31.74163090754587 13.223822948153328 58.23877105136787
  endloop
endfacet
facet normal -1.0 1.1047637254169454e-13 -5.232380438872073e-13
  outer loop
    vertex -31.74163090756148 14.835401263940073 54.562546527891804
    vertex -31.74163090754587 13.223822948153328 58.23877105136787
    vertex -31.74163090754587 13.585594380499582 58.388621685124825
  endloop
endfacet
facet normal -1.0 1.1047637254169454e-13 -5.232380438872073e-13
  outer loop
    vertex -31.74163090756148 14.835401263940073 54.562546527891804
    vertex -31.74163090754587 13.585594380499582 58.388621685124825
    vertex -31.74163090754587 13.896254552279373 58.62699961902166
  endloop
endfacet
facet normal -1.0 1.1047637254169454e-13 -5.232380438872073e-13
  outer loop
    vertex -31.74163090756148 14.835401263940073 54.562546527891804
    vertex -31.74163090754587 13.896254552279373 58.62699961902166
    vertex -31.74163090754587 14.1346324861762 58.937659790801476
  endloop
endfacet
facet normal -1.0 1.1047637254169454e-13 -5.232380438872073e-13
  outer loop
    vertex -31.74163090756148 14.835401263940073 54.562546527891804
    vertex -31.74163090754587 14.1346324861762 58.937659790801476
    vertex -31.74163090754587 14.284483119933153 59.2994312231477
  endloop
endfacet
facet normal -1.0 1.1047637254169454e-13 -5.232380438872073e-13
  outer loop
    vertex -31.74163090756148 14.835401263940073 54.562546527891804
    vertex -31.74163090754587 14.284483119933153 59.2994312231477
    vertex -31.74163090754587 14.335594380499547 59.687659790801476
  endloop
endfacet
facet normal -1.0 1.1047637254169454e-13 -5.232380438872073e-13
  outer loop
    vertex -31.74163090756148 14.835401263940073 54.562546527891804
    vertex -31.74163090754587 14.335594380499547 59.687659790801476
    vertex -31.74163090756148 14.36649017718562 78.8125465278918
  endloop
endfacet
facet normal -1.0 1.1047637254169454e-13 -5.232380438872073e-13
  outer loop
    vertex -31.74163090756148 14.835401263940073 54.562546527891804
    vertex -31.74163090756148 14.36649017718562 78.8125465278918
    vertex -31.74163090756148 14.716141655951827 77.96841318575062
  endloop
endfacet
facet normal -1.0 1.1047637254169454e-13 -5.232380438872073e-13
  outer loop
    vertex -31.74163090756148 14.835401263940073 54.562546527891804
    vertex -31.74163090756148 14.716141655951827 77.96841318575062
    vertex -31.74163090756148 14.835401263940073 77.06254652789181
  endloop
endfacet
facet normal 0.0 0.7933533402912375 0.6087614290087177
  outer loop
    vertex -31.74163090756148 13.810274998093002 79.53742026204472
    vertex -29.741630907561483 14.36649017718562 78.8125465278918
    vertex -31.74163090756148 14.36649017718562 78.8125465278918
  endloop
endfacet
facet normal 0.0 0.7933533402912375 0.6087614290087177
  outer loop
    vertex -29.741630907561483 14.36649017718562 78.8125465278918
    vertex -31.74163090756148 13.810274998093002 79.53742026204472
    vertex -29.741630907561483 13.810274998093002 79.53742026204472
  endloop
endfacet
facet normal 0.0 -0.9914448613738123 0.13052619222003714
  outer loop
    vertex -29.741630907561483 -29.045339128071646 77.96841318575062
    vertex -31.74163090756148 -29.16459873605989 77.06254652789181
    vertex -29.741630907561483 -29.16459873605989 77.06254652789181
  endloop
endfacet
facet normal 0.0 -0.9914448613738123 0.13052619222003714
  outer loop
    vertex -31.74163090756148 -29.16459873605989 77.06254652789181
    vertex -29.741630907561483 -29.045339128071646 77.96841318575062
    vertex -31.74163090756148 -29.045339128071646 77.96841318575062
  endloop
endfacet
facet normal 0.0 -1.0 0.0
  outer loop
    vertex -29.741630907561483 -29.16459873605989 77.06254652789181
    vertex -31.74163090756148 -29.16459873605989 54.562546527891804
    vertex -29.741630907561483 -29.16459873605989 54.562546527891804
  endloop
endfacet
facet normal 0.0 -1.0 0.0
  outer loop
    vertex -31.74163090756148 -29.16459873605989 54.562546527891804
    vertex -29.741630907561483 -29.16459873605989 77.06254652789181
    vertex -31.74163090756148 -29.16459873605989 77.06254652789181
  endloop
endfacet
facet normal 0.0 -0.6087614290087325 0.7933533402912261
  outer loop
    vertex -29.741630907561483 -28.13947247021282 79.53742026204472
    vertex -31.74163090756148 -27.41459873605993 80.09363544113734
    vertex -31.74163090756148 -28.13947247021282 79.53742026204472
  endloop
endfacet
facet normal 0.0 -0.6087614290087325 0.7933533402912261
  outer loop
    vertex -31.74163090756148 -27.41459873605993 80.09363544113734
    vertex -29.741630907561483 -28.13947247021282 79.53742026204472
    vertex -29.741630907561483 -27.41459873605993 80.09363544113734
  endloop
endfacet
facet normal 0.0 0.38268343236508123 0.9238795325112905
  outer loop
    vertex -29.741630907561483 12.241267921798904 80.44328691990354
    vertex -31.74163090756148 13.08540126394011 80.09363544113734
    vertex -31.74163090756148 12.241267921798904 80.44328691990354
  endloop
endfacet
facet normal 0.0 0.38268343236508123 0.9238795325112905
  outer loop
    vertex -31.74163090756148 13.08540126394011 80.09363544113734
    vertex -29.741630907561483 12.241267921798904 80.44328691990354
    vertex -29.741630907561483 13.08540126394011 80.09363544113734
  endloop
endfacet
facet normal 0.0 0.13052619222005457 0.99144486137381
  outer loop
    vertex -29.741630907561483 11.33540126394008 80.5625465278918
    vertex -31.74163090756148 12.241267921798904 80.44328691990354
    vertex -31.74163090756148 11.33540126394008 80.5625465278918
  endloop
endfacet
facet normal 0.0 0.13052619222005457 0.99144486137381
  outer loop
    vertex -31.74163090756148 12.241267921798904 80.44328691990354
    vertex -29.741630907561483 11.33540126394008 80.5625465278918
    vertex -29.741630907561483 12.241267921798904 80.44328691990354
  endloop
endfacet
facet normal 0.0 -0.7933533402912375 0.6087614290087177
  outer loop
    vertex -29.741630907561483 -28.13947247021282 79.53742026204472
    vertex -31.74163090756148 -28.695687649305437 78.8125465278918
    vertex -29.741630907561483 -28.695687649305437 78.8125465278918
  endloop
endfacet
facet normal 0.0 -0.7933533402912375 0.6087614290087177
  outer loop
    vertex -31.74163090756148 -28.695687649305437 78.8125465278918
    vertex -29.741630907561483 -28.13947247021282 79.53742026204472
    vertex -31.74163090756148 -28.13947247021282 79.53742026204472
  endloop
endfacet
facet normal 0.0 0.6087614290087325 0.7933533402912261
  outer loop
    vertex -29.741630907561483 13.08540126394011 80.09363544113734
    vertex -31.74163090756148 13.810274998093002 79.53742026204472
    vertex -31.74163090756148 13.08540126394011 80.09363544113734
  endloop
endfacet
facet normal 0.0 0.6087614290087325 0.7933533402912261
  outer loop
    vertex -31.74163090756148 13.810274998093002 79.53742026204472
    vertex -29.741630907561483 13.08540126394011 80.09363544113734
    vertex -29.741630907561483 13.810274998093002 79.53742026204472
  endloop
endfacet
facet normal 0.0 0.9914448613738123 0.13052619222003714
  outer loop
    vertex -31.74163090756148 14.716141655951827 77.96841318575062
    vertex -29.741630907561483 14.835401263940073 77.06254652789181
    vertex -31.74163090756148 14.835401263940073 77.06254652789181
  endloop
endfacet
facet normal 0.0 0.9914448613738123 0.13052619222003714
  outer loop
    vertex -29.741630907561483 14.835401263940073 77.06254652789181
    vertex -31.74163090756148 14.716141655951827 77.96841318575062
    vertex -29.741630907561483 14.716141655951827 77.96841318575062
  endloop
endfacet
facet normal 0.0 0.9238795325112851 0.3826834323650943
  outer loop
    vertex -31.74163090756148 14.36649017718562 78.8125465278918
    vertex -29.741630907561483 14.716141655951827 77.96841318575062
    vertex -31.74163090756148 14.716141655951827 77.96841318575062
  endloop
endfacet
facet normal 0.0 0.9238795325112851 0.3826834323650943
  outer loop
    vertex -29.741630907561483 14.716141655951827 77.96841318575062
    vertex -31.74163090756148 14.36649017718562 78.8125465278918
    vertex -29.741630907561483 14.36649017718562 78.8125465278918
  endloop
endfacet
facet normal 1.0 2.519473861502024e-15 2.940846625063634e-14
  outer loop
    vertex -29.741630907538788 -28.6645911742834 59.687659790801476
    vertex -29.741630907561483 -28.13947247021282 79.53742026204472
    vertex -29.741630907561483 -28.695687649305437 78.8125465278918
  endloop
endfacet
facet normal 1.0 2.519473861502024e-15 2.940846625063634e-14
  outer loop
    vertex -29.741630907561483 -28.13947247021282 79.53742026204472
    vertex -29.741630907538788 -28.6645911742834 59.687659790801476
    vertex -29.741630907538788 -28.613479913717008 60.07588835845525
  endloop
endfacet
facet normal 1.0 2.519473861502024e-15 2.940846625063634e-14
  outer loop
    vertex -29.741630907561483 -28.13947247021282 79.53742026204472
    vertex -29.741630907538788 -28.613479913717008 60.07588835845525
    vertex -29.741630907538788 -28.463629279960056 60.437659790801476
  endloop
endfacet
facet normal 1.0 2.519473861502024e-15 2.940846625063634e-14
  outer loop
    vertex -29.741630907561483 -28.13947247021282 79.53742026204472
    vertex -29.741630907538788 -28.463629279960056 60.437659790801476
    vertex -29.741630907538788 -28.225251346063228 60.748319962581284
  endloop
endfacet
facet normal 1.0 2.519473861502024e-15 2.940846625063634e-14
  outer loop
    vertex -29.741630907561483 -28.13947247021282 79.53742026204472
    vertex -29.741630907538788 -28.225251346063228 60.748319962581284
    vertex -29.741630907538788 -27.914591174283395 60.98669789647813
  endloop
endfacet
facet normal 1.0 2.519473861502024e-15 2.940846625063634e-14
  outer loop
    vertex -29.741630907561483 -28.13947247021282 79.53742026204472
    vertex -29.741630907538788 -27.914591174283395 60.98669789647813
    vertex -29.741630907561483 -27.41459873605993 80.09363544113734
  endloop
endfacet
facet normal 1.0 2.519473861502024e-15 2.940846625063634e-14
  outer loop
    vertex -29.741630907561483 -27.41459873605993 80.09363544113734
    vertex -29.741630907538788 -27.914591174283395 60.98669789647813
    vertex -29.741630907538788 -27.552819741937185 61.13654853023507
  endloop
endfacet
facet normal 1.0 2.519473861502024e-15 2.940846625063634e-14
  outer loop
    vertex -29.741630907561483 -27.41459873605993 80.09363544113734
    vertex -29.741630907538788 -27.552819741937185 61.13654853023507
    vertex -29.741630907538788 -27.164591174283384 61.18765979080146
  endloop
endfacet
facet normal 1.0 2.519473861502024e-15 2.940846625063634e-14
  outer loop
    vertex -29.741630907561483 -27.41459873605993 80.09363544113734
    vertex -29.741630907538788 -27.164591174283384 61.18765979080146
    vertex -29.741630907561483 -26.57046539391872 80.44328691990354
  endloop
endfacet
facet normal 1.0 2.519473861502024e-15 2.940846625063634e-14
  outer loop
    vertex -29.741630907561483 -26.57046539391872 80.44328691990354
    vertex -29.741630907538788 -27.164591174283384 61.18765979080146
    vertex -29.741630907538788 -26.776362606629604 61.136548530235075
  endloop
endfacet
facet normal 1.0 2.519473861502024e-15 2.940846625063634e-14
  outer loop
    vertex -29.741630907561483 -26.57046539391872 80.44328691990354
    vertex -29.741630907538788 -26.776362606629604 61.136548530235075
    vertex -29.741630907538788 -26.414591174283395 60.98669789647813
  endloop
endfacet
facet normal 1.0 2.519473861502024e-15 2.940846625063634e-14
  outer loop
    vertex -29.741630907561483 -26.57046539391872 80.44328691990354
    vertex -29.741630907538788 -26.414591174283395 60.98669789647813
    vertex -29.741630907561483 -25.66459873605992 80.5625465278918
  endloop
endfacet
facet normal 1.0 2.519473861502024e-15 2.940846625063634e-14
  outer loop
    vertex -29.741630907561483 -25.66459873605992 80.5625465278918
    vertex -29.741630907538788 -26.414591174283395 60.98669789647813
    vertex -29.741630907538788 -26.103931002503558 60.748319962581284
  endloop
endfacet
facet normal 1.0 2.519473861502024e-15 2.940846625063634e-14
  outer loop
    vertex -29.741630907561483 -25.66459873605992 80.5625465278918
    vertex -29.741630907538788 -26.103931002503558 60.748319962581284
    vertex -29.741630907538788 -25.865553068606733 60.437659790801476
  endloop
endfacet
facet normal 1.0 2.519473861502024e-15 2.940846625063634e-14
  outer loop
    vertex -29.741630907561483 -25.66459873605992 80.5625465278918
    vertex -29.741630907538788 -25.865553068606733 60.437659790801476
    vertex -29.741630907538788 -25.71570243484978 60.07588835845525
  endloop
endfacet
facet normal 1.0 2.519473861502024e-15 2.940846625063634e-14
  outer loop
    vertex -29.741630907561483 -25.66459873605992 80.5625465278918
    vertex -29.741630907538788 -25.71570243484978 60.07588835845525
    vertex -29.741630907538788 -25.664591174283387 59.687659790801476
  endloop
endfacet
facet normal 1.0 2.519473861502024e-15 2.940846625063634e-14
  outer loop
    vertex -29.741630907561483 -25.66459873605992 80.5625465278918
    vertex -29.741630907538788 -25.664591174283387 59.687659790801476
    vertex -29.741630907563017 -8.225158764679477 79.62320669967163
  endloop
endfacet
facet normal 1.0 2.519473861502024e-15 2.940846625063634e-14
  outer loop
    vertex -29.741630907561483 -25.66459873605992 80.5625465278918
    vertex -29.741630907563017 -8.225158764679477 79.62320669967163
    vertex -29.741630907563017 -7.914498592899687 79.86158463356846
  endloop
endfacet
facet normal 1.0 2.519473861502024e-15 2.940846625063634e-14
  outer loop
    vertex -29.741630907561483 -25.66459873605992 80.5625465278918
    vertex -29.741630907563017 -7.914498592899687 79.86158463356846
    vertex -29.741630907563017 -7.552727160553433 80.0114352673254
  endloop
endfacet
facet normal 1.0 2.519473861502024e-15 2.940846625063634e-14
  outer loop
    vertex -29.741630907561483 -25.66459873605992 80.5625465278918
    vertex -29.741630907563017 -7.552727160553433 80.0114352673254
    vertex -29.741630907563017 -7.164498592899654 80.0625465278918
  endloop
endfacet
facet normal 1.0 2.519473861502024e-15 2.940846625063634e-14
  outer loop
    vertex -29.741630907561483 -25.66459873605992 80.5625465278918
    vertex -29.741630907563017 -7.164498592899654 80.0625465278918
    vertex -29.741630907561483 11.33540126394008 80.5625465278918
  endloop
endfacet
facet normal 1.0 2.519473861502024e-15 2.940846625063634e-14
  outer loop
    vertex -29.741630907563017 -8.225158764679477 79.62320669967163
    vertex -29.741630907538788 -25.664591174283387 59.687659790801476
    vertex -29.741630907563017 -8.463536698576304 79.3125465278918
  endloop
endfacet
facet normal 1.0 2.519473861502024e-15 2.940846625063634e-14
  outer loop
    vertex -29.741630907563017 -8.463536698576304 79.3125465278918
    vertex -29.741630907538788 -25.664591174283387 59.687659790801476
    vertex -29.741630907563017 -8.613387332333279 78.95077509554558
  endloop
endfacet
facet normal 1.0 2.519473861502024e-15 2.940846625063634e-14
  outer loop
    vertex -29.741630907563017 -8.613387332333279 78.95077509554558
    vertex -29.741630907538788 -25.664591174283387 59.687659790801476
    vertex -29.741630907563017 -8.664498592899651 78.5625465278918
  endloop
endfacet
facet normal 1.0 2.519473861502024e-15 2.940846625063634e-14
  outer loop
    vertex -29.741630907561483 11.33540126394008 80.5625465278918
    vertex -29.741630907563017 -7.164498592899654 80.0625465278918
    vertex -29.741630907563017 -6.776270025245898 80.0114352673254
  endloop
endfacet
facet normal 1.0 2.519473861502024e-15 2.940846625063634e-14
  outer loop
    vertex -29.741630907561483 11.33540126394008 80.5625465278918
    vertex -29.741630907563017 -6.776270025245898 80.0114352673254
    vertex -29.741630907563017 -6.414498592899644 79.86158463356846
  endloop
endfacet
facet normal 1.0 2.519473861502024e-15 2.940846625063634e-14
  outer loop
    vertex -29.741630907561483 11.33540126394008 80.5625465278918
    vertex -29.741630907563017 -6.414498592899644 79.86158463356846
    vertex -29.741630907563017 -6.103838421119852 79.62320669967163
  endloop
endfacet
facet normal 1.0 2.519473861502024e-15 2.940846625063634e-14
  outer loop
    vertex -29.741630907561483 11.33540126394008 80.5625465278918
    vertex -29.741630907563017 -6.103838421119852 79.62320669967163
    vertex -29.741630907563017 -5.865460487223026 79.31254652789181
  endloop
endfacet
facet normal 1.0 2.519473861502024e-15 2.940846625063634e-14
  outer loop
    vertex -29.741630907561483 11.33540126394008 80.5625465278918
    vertex -29.741630907563017 -5.865460487223026 79.31254652789181
    vertex -29.741630907563017 -5.715609853466074 78.95077509554558
  endloop
endfacet
facet normal 1.0 2.519473861502024e-15 2.940846625063634e-14
  outer loop
    vertex -29.741630907561483 11.33540126394008 80.5625465278918
    vertex -29.741630907563017 -5.715609853466074 78.95077509554558
    vertex -29.741630907563017 -5.6644985928996565 78.5625465278918
  endloop
endfacet
facet normal 1.0 2.519473861502024e-15 2.940846625063634e-14
  outer loop
    vertex -29.741630907561483 -29.16459873605989 54.562546527891804
    vertex -29.741630907538788 -28.6645911742834 59.687659790801476
    vertex -29.741630907561483 -29.16459873605989 77.06254652789181
  endloop
endfacet
facet normal 1.0 2.519473861502024e-15 2.940846625063634e-14
  outer loop
    vertex -29.741630907538788 -28.6645911742834 59.687659790801476
    vertex -29.741630907561483 -29.16459873605989 54.562546527891804
    vertex -29.741630907538788 -28.613479913717008 59.299431223147685
  endloop
endfacet
facet normal 1.0 2.519473861502024e-15 2.940846625063634e-14
  outer loop
    vertex -29.741630907538788 -28.613479913717008 59.299431223147685
    vertex -29.741630907561483 -29.16459873605989 54.562546527891804
    vertex -29.741630907538788 -28.463629279960056 58.93765979080147
  endloop
endfacet
facet normal 1.0 2.519473861502024e-15 2.940846625063634e-14
  outer loop
    vertex -29.741630907538788 -28.463629279960056 58.93765979080147
    vertex -29.741630907561483 -29.16459873605989 54.562546527891804
    vertex -29.741630907538788 -28.225251346063228 58.62699961902165
  endloop
endfacet
facet normal 1.0 2.519473861502024e-15 2.940846625063634e-14
  outer loop
    vertex -29.741630907538788 -28.225251346063228 58.62699961902165
    vertex -29.741630907561483 -29.16459873605989 54.562546527891804
    vertex -29.741630907538788 -27.914591174283395 58.38862168512481
  endloop
endfacet
facet normal 1.0 2.519473861502024e-15 2.940846625063634e-14
  outer loop
    vertex -29.741630907538788 -27.914591174283395 58.38862168512481
    vertex -29.741630907561483 -29.16459873605989 54.562546527891804
    vertex -29.741630907538788 -27.552819741937185 58.23877105136787
  endloop
endfacet
facet normal 1.0 2.519473861502024e-15 2.940846625063634e-14
  outer loop
    vertex -29.741630907538788 -27.552819741937185 58.23877105136787
    vertex -29.741630907561483 -29.16459873605989 54.562546527891804
    vertex -29.741630907538788 -27.164591174283384 58.187659790801476
  endloop
endfacet
facet normal 1.0 2.519473861502024e-15 2.940846625063634e-14
  outer loop
    vertex -29.741630907538788 -27.164591174283384 58.187659790801476
    vertex -29.741630907561483 -29.16459873605989 54.562546527891804
    vertex -29.741630907561483 14.835401263940073 54.562546527891804
  endloop
endfacet
facet normal 1.0 2.519473861502024e-15 2.940846625063634e-14
  outer loop
    vertex -29.741630907561483 -29.16459873605989 77.06254652789181
    vertex -29.741630907538788 -28.6645911742834 59.687659790801476
    vertex -29.741630907561483 -29.045339128071646 77.96841318575062
  endloop
endfacet
facet normal 1.0 2.519473861502024e-15 2.940846625063634e-14
  outer loop
    vertex -29.741630907561483 -29.045339128071646 77.96841318575062
    vertex -29.741630907538788 -28.6645911742834 59.687659790801476
    vertex -29.741630907561483 -28.695687649305437 78.8125465278918
  endloop
endfacet
facet normal 1.0 2.519473861502024e-15 2.940846625063634e-14
  outer loop
    vertex -29.741630907538788 -27.164591174283384 58.187659790801476
    vertex -29.741630907561483 14.835401263940073 54.562546527891804
    vertex -29.741630907538788 -26.776362606629604 58.23877105136787
  endloop
endfacet
facet normal 1.0 2.519473861502024e-15 2.940846625063634e-14
  outer loop
    vertex -29.741630907538788 -26.776362606629604 58.23877105136787
    vertex -29.741630907561483 14.835401263940073 54.562546527891804
    vertex -29.741630907538788 -26.414591174283395 58.38862168512481
  endloop
endfacet
facet normal 1.0 2.519473861502024e-15 2.940846625063634e-14
  outer loop
    vertex -29.741630907538788 -26.414591174283395 58.38862168512481
    vertex -29.741630907561483 14.835401263940073 54.562546527891804
    vertex -29.741630907538788 -26.103931002503558 58.62699961902165
  endloop
endfacet
facet normal 1.0 2.519473861502024e-15 2.940846625063634e-14
  outer loop
    vertex -29.741630907538788 -26.103931002503558 58.62699961902165
    vertex -29.741630907561483 14.835401263940073 54.562546527891804
    vertex -29.741630907538788 -25.865553068606733 58.93765979080147
  endloop
endfacet
facet normal 1.0 2.519473861502024e-15 2.940846625063634e-14
  outer loop
    vertex -29.741630907538788 -25.865553068606733 58.93765979080147
    vertex -29.741630907561483 14.835401263940073 54.562546527891804
    vertex -29.741630907538788 -25.71570243484978 59.299431223147685
  endloop
endfacet
facet normal 1.0 2.519473861502024e-15 2.940846625063634e-14
  outer loop
    vertex -29.741630907538788 -25.71570243484978 59.299431223147685
    vertex -29.741630907561483 14.835401263940073 54.562546527891804
    vertex -29.741630907538788 -25.664591174283387 59.687659790801476
  endloop
endfacet
facet normal 1.0 2.519473861502024e-15 2.940846625063634e-14
  outer loop
    vertex -29.741630907538788 -25.664591174283387 59.687659790801476
    vertex -29.741630907561483 14.835401263940073 54.562546527891804
    vertex -29.741630907563017 -8.225158764679477 77.50188635611197
  endloop
endfacet
facet normal 1.0 2.519473861502024e-15 2.940846625063634e-14
  outer loop
    vertex -29.741630907538788 -25.664591174283387 59.687659790801476
    vertex -29.741630907563017 -8.225158764679477 77.50188635611197
    vertex -29.741630907563017 -8.463536698576304 77.8125465278918
  endloop
endfacet
facet normal 1.0 2.519473861502024e-15 2.940846625063634e-14
  outer loop
    vertex -29.741630907538788 -25.664591174283387 59.687659790801476
    vertex -29.741630907563017 -8.463536698576304 77.8125465278918
    vertex -29.741630907563017 -8.613387332333279 78.17431796023801
  endloop
endfacet
facet normal 1.0 2.519473861502024e-15 2.940846625063634e-14
  outer loop
    vertex -29.741630907538788 -25.664591174283387 59.687659790801476
    vertex -29.741630907563017 -8.613387332333279 78.17431796023801
    vertex -29.741630907563017 -8.664498592899651 78.5625465278918
  endloop
endfacet
facet normal 1.0 2.519473861502024e-15 2.940846625063634e-14
  outer loop
    vertex -29.741630907563017 -8.225158764679477 77.50188635611197
    vertex -29.741630907561483 14.835401263940073 54.562546527891804
    vertex -29.741630907563017 -7.914498592899687 77.26350842221514
  endloop
endfacet
facet normal 1.0 2.519473861502024e-15 2.940846625063634e-14
  outer loop
    vertex -29.741630907563017 -7.914498592899687 77.26350842221514
    vertex -29.741630907561483 14.835401263940073 54.562546527891804
    vertex -29.741630907563017 -7.552727160553433 77.1136577884582
  endloop
endfacet
facet normal 1.0 2.519473861502024e-15 2.940846625063634e-14
  outer loop
    vertex -29.741630907563017 -7.552727160553433 77.1136577884582
    vertex -29.741630907561483 14.835401263940073 54.562546527891804
    vertex -29.741630907563017 -7.164498592899654 77.0625465278918
  endloop
endfacet
facet normal 1.0 2.519473861502024e-15 2.940846625063634e-14
  outer loop
    vertex -29.741630907563017 -7.164498592899654 77.0625465278918
    vertex -29.741630907561483 14.835401263940073 54.562546527891804
    vertex -29.741630907563017 -6.776270025245898 77.1136577884582
  endloop
endfacet
facet normal 1.0 2.519473861502024e-15 2.940846625063634e-14
  outer loop
    vertex -29.741630907563017 -6.776270025245898 77.1136577884582
    vertex -29.741630907561483 14.835401263940073 54.562546527891804
    vertex -29.741630907563017 -6.414498592899644 77.26350842221514
  endloop
endfacet
facet normal 1.0 2.519473861502024e-15 2.940846625063634e-14
  outer loop
    vertex -29.741630907563017 -6.414498592899644 77.26350842221514
    vertex -29.741630907561483 14.835401263940073 54.562546527891804
    vertex -29.741630907563017 -6.103838421119852 77.50188635611197
  endloop
endfacet
facet normal 1.0 2.519473861502024e-15 2.940846625063634e-14
  outer loop
    vertex -29.741630907563017 -6.103838421119852 77.50188635611197
    vertex -29.741630907561483 14.835401263940073 54.562546527891804
    vertex -29.741630907563017 -5.865460487223026 77.81254652789181
  endloop
endfacet
facet normal 1.0 2.519473861502024e-15 2.940846625063634e-14
  outer loop
    vertex -29.741630907563017 -5.865460487223026 77.81254652789181
    vertex -29.741630907561483 14.835401263940073 54.562546527891804
    vertex -29.741630907563017 -5.715609853466074 78.17431796023801
  endloop
endfacet
facet normal 1.0 2.519473861502024e-15 2.940846625063634e-14
  outer loop
    vertex -29.741630907563017 -5.715609853466074 78.17431796023801
    vertex -29.741630907561483 14.835401263940073 54.562546527891804
    vertex -29.741630907563017 -5.6644985928996565 78.5625465278918
  endloop
endfacet
facet normal 1.0 2.519473861502024e-15 2.940846625063634e-14
  outer loop
    vertex -29.741630907563017 -5.6644985928996565 78.5625465278918
    vertex -29.741630907561483 14.835401263940073 54.562546527891804
    vertex -29.741630907545872 11.536556274822923 58.937659790801476
  endloop
endfacet
facet normal 1.0 2.519473861502024e-15 2.940846625063634e-14
  outer loop
    vertex -29.741630907563017 -5.6644985928996565 78.5625465278918
    vertex -29.741630907545872 11.536556274822923 58.937659790801476
    vertex -29.741630907545872 11.38670564106597 59.2994312231477
  endloop
endfacet
facet normal 1.0 2.519473861502024e-15 2.940846625063634e-14
  outer loop
    vertex -29.741630907563017 -5.6644985928996565 78.5625465278918
    vertex -29.741630907545872 11.38670564106597 59.2994312231477
    vertex -29.741630907545872 11.335594380499552 59.687659790801476
  endloop
endfacet
facet normal 1.0 2.519473861502024e-15 2.940846625063634e-14
  outer loop
    vertex -29.741630907563017 -5.6644985928996565 78.5625465278918
    vertex -29.741630907545872 11.335594380499552 59.687659790801476
    vertex -29.741630907561483 11.33540126394008 80.5625465278918
  endloop
endfacet
facet normal 1.0 2.519473861502024e-15 2.940846625063634e-14
  outer loop
    vertex -29.741630907545872 11.536556274822923 58.937659790801476
    vertex -29.741630907561483 14.835401263940073 54.562546527891804
    vertex -29.741630907545872 11.774934208719749 58.62699961902166
  endloop
endfacet
facet normal 1.0 2.519473861502024e-15 2.940846625063634e-14
  outer loop
    vertex -29.741630907545872 11.774934208719749 58.62699961902166
    vertex -29.741630907561483 14.835401263940073 54.562546527891804
    vertex -29.741630907545872 12.085594380499584 58.388621685124825
  endloop
endfacet
facet normal 1.0 2.519473861502024e-15 2.940846625063634e-14
  outer loop
    vertex -29.741630907545872 12.085594380499584 58.388621685124825
    vertex -29.741630907561483 14.835401263940073 54.562546527891804
    vertex -29.741630907545872 12.447365812845794 58.23877105136787
  endloop
endfacet
facet normal 1.0 2.519473861502024e-15 2.940846625063634e-14
  outer loop
    vertex -29.741630907545872 12.447365812845794 58.23877105136787
    vertex -29.741630907561483 14.835401263940073 54.562546527891804
    vertex -29.741630907545872 12.83559438049955 58.187659790801476
  endloop
endfacet
facet normal 1.0 2.519473861502024e-15 2.940846625063634e-14
  outer loop
    vertex -29.741630907545872 12.83559438049955 58.187659790801476
    vertex -29.741630907561483 14.835401263940073 54.562546527891804
    vertex -29.741630907545872 13.223822948153328 58.23877105136787
  endloop
endfacet
facet normal 1.0 2.519473861502024e-15 2.940846625063634e-14
  outer loop
    vertex -29.741630907545872 13.223822948153328 58.23877105136787
    vertex -29.741630907561483 14.835401263940073 54.562546527891804
    vertex -29.741630907545872 13.585594380499582 58.388621685124825
  endloop
endfacet
facet normal 1.0 2.519473861502024e-15 2.940846625063634e-14
  outer loop
    vertex -29.741630907545872 13.585594380499582 58.388621685124825
    vertex -29.741630907561483 14.835401263940073 54.562546527891804
    vertex -29.741630907545872 13.896254552279373 58.62699961902166
  endloop
endfacet
facet normal 1.0 2.519473861502024e-15 2.940846625063634e-14
  outer loop
    vertex -29.741630907545872 13.896254552279373 58.62699961902166
    vertex -29.741630907561483 14.835401263940073 54.562546527891804
    vertex -29.741630907545872 14.1346324861762 58.937659790801476
  endloop
endfacet
facet normal 1.0 2.519473861502024e-15 2.940846625063634e-14
  outer loop
    vertex -29.741630907545872 14.1346324861762 58.937659790801476
    vertex -29.741630907561483 14.835401263940073 54.562546527891804
    vertex -29.741630907545872 14.284483119933153 59.2994312231477
  endloop
endfacet
facet normal 1.0 2.519473861502024e-15 2.940846625063634e-14
  outer loop
    vertex -29.741630907545872 14.284483119933153 59.2994312231477
    vertex -29.741630907561483 14.835401263940073 54.562546527891804
    vertex -29.741630907545872 14.335594380499547 59.687659790801476
  endloop
endfacet
facet normal 1.0 2.519473861502024e-15 2.940846625063634e-14
  outer loop
    vertex -29.741630907545872 14.335594380499547 59.687659790801476
    vertex -29.741630907561483 14.835401263940073 54.562546527891804
    vertex -29.741630907561483 14.36649017718562 78.8125465278918
  endloop
endfacet
facet normal 1.0 2.519473861502024e-15 2.940846625063634e-14
  outer loop
    vertex -29.741630907561483 14.36649017718562 78.8125465278918
    vertex -29.741630907561483 14.835401263940073 54.562546527891804
    vertex -29.741630907561483 14.716141655951827 77.96841318575062
  endloop
endfacet
facet normal 1.0 2.519473861502024e-15 2.940846625063634e-14
  outer loop
    vertex -29.741630907561483 14.716141655951827 77.96841318575062
    vertex -29.741630907561483 14.835401263940073 54.562546527891804
    vertex -29.741630907561483 14.835401263940073 77.06254652789181
  endloop
endfacet
facet normal 1.0 2.519473861502024e-15 2.940846625063634e-14
  outer loop
    vertex -29.741630907545872 11.335594380499552 59.687659790801476
    vertex -29.741630907561483 12.241267921798904 80.44328691990354
    vertex -29.741630907561483 11.33540126394008 80.5625465278918
  endloop
endfacet
facet normal 1.0 2.519473861502024e-15 2.940846625063634e-14
  outer loop
    vertex -29.741630907561483 12.241267921798904 80.44328691990354
    vertex -29.741630907545872 11.335594380499552 59.687659790801476
    vertex -29.741630907545872 11.38670564106597 60.07588835845525
  endloop
endfacet
facet normal 1.0 2.519473861502024e-15 2.940846625063634e-14
  outer loop
    vertex -29.741630907561483 12.241267921798904 80.44328691990354
    vertex -29.741630907545872 11.38670564106597 60.07588835845525
    vertex -29.741630907545872 11.536556274822923 60.437659790801476
  endloop
endfacet
facet normal 1.0 2.519473861502024e-15 2.940846625063634e-14
  outer loop
    vertex -29.741630907561483 12.241267921798904 80.44328691990354
    vertex -29.741630907545872 11.536556274822923 60.437659790801476
    vertex -29.741630907545872 11.774934208719749 60.748319962581284
  endloop
endfacet
facet normal 1.0 2.519473861502024e-15 2.940846625063634e-14
  outer loop
    vertex -29.741630907561483 12.241267921798904 80.44328691990354
    vertex -29.741630907545872 11.774934208719749 60.748319962581284
    vertex -29.741630907545872 12.08559438049954 60.986697896478134
  endloop
endfacet
facet normal 1.0 2.519473861502024e-15 2.940846625063634e-14
  outer loop
    vertex -29.741630907561483 12.241267921798904 80.44328691990354
    vertex -29.741630907545872 12.08559438049954 60.986697896478134
    vertex -29.741630907545872 12.447365812845794 61.136548530235075
  endloop
endfacet
facet normal 1.0 2.519473861502024e-15 2.940846625063634e-14
  outer loop
    vertex -29.741630907561483 12.241267921798904 80.44328691990354
    vertex -29.741630907545872 12.447365812845794 61.136548530235075
    vertex -29.741630907561483 13.08540126394011 80.09363544113734
  endloop
endfacet
facet normal 1.0 2.519473861502024e-15 2.940846625063634e-14
  outer loop
    vertex -29.741630907561483 13.08540126394011 80.09363544113734
    vertex -29.741630907545872 12.447365812845794 61.136548530235075
    vertex -29.741630907545872 12.83559438049955 61.187659790801476
  endloop
endfacet
facet normal 1.0 2.519473861502024e-15 2.940846625063634e-14
  outer loop
    vertex -29.741630907561483 13.08540126394011 80.09363544113734
    vertex -29.741630907545872 12.83559438049955 61.187659790801476
    vertex -29.741630907545872 13.223822948153328 61.136548530235075
  endloop
endfacet
facet normal 1.0 2.519473861502024e-15 2.940846625063634e-14
  outer loop
    vertex -29.741630907561483 13.08540126394011 80.09363544113734
    vertex -29.741630907545872 13.223822948153328 61.136548530235075
    vertex -29.741630907561483 13.810274998093002 79.53742026204472
  endloop
endfacet
facet normal 1.0 2.519473861502024e-15 2.940846625063634e-14
  outer loop
    vertex -29.741630907561483 13.810274998093002 79.53742026204472
    vertex -29.741630907545872 13.223822948153328 61.136548530235075
    vertex -29.741630907545872 13.58559438049956 60.986697896478134
  endloop
endfacet
facet normal 1.0 2.519473861502024e-15 2.940846625063634e-14
  outer loop
    vertex -29.741630907561483 13.810274998093002 79.53742026204472
    vertex -29.741630907545872 13.58559438049956 60.986697896478134
    vertex -29.741630907545872 13.896254552279373 60.748319962581284
  endloop
endfacet
facet normal 1.0 2.519473861502024e-15 2.940846625063634e-14
  outer loop
    vertex -29.741630907561483 13.810274998093002 79.53742026204472
    vertex -29.741630907545872 13.896254552279373 60.748319962581284
    vertex -29.741630907561483 14.36649017718562 78.8125465278918
  endloop
endfacet
facet normal 1.0 2.519473861502024e-15 2.940846625063634e-14
  outer loop
    vertex -29.741630907561483 14.36649017718562 78.8125465278918
    vertex -29.741630907545872 13.896254552279373 60.748319962581284
    vertex -29.741630907545872 14.1346324861762 60.437659790801476
  endloop
endfacet
facet normal 1.0 2.519473861502024e-15 2.940846625063634e-14
  outer loop
    vertex -29.741630907561483 14.36649017718562 78.8125465278918
    vertex -29.741630907545872 14.1346324861762 60.437659790801476
    vertex -29.741630907545872 14.284483119933153 60.075888358455266
  endloop
endfacet
facet normal 1.0 2.519473861502024e-15 2.940846625063634e-14
  outer loop
    vertex -29.741630907561483 14.36649017718562 78.8125465278918
    vertex -29.741630907545872 14.284483119933153 60.075888358455266
    vertex -29.741630907545872 14.335594380499547 59.687659790801476
  endloop
endfacet
facet normal 0.0 -0.38268343236508123 0.9238795325112905
  outer loop
    vertex -29.741630907561483 -27.41459873605993 80.09363544113734
    vertex -31.74163090756148 -26.57046539391872 80.44328691990354
    vertex -31.74163090756148 -27.41459873605993 80.09363544113734
  endloop
endfacet
facet normal 0.0 -0.38268343236508123 0.9238795325112905
  outer loop
    vertex -31.74163090756148 -26.57046539391872 80.44328691990354
    vertex -29.741630907561483 -27.41459873605993 80.09363544113734
    vertex -29.741630907561483 -26.57046539391872 80.44328691990354
  endloop
endfacet
facet normal 0.0 -0.9238795325112851 0.3826834323650943
  outer loop
    vertex -29.741630907561483 -28.695687649305437 78.8125465278918
    vertex -31.74163090756148 -29.045339128071646 77.96841318575062
    vertex -29.741630907561483 -29.045339128071646 77.96841318575062
  endloop
endfacet
facet normal 0.0 -0.9238795325112851 0.3826834323650943
  outer loop
    vertex -31.74163090756148 -29.045339128071646 77.96841318575062
    vertex -29.741630907561483 -28.695687649305437 78.8125465278918
    vertex -31.74163090756148 -28.695687649305437 78.8125465278918
  endloop
endfacet
facet normal 0.0 -0.13052619222005776 0.9914448613738096
  outer loop
    vertex -29.741630907561483 -26.57046539391872 80.44328691990354
    vertex -31.74163090756148 -25.66459873605992 80.5625465278918
    vertex -31.74163090756148 -26.57046539391872 80.44328691990354
  endloop
endfacet
facet normal 0.0 -0.13052619222005776 0.9914448613738096
  outer loop
    vertex -31.74163090756148 -25.66459873605992 80.5625465278918
    vertex -29.741630907561483 -26.57046539391872 80.44328691990354
    vertex -29.741630907561483 -25.66459873605992 80.5625465278918
  endloop
endfacet
endsolid Mosquito 2x18650
