solid Mosquito 2x18650
facet normal 0.9999999999998703 6.311790827456762e-16 -5.093978305239279e-07
  outer loop
    vertex 0.12505872395772383 -1.589806280188905 29.10254345836741
    vertex 0.12505974215142598 -4.589806275608889 31.10136172124069
    vertex 0.12505974215143725 -19.589775739844985 31.101361721236902
  endloop
endfacet
facet normal 0.9999999999998703 6.311790827456762e-16 -5.093978305239279e-07
  outer loop
    vertex 0.12505974215142598 -4.589806275608889 31.10136172124069
    vertex 0.12505872395772383 -1.589806280188905 29.10254345836741
    vertex 0.12506717893829267 -1.5898062801928932 45.70053439388603
  endloop
endfacet
facet normal 0.9999999999998703 6.311790827456762e-16 -5.093978305239279e-07
  outer loop
    vertex 0.12505974215142598 -4.589806275608889 31.10136172124069
    vertex 0.12506717893829267 -1.5898062801928932 45.70053439388603
    vertex 0.12506717893831523 -4.589806275612365 45.70053439388529
  endloop
endfacet
facet normal 0.9999999999998703 6.311790827456762e-16 -5.093978305239279e-07
  outer loop
    vertex 0.12505872395772383 -1.589806280188905 29.10254345836741
    vertex 0.12505974215143162 -22.589775739844985 31.1013617212369
    vertex 0.12505872395775203 -22.589775739844473 29.102543458362145
  endloop
endfacet
facet normal 0.9999999999998703 6.311790827456762e-16 -5.093978305239279e-07
  outer loop
    vertex 0.12505974215143162 -22.589775739844985 31.1013617212369
    vertex 0.12505872395772383 -1.589806280188905 29.10254345836741
    vertex 0.12505974215143725 -19.589775739844985 31.101361721236902
  endloop
endfacet
facet normal -1.0 -1.1556713929020931e-15 -2.2433016476862927e-12
  outer loop
    vertex -4.874915571772482 -4.589806275612002 43.70136426821728
    vertex -4.874915571744215 -1.5898062801893396 31.101364268218013
    vertex -4.874915571744215 -4.589806275608924 31.101364268217274
  endloop
endfacet
facet normal -1.0 -1.1556713929020931e-15 -2.2433016476862927e-12
  outer loop
    vertex -4.874915571744215 -1.5898062801893396 31.101364268218013
    vertex -4.874915571772482 -4.589806275612002 43.70136426821728
    vertex -4.874915571772482 -1.5898062801923942 43.70136426821802
  endloop
endfacet
facet normal 2.2433016510744245e-12 2.406044711799571e-13 -1.0
  outer loop
    vertex -4.874915571772482 -4.589806275612002 43.70136426821728
    vertex -27.874915571772487 -1.5898062801923762 43.70136426816642
    vertex -4.874915571772482 -1.5898062801923942 43.70136426821802
  endloop
endfacet
facet normal 2.2433016510744245e-12 2.406044711799571e-13 -1.0
  outer loop
    vertex -27.874915571772487 -1.5898062801923762 43.70136426816642
    vertex -4.874915571772482 -4.589806275612002 43.70136426821728
    vertex -27.874915571772487 -4.589806275611983 43.70136426816568
  endloop
endfacet
facet normal 1.0 5.509536811006856e-16 2.2433135806864536e-12
  outer loop
    vertex -27.87491557174424 -1.5898062801893948 31.10136426816642
    vertex -27.874915571772487 -4.589806275611983 43.70136426816568
    vertex -27.874915571744218 -4.58980627560898 31.101364268165675
  endloop
endfacet
facet normal 1.0 5.509536811006856e-16 2.2433135806864536e-12
  outer loop
    vertex -27.874915571772487 -4.589806275611983 43.70136426816568
    vertex -27.87491557174424 -1.5898062801893948 31.10136426816642
    vertex -27.874915571772487 -1.5898062801923762 43.70136426816642
  endloop
endfacet
facet normal -0.9999999999871143 3.796208882306188e-06 -3.3704713177023684e-06
  outer loop
    vertex -32.87494125924579 -22.589775739844526 29.10133378513802
    vertex -32.87494024079099 -10.589775739844713 31.100900721751316
    vertex -32.874941259245844 -1.5898062801889807 29.10133378514324
  endloop
endfacet
facet normal -0.9999999999871143 3.796208882306188e-06 -3.3704713177023684e-06
  outer loop
    vertex -32.87494024079099 -10.589775739844713 31.100900721751316
    vertex -32.87494125924579 -22.589775739844526 29.10133378513802
    vertex -32.87507705537338 -22.5897757398474 40.30119163630537
  endloop
endfacet
facet normal -0.9999999999871143 3.796208882306188e-06 -3.3704713177023684e-06
  outer loop
    vertex -32.874941259245844 -1.5898062801889807 29.10133378514324
    vertex -32.87494024079099 -10.589775739844713 31.100900721751316
    vertex -32.874940240798566 -4.589806275608807 31.100893269105715
  endloop
endfacet
facet normal -0.9999999999871143 3.796208882306188e-06 -3.3704713177023684e-06
  outer loop
    vertex -32.87494024079099 -10.589775739844713 31.100900721751316
    vertex -32.87507705537338 -22.5897757398474 40.30119163630537
    vertex -32.875027436498115 -10.589779368288685 40.30118084230116
  endloop
endfacet
facet normal -0.9999999999871143 3.796208882306188e-06 -3.3704713177023684e-06
  outer loop
    vertex -32.874940240798566 -4.589806275608807 31.100893269105715
    vertex -32.87493280426525 -1.5898062801929462 45.70134610807928
    vertex -32.874941259245844 -1.5898062801889807 29.10133378514324
  endloop
endfacet
facet normal -0.9999999999871143 3.796208882306188e-06 -3.3704713177023684e-06
  outer loop
    vertex -32.87493280426525 -1.5898062801929462 45.70134610807928
    vertex -32.874940240798566 -4.589806275608807 31.100893269105715
    vertex -32.87493280426523 -4.589806275612373 45.70134610807859
  endloop
endfacet
facet normal 3.6656775556949976e-05 1.4111326213567552e-11 -0.9999999993281404
  outer loop
    vertex 0.12505872395772383 -1.589806280188905 29.10254345836741
    vertex -1.6161222324573599 -7.123580338499008 29.1024796324776
    vertex -32.874941259245844 -1.5898062801889807 29.10133378514324
  endloop
endfacet
facet normal 3.6656775556949976e-05 1.4111326213567552e-11 -0.9999999993281404
  outer loop
    vertex -1.6161222324573599 -7.123580338499008 29.1024796324776
    vertex 0.12505872395772383 -1.589806280188905 29.10254345836741
    vertex -1.3749412777219188 -7.223480761003637 29.102488473392324
  endloop
endfacet
facet normal 3.6656775556949976e-05 1.4111326213567552e-11 -0.9999999993281404
  outer loop
    vertex -1.3749412777219188 -7.223480761003637 29.102488473392324
    vertex 0.12505872395772383 -1.589806280188905 29.10254345836741
    vertex -1.167834496674517 -7.382399383601524 29.102496065256872
  endloop
endfacet
facet normal 3.6656775556949976e-05 1.4111326213567552e-11 -0.9999999993281404
  outer loop
    vertex -1.167834496674517 -7.382399383601524 29.102496065256872
    vertex 0.12505872395772383 -1.589806280188905 29.10254345836741
    vertex -1.008915874183408 -7.589506164788069 29.102501890698232
  endloop
endfacet
facet normal 3.6656775556949976e-05 1.4111326213567552e-11 -0.9999999993281404
  outer loop
    vertex -1.008915874183408 -7.589506164788069 29.102501890698232
    vertex 0.12505872395772383 -1.589806280188905 29.10254345836741
    vertex -0.9090154517458959 -7.830687119685542 29.1025055527222
  endloop
endfacet
facet normal 3.6656775556949976e-05 1.4111326213567552e-11 -0.9999999993281404
  outer loop
    vertex -0.9090154517458959 -7.830687119685542 29.1025055527222
    vertex 0.12505872395772383 -1.589806280188905 29.10254345836741
    vertex -0.8749412780578567 -8.089506164788059 29.10250680176788
  endloop
endfacet
facet normal 3.6656775556949976e-05 1.4111326213567552e-11 -0.9999999993281404
  outer loop
    vertex -0.8749412780578567 -8.089506164788059 29.10250680176788
    vertex 0.12505872395772383 -1.589806280188905 29.10254345836741
    vertex 0.12505872395775203 -22.589775739844473 29.102543458362145
  endloop
endfacet
facet normal 3.6656775556949976e-05 1.4111326213567552e-11 -0.9999999993281404
  outer loop
    vertex -32.874941259245844 -1.5898062801889807 29.10133378514324
    vertex -1.6161222324573599 -7.123580338499008 29.1024796324776
    vertex -1.8749412773859808 -7.089506164788077 29.102470145006436
  endloop
endfacet
facet normal 3.6656775556949976e-05 1.4111326213567552e-11 -0.9999999993281404
  outer loop
    vertex -0.8749412780578567 -8.089506164788059 29.10250680176788
    vertex 0.12505872395775203 -22.589775739844473 29.102543458362145
    vertex -0.9090154517458959 -8.348325209890577 29.102505552714895
  endloop
endfacet
facet normal 3.6656775556949976e-05 1.4111326213567552e-11 -0.9999999993281404
  outer loop
    vertex -0.9090154517458959 -8.348325209890577 29.102505552714895
    vertex 0.12505872395775203 -22.589775739844473 29.102543458362145
    vertex -1.008915874183408 -8.589506164788052 29.10250189068412
  endloop
endfacet
facet normal 3.6656775556949976e-05 1.4111326213567552e-11 -0.9999999993281404
  outer loop
    vertex -1.008915874183408 -8.589506164788052 29.10250189068412
    vertex 0.12505872395775203 -22.589775739844473 29.102543458362145
    vertex -1.167834496674517 -8.796612945974594 29.102496065236913
  endloop
endfacet
facet normal 3.6656775556949976e-05 1.4111326213567552e-11 -0.9999999993281404
  outer loop
    vertex -1.167834496674517 -8.796612945974594 29.102496065236913
    vertex 0.12505872395775203 -22.589775739844473 29.102543458362145
    vertex -1.3749412777219188 -8.955531568572484 29.102488473367877
  endloop
endfacet
facet normal 3.6656775556949976e-05 1.4111326213567552e-11 -0.9999999993281404
  outer loop
    vertex -1.3749412777219188 -8.955531568572484 29.102488473367877
    vertex 0.12505872395775203 -22.589775739844473 29.102543458362145
    vertex -1.6161222324573599 -9.055431991077112 29.102479632450336
  endloop
endfacet
facet normal 3.6656775556949976e-05 1.4111326213567552e-11 -0.9999999993281404
  outer loop
    vertex -1.6161222324573599 -9.055431991077112 29.102479632450336
    vertex 0.12505872395775203 -22.589775739844473 29.102543458362145
    vertex -1.8749412773859808 -9.089506164788045 29.10247014497821
  endloop
endfacet
facet normal 3.6656775556949976e-05 1.4111326213567552e-11 -0.9999999993281404
  outer loop
    vertex -1.8749412773859808 -9.089506164788045 29.10247014497821
    vertex 0.12505872395775203 -22.589775739844473 29.102543458362145
    vertex -30.87494125790208 -9.089506164788126 29.101407098656306
  endloop
endfacet
facet normal 3.6656775556949976e-05 1.4111326213567552e-11 -0.9999999993281404
  outer loop
    vertex -32.874941259245844 -1.5898062801889807 29.10133378514324
    vertex -31.874941257230226 -8.089506164788123 29.101370441894865
    vertex -32.87494125924579 -22.589775739844526 29.10133378513802
  endloop
endfacet
facet normal 3.6656775556949976e-05 1.4111326213567552e-11 -0.9999999993281404
  outer loop
    vertex -31.874941257230226 -8.089506164788123 29.101370441894865
    vertex -32.874941259245844 -1.5898062801889807 29.10133378514324
    vertex -31.840867083542186 -7.8306871196855985 29.101371690947854
  endloop
endfacet
facet normal 3.6656775556949976e-05 1.4111326213567552e-11 -0.9999999993281404
  outer loop
    vertex -31.840867083542186 -7.8306871196855985 29.101371690947854
    vertex -32.874941259245844 -1.5898062801889807 29.10133378514324
    vertex -31.740966661104675 -7.589506164788117 29.10137535297862
  endloop
endfacet
facet normal 3.6656775556949976e-05 1.4111326213567552e-11 -0.9999999993281404
  outer loop
    vertex -31.740966661104675 -7.589506164788117 29.10137535297862
    vertex -32.874941259245844 -1.5898062801889807 29.10133378514324
    vertex -31.582048038613568 -7.3823993836015696 29.10138117842583
  endloop
endfacet
facet normal 3.6656775556949976e-05 1.4111326213567552e-11 -0.9999999993281404
  outer loop
    vertex -31.582048038613568 -7.3823993836015696 29.10138117842583
    vertex -32.874941259245844 -1.5898062801889807 29.10133378514324
    vertex -31.374941257566164 -7.223480761003678 29.101388770294864
  endloop
endfacet
facet normal 3.6656775556949976e-05 1.4111326213567552e-11 -0.9999999993281404
  outer loop
    vertex -31.374941257566164 -7.223480761003678 29.101388770294864
    vertex -32.874941259245844 -1.5898062801889807 29.10133378514324
    vertex -31.133760302830723 -7.123580338499045 29.101397611212406
  endloop
endfacet
facet normal 3.6656775556949976e-05 1.4111326213567552e-11 -0.9999999993281404
  outer loop
    vertex -31.133760302830723 -7.123580338499045 29.101397611212406
    vertex -32.874941259245844 -1.5898062801889807 29.10133378514324
    vertex -30.87494125790208 -7.089506164788113 29.101407098684533
  endloop
endfacet
facet normal 3.6656775556949976e-05 1.4111326213567552e-11 -0.9999999993281404
  outer loop
    vertex -30.87494125790208 -7.089506164788113 29.101407098684533
    vertex -32.874941259245844 -1.5898062801889807 29.10133378514324
    vertex -1.8749412773859808 -7.089506164788077 29.102470145006436
  endloop
endfacet
facet normal 3.6656775556949976e-05 1.4111326213567552e-11 -0.9999999993281404
  outer loop
    vertex -32.87494125924579 -22.589775739844526 29.10133378513802
    vertex -31.874941257230226 -8.089506164788123 29.101370441894865
    vertex -31.840867083542186 -8.348325209890644 29.10137169094055
  endloop
endfacet
facet normal 3.6656775556949976e-05 1.4111326213567552e-11 -0.9999999993281404
  outer loop
    vertex -32.87494125924579 -22.589775739844526 29.10133378513802
    vertex -31.840867083542186 -8.348325209890644 29.10137169094055
    vertex -31.740966661104675 -8.589506164788125 29.10137535296451
  endloop
endfacet
facet normal 3.6656775556949976e-05 1.4111326213567552e-11 -0.9999999993281404
  outer loop
    vertex -32.87494125924579 -22.589775739844526 29.10133378513802
    vertex -31.740966661104675 -8.589506164788125 29.10137535296451
    vertex -31.582048038613543 -8.796612945974672 29.10138117840587
  endloop
endfacet
facet normal 3.6656775556949976e-05 1.4111326213567552e-11 -0.9999999993281404
  outer loop
    vertex -32.87494125924579 -22.589775739844526 29.10133378513802
    vertex -31.582048038613543 -8.796612945974672 29.10138117840587
    vertex -31.374941257566142 -8.955531568572564 29.101388770270418
  endloop
endfacet
facet normal 3.6656775556949976e-05 1.4111326213567552e-11 -0.9999999993281404
  outer loop
    vertex -32.87494125924579 -22.589775739844526 29.10133378513802
    vertex -31.374941257566142 -8.955531568572564 29.101388770270418
    vertex -31.1337603028307 -9.055431991077194 29.101397611185142
  endloop
endfacet
facet normal 3.6656775556949976e-05 1.4111326213567552e-11 -0.9999999993281404
  outer loop
    vertex -32.87494125924579 -22.589775739844526 29.10133378513802
    vertex -31.1337603028307 -9.055431991077194 29.101397611185142
    vertex -30.87494125790208 -9.089506164788126 29.101407098656306
  endloop
endfacet
facet normal 3.6656775556949976e-05 1.4111326213567552e-11 -0.9999999993281404
  outer loop
    vertex -32.87494125924579 -22.589775739844526 29.10133378513802
    vertex -30.87494125790208 -9.089506164788126 29.101407098656306
    vertex 0.12505872395775203 -22.589775739844473 29.102543458362145
  endloop
endfacet
facet normal 3.6656775556949976e-05 1.4111326213567552e-11 -0.9999999993281404
  outer loop
    vertex -2.1337603223146018 -7.123580338499008 29.10246065753431
    vertex -30.87494125790208 -7.089506164788113 29.101407098684533
    vertex -1.8749412773859808 -7.089506164788077 29.102470145006436
  endloop
endfacet
facet normal 3.6656775556949976e-05 1.4111326213567552e-11 -0.9999999993281404
  outer loop
    vertex -30.87494125790208 -7.089506164788113 29.101407098684533
    vertex -2.1337603223146018 -7.123580338499008 29.10246065753431
    vertex -30.61612221297346 -7.123580338499045 29.101416586155697
  endloop
endfacet
facet normal 3.6656775556949976e-05 1.4111326213567552e-11 -0.9999999993281404
  outer loop
    vertex -30.61612221297346 -7.123580338499045 29.101416586155697
    vertex -2.1337603223146018 -7.123580338499008 29.10246065753431
    vertex -2.374941277050043 -7.223480761003638 29.102451816616764
  endloop
endfacet
facet normal 3.6656775556949976e-05 1.4111326213567552e-11 -0.9999999993281404
  outer loop
    vertex -30.61612221297346 -7.123580338499045 29.101416586155697
    vertex -2.374941277050043 -7.223480761003638 29.102451816616764
    vertex -30.374941258238017 -7.223480761003676 29.10142542707042
  endloop
endfacet
facet normal 3.6656775556949976e-05 1.4111326213567552e-11 -0.9999999993281404
  outer loop
    vertex -30.374941258238017 -7.223480761003676 29.10142542707042
    vertex -2.374941277050043 -7.223480761003638 29.102451816616764
    vertex -2.582048058097445 -7.382399383601524 29.10244422474773
  endloop
endfacet
facet normal 3.6656775556949976e-05 1.4111326213567552e-11 -0.9999999993281404
  outer loop
    vertex -30.374941258238017 -7.223480761003676 29.10142542707042
    vertex -2.582048058097445 -7.382399383601524 29.10244422474773
    vertex -30.167834477190617 -7.382399383601566 29.10143301893497
  endloop
endfacet
facet normal 3.6656775556949976e-05 1.4111326213567552e-11 -0.9999999993281404
  outer loop
    vertex -30.167834477190617 -7.382399383601566 29.10143301893497
    vertex -2.582048058097445 -7.382399383601524 29.10244422474773
    vertex -2.7409666805885537 -7.589506164788069 29.102438399300524
  endloop
endfacet
facet normal 3.6656775556949976e-05 1.4111326213567552e-11 -0.9999999993281404
  outer loop
    vertex -30.167834477190617 -7.382399383601566 29.10143301893497
    vertex -2.7409666805885537 -7.589506164788069 29.102438399300524
    vertex -30.008915854699485 -7.589506164788117 29.10143884437633
  endloop
endfacet
facet normal 3.6656775556949976e-05 1.4111326213567552e-11 -0.9999999993281404
  outer loop
    vertex -30.008915854699485 -7.589506164788117 29.10143884437633
    vertex -2.7409666805885537 -7.589506164788069 29.102438399300524
    vertex -2.8408671030260657 -7.830687119685545 29.102434737269757
  endloop
endfacet
facet normal 3.6656775556949976e-05 1.4111326213567552e-11 -0.9999999993281404
  outer loop
    vertex -30.008915854699485 -7.589506164788117 29.10143884437633
    vertex -2.8408671030260657 -7.830687119685545 29.102434737269757
    vertex -29.909015432261974 -7.830687119685596 29.101442506400296
  endloop
endfacet
facet normal 3.6656775556949976e-05 1.4111326213567552e-11 -0.9999999993281404
  outer loop
    vertex -29.909015432261974 -7.830687119685596 29.101442506400296
    vertex -2.8408671030260657 -7.830687119685545 29.102434737269757
    vertex -2.874941276714105 -8.089506164788064 29.102433488216768
  endloop
endfacet
facet normal 3.6656775556949976e-05 1.4111326213567552e-11 -0.9999999993281404
  outer loop
    vertex -29.909015432261974 -7.830687119685596 29.101442506400296
    vertex -2.874941276714105 -8.089506164788064 29.102433488216768
    vertex -29.874941258573934 -8.08950616478812 29.10144375544598
  endloop
endfacet
facet normal 3.6656775556949976e-05 1.4111326213567552e-11 -0.9999999993281404
  outer loop
    vertex -29.874941258573934 -8.08950616478812 29.10144375544598
    vertex -2.874941276714105 -8.089506164788064 29.102433488216768
    vertex -2.8408671030260657 -8.348325209890579 29.102434737262453
  endloop
endfacet
facet normal 3.6656775556949976e-05 1.4111326213567552e-11 -0.9999999993281404
  outer loop
    vertex -29.874941258573934 -8.08950616478812 29.10144375544598
    vertex -2.8408671030260657 -8.348325209890579 29.102434737262453
    vertex -29.909015432261974 -8.34832520989064 29.101442506392992
  endloop
endfacet
facet normal 3.6656775556949976e-05 1.4111326213567552e-11 -0.9999999993281404
  outer loop
    vertex -29.909015432261974 -8.34832520989064 29.101442506392992
    vertex -2.8408671030260657 -8.348325209890579 29.102434737262453
    vertex -2.7409666805885537 -8.589506164788054 29.102438399286413
  endloop
endfacet
facet normal 3.6656775556949976e-05 1.4111326213567552e-11 -0.9999999993281404
  outer loop
    vertex -29.909015432261974 -8.34832520989064 29.101442506392992
    vertex -2.7409666805885537 -8.589506164788054 29.102438399286413
    vertex -30.008915854699485 -8.589506164788123 29.101438844362217
  endloop
endfacet
facet normal 3.6656775556949976e-05 1.4111326213567552e-11 -0.9999999993281404
  outer loop
    vertex -30.008915854699485 -8.589506164788123 29.101438844362217
    vertex -2.7409666805885537 -8.589506164788054 29.102438399286413
    vertex -2.582048058097445 -8.796612945974598 29.102444224727773
  endloop
endfacet
facet normal 3.6656775556949976e-05 1.4111326213567552e-11 -0.9999999993281404
  outer loop
    vertex -30.008915854699485 -8.589506164788123 29.101438844362217
    vertex -2.582048058097445 -8.796612945974598 29.102444224727773
    vertex -30.167834477190592 -8.79661294597467 29.10143301891501
  endloop
endfacet
facet normal 3.6656775556949976e-05 1.4111326213567552e-11 -0.9999999993281404
  outer loop
    vertex -30.167834477190592 -8.79661294597467 29.10143301891501
    vertex -2.582048058097445 -8.796612945974598 29.102444224727773
    vertex -2.374941277050043 -8.955531568572486 29.10245181659232
  endloop
endfacet
facet normal 3.6656775556949976e-05 1.4111326213567552e-11 -0.9999999993281404
  outer loop
    vertex -30.167834477190592 -8.79661294597467 29.10143301891501
    vertex -2.374941277050043 -8.955531568572486 29.10245181659232
    vertex -30.374941258237996 -8.955531568572564 29.101425427045978
  endloop
endfacet
facet normal 3.6656775556949976e-05 1.4111326213567552e-11 -0.9999999993281404
  outer loop
    vertex -30.374941258237996 -8.955531568572564 29.101425427045978
    vertex -2.374941277050043 -8.955531568572486 29.10245181659232
    vertex -2.1337603223146018 -9.055431991077112 29.102460657507045
  endloop
endfacet
facet normal 3.6656775556949976e-05 1.4111326213567552e-11 -0.9999999993281404
  outer loop
    vertex -30.374941258237996 -8.955531568572564 29.101425427045978
    vertex -2.1337603223146018 -9.055431991077112 29.102460657507045
    vertex -30.616122212973437 -9.055431991077194 29.101416586128433
  endloop
endfacet
facet normal 3.6656775556949976e-05 1.4111326213567552e-11 -0.9999999993281404
  outer loop
    vertex -30.616122212973437 -9.055431991077194 29.101416586128433
    vertex -2.1337603223146018 -9.055431991077112 29.102460657507045
    vertex -1.8749412773859808 -9.089506164788045 29.10247014497821
  endloop
endfacet
facet normal 3.6656775556949976e-05 1.4111326213567552e-11 -0.9999999993281404
  outer loop
    vertex -30.616122212973437 -9.055431991077194 29.101416586128433
    vertex -1.8749412773859808 -9.089506164788045 29.10247014497821
    vertex -30.87494125790208 -9.089506164788126 29.101407098656306
  endloop
endfacet
facet normal -1.9920724275850814e-15 1.0 2.3908100449729087e-13
  outer loop
    vertex -32.87493280426525 -1.5898062801929462 45.70134610807928
    vertex -31.147656232790094 -1.5898062801909398 37.608419504241056
    vertex -31.17491557175838 -1.5898062801908945 37.40136426815897
  endloop
endfacet
facet normal -1.9920724275850814e-15 1.0 2.3908100449729087e-13
  outer loop
    vertex -31.147656232790094 -1.5898062801909398 37.608419504241056
    vertex -32.87493280426525 -1.5898062801929462 45.70134610807928
    vertex -31.067735894786825 -1.5898062801909854 37.80136426815922
  endloop
endfacet
facet normal -1.9920724275850814e-15 1.0 2.3908100449729087e-13
  outer loop
    vertex -31.067735894786825 -1.5898062801909854 37.80136426815922
    vertex -32.87493280426525 -1.5898062801929462 45.70134610807928
    vertex -27.874915571772487 -1.5898062801923762 43.70136426816642
  endloop
endfacet
facet normal -1.9920724275850814e-15 1.0 2.3908100449729087e-13
  outer loop
    vertex -27.874915571772487 -1.5898062801923762 43.70136426816642
    vertex -32.87493280426525 -1.5898062801929462 45.70134610807928
    vertex 0.12506717893829267 -1.5898062801928932 45.70053439388603
  endloop
endfacet
facet normal -1.9920724275850814e-15 1.0 2.3908100449729087e-13
  outer loop
    vertex -31.067735894786825 -1.5898062801909854 37.80136426815922
    vertex -27.874915571772487 -1.5898062801923762 43.70136426816642
    vertex -30.94060099670888 -1.5898062801910255 37.967049693108734
  endloop
endfacet
facet normal -1.9920724275850814e-15 1.0 2.3908100449729087e-13
  outer loop
    vertex -30.94060099670888 -1.5898062801910255 37.967049693108734
    vertex -27.874915571772487 -1.5898062801923762 43.70136426816642
    vertex -30.774915571759937 -1.5898062801910597 38.09418459118742
  endloop
endfacet
facet normal -1.9920724275850814e-15 1.0 2.3908100449729087e-13
  outer loop
    vertex -30.774915571759937 -1.5898062801910597 38.09418459118742
    vertex -27.874915571772487 -1.5898062801923762 43.70136426816642
    vertex -30.581970807842122 -1.589806280191077 38.17410492919155
  endloop
endfacet
facet normal -1.9920724275850814e-15 1.0 2.3908100449729087e-13
  outer loop
    vertex -30.581970807842122 -1.589806280191077 38.17410492919155
    vertex -27.874915571772487 -1.5898062801923762 43.70136426816642
    vertex -30.374915571760162 -1.5898062801910826 38.20136426816076
  endloop
endfacet
facet normal -1.9920724275850814e-15 1.0 2.3908100449729087e-13
  outer loop
    vertex -30.374915571760162 -1.5898062801910826 38.20136426816076
    vertex -27.874915571772487 -1.5898062801923762 43.70136426816642
    vertex -30.16786033567809 -1.5898062801910773 38.174104929192474
  endloop
endfacet
facet normal -1.9920724275850814e-15 1.0 2.3908100449729087e-13
  outer loop
    vertex -30.16786033567809 -1.5898062801910773 38.174104929192474
    vertex -27.874915571772487 -1.5898062801923762 43.70136426816642
    vertex -29.974915571759936 -1.5898062801910549 38.094184591189205
  endloop
endfacet
facet normal -1.9920724275850814e-15 1.0 2.3908100449729087e-13
  outer loop
    vertex -29.974915571759936 -1.5898062801910549 38.094184591189205
    vertex -27.874915571772487 -1.5898062801923762 43.70136426816642
    vertex -29.80923014681041 -1.5898062801910262 37.967049693111264
  endloop
endfacet
facet normal -1.9920724275850814e-15 1.0 2.3908100449729087e-13
  outer loop
    vertex -29.80923014681041 -1.5898062801910262 37.967049693111264
    vertex -27.874915571772487 -1.5898062801923762 43.70136426816642
    vertex -29.68209524873172 -1.5898062801909867 37.80136426816231
  endloop
endfacet
facet normal -1.9920724275850814e-15 1.0 2.3908100449729087e-13
  outer loop
    vertex -29.68209524873172 -1.5898062801909867 37.80136426816231
    vertex -27.874915571772487 -1.5898062801923762 43.70136426816642
    vertex -29.60217491072759 -1.5898062801909356 37.6084195042445
  endloop
endfacet
facet normal -1.9920724275850814e-15 1.0 2.3908100449729087e-13
  outer loop
    vertex -29.60217491072759 -1.5898062801909356 37.6084195042445
    vertex -27.874915571772487 -1.5898062801923762 43.70136426816642
    vertex -29.574915571758382 -1.5898062801908899 37.40136426816255
  endloop
endfacet
facet normal -1.9920724275850814e-15 1.0 2.3908100449729087e-13
  outer loop
    vertex -27.874915571772487 -1.5898062801923762 43.70136426816642
    vertex 0.12506717893829267 -1.5898062801928932 45.70053439388603
    vertex -4.874915571772482 -1.5898062801923942 43.70136426821802
  endloop
endfacet
facet normal -1.9920724275850814e-15 1.0 2.3908100449729087e-13
  outer loop
    vertex -4.874915571772482 -1.5898062801923942 43.70136426821802
    vertex 0.12506717893829267 -1.5898062801928932 45.70053439388603
    vertex -3.1476562327901 -1.5898062801908772 37.60841950430382
  endloop
endfacet
facet normal -1.9920724275850814e-15 1.0 2.3908100449729087e-13
  outer loop
    vertex -4.874915571772482 -1.5898062801923942 43.70136426821802
    vertex -3.1476562327901 -1.5898062801908772 37.60841950430382
    vertex -4.874915571744215 -1.5898062801893396 31.101364268218013
  endloop
endfacet
facet normal -1.9920724275850814e-15 1.0 2.3908100449729087e-13
  outer loop
    vertex -4.874915571744215 -1.5898062801893396 31.101364268218013
    vertex -3.1476562327901 -1.5898062801908772 37.60841950430382
    vertex -3.1749155717583855 -1.5898062801908317 37.40136426822174
  endloop
endfacet
facet normal -1.9920724275850814e-15 1.0 2.3908100449729087e-13
  outer loop
    vertex -3.1476562327901 -1.5898062801908772 37.60841950430382
    vertex 0.12506717893829267 -1.5898062801928932 45.70053439388603
    vertex -3.0677358947868316 -1.5898062801909227 37.80136426822198
  endloop
endfacet
facet normal -1.9920724275850814e-15 1.0 2.3908100449729087e-13
  outer loop
    vertex -3.0677358947868316 -1.5898062801909227 37.80136426822198
    vertex 0.12506717893829267 -1.5898062801928932 45.70053439388603
    vertex -2.940600996708885 -1.5898062801909625 37.967049693171504
  endloop
endfacet
facet normal -1.9920724275850814e-15 1.0 2.3908100449729087e-13
  outer loop
    vertex -2.940600996708885 -1.5898062801909625 37.967049693171504
    vertex 0.12506717893829267 -1.5898062801928932 45.70053439388603
    vertex -2.774915571759943 -1.589806280190997 38.09418459125018
  endloop
endfacet
facet normal -1.9920724275850814e-15 1.0 2.3908100449729087e-13
  outer loop
    vertex -2.774915571759943 -1.589806280190997 38.09418459125018
    vertex 0.12506717893829267 -1.5898062801928932 45.70053439388603
    vertex -2.581970807842129 -1.589806280191014 38.17410492925433
  endloop
endfacet
facet normal -1.9920724275850814e-15 1.0 2.3908100449729087e-13
  outer loop
    vertex -2.581970807842129 -1.589806280191014 38.17410492925433
    vertex 0.12506717893829267 -1.5898062801928932 45.70053439388603
    vertex -2.374915571760169 -1.58980628019102 38.201364268223536
  endloop
endfacet
facet normal -1.9920724275850814e-15 1.0 2.3908100449729087e-13
  outer loop
    vertex -2.374915571760169 -1.58980628019102 38.201364268223536
    vertex 0.12506717893829267 -1.5898062801928932 45.70053439388603
    vertex -2.167860335678097 -1.5898062801910142 38.17410492925526
  endloop
endfacet
facet normal -1.9920724275850814e-15 1.0 2.3908100449729087e-13
  outer loop
    vertex -2.167860335678097 -1.5898062801910142 38.17410492925526
    vertex 0.12506717893829267 -1.5898062801928932 45.70053439388603
    vertex -1.9749155717599443 -1.5898062801909918 38.09418459125198
  endloop
endfacet
facet normal -1.9920724275850814e-15 1.0 2.3908100449729087e-13
  outer loop
    vertex -1.9749155717599443 -1.5898062801909918 38.09418459125198
    vertex 0.12506717893829267 -1.5898062801928932 45.70053439388603
    vertex -1.8092301468104153 -1.5898062801909636 37.96704969317404
  endloop
endfacet
facet normal -1.9920724275850814e-15 1.0 2.3908100449729087e-13
  outer loop
    vertex -1.8092301468104153 -1.5898062801909636 37.96704969317404
    vertex 0.12506717893829267 -1.5898062801928932 45.70053439388603
    vertex -1.6820952487317244 -1.5898062801909236 37.801364268225086
  endloop
endfacet
facet normal -1.9920724275850814e-15 1.0 2.3908100449729087e-13
  outer loop
    vertex -1.6820952487317244 -1.5898062801909236 37.801364268225086
    vertex 0.12506717893829267 -1.5898062801928932 45.70053439388603
    vertex -1.6021749107275984 -1.5898062801908726 37.608419504307285
  endloop
endfacet
facet normal -1.9920724275850814e-15 1.0 2.3908100449729087e-13
  outer loop
    vertex -1.6021749107275984 -1.5898062801908726 37.608419504307285
    vertex 0.12506717893829267 -1.5898062801928932 45.70053439388603
    vertex -1.5749155717583885 -1.589806280190827 37.40136426822533
  endloop
endfacet
facet normal -1.9920724275850814e-15 1.0 2.3908100449729087e-13
  outer loop
    vertex -1.5749155717583885 -1.589806280190827 37.40136426822533
    vertex 0.12506717893829267 -1.5898062801928932 45.70053439388603
    vertex 0.12505872395772383 -1.589806280188905 29.10254345836741
  endloop
endfacet
facet normal -1.9920724275850814e-15 1.0 2.3908100449729087e-13
  outer loop
    vertex -32.874941259245844 -1.5898062801889807 29.10133378514324
    vertex -27.87491557174424 -1.5898062801893948 31.10136426816642
    vertex 0.12505872395772383 -1.589806280188905 29.10254345836741
  endloop
endfacet
facet normal -1.9920724275850814e-15 1.0 2.3908100449729087e-13
  outer loop
    vertex -27.87491557174424 -1.5898062801893948 31.10136426816642
    vertex -32.874941259245844 -1.5898062801889807 29.10133378514324
    vertex -31.06773589478504 -1.589806280190798 37.001364268159215
  endloop
endfacet
facet normal -1.9920724275850814e-15 1.0 2.3908100449729087e-13
  outer loop
    vertex -31.06773589478504 -1.589806280190798 37.001364268159215
    vertex -32.874941259245844 -1.5898062801889807 29.10133378514324
    vertex -31.14765623278917 -1.5898062801908432 37.19430903207702
  endloop
endfacet
facet normal -1.9920724275850814e-15 1.0 2.3908100449729087e-13
  outer loop
    vertex -31.14765623278917 -1.5898062801908432 37.19430903207702
    vertex -32.874941259245844 -1.5898062801889807 29.10133378514324
    vertex -32.87493280426525 -1.5898062801929462 45.70134610807928
  endloop
endfacet
facet normal -1.9920724275850814e-15 1.0 2.3908100449729087e-13
  outer loop
    vertex -31.14765623278917 -1.5898062801908432 37.19430903207702
    vertex -32.87493280426525 -1.5898062801929462 45.70134610807928
    vertex -31.17491557175838 -1.5898062801908945 37.40136426815897
  endloop
endfacet
facet normal -1.9920724275850814e-15 1.0 2.3908100449729087e-13
  outer loop
    vertex -27.87491557174424 -1.5898062801893948 31.10136426816642
    vertex -31.06773589478504 -1.589806280190798 37.001364268159215
    vertex -30.94060099670635 -1.589806280190758 36.83567884321026
  endloop
endfacet
facet normal -1.9920724275850814e-15 1.0 2.3908100449729087e-13
  outer loop
    vertex -27.87491557174424 -1.5898062801893948 31.10136426816642
    vertex -30.94060099670635 -1.589806280190758 36.83567884321026
    vertex -30.774915571756825 -1.5898062801907242 36.70854394513232
  endloop
endfacet
facet normal -1.9920724275850814e-15 1.0 2.3908100449729087e-13
  outer loop
    vertex -27.87491557174424 -1.5898062801893948 31.10136426816642
    vertex -30.774915571756825 -1.5898062801907242 36.70854394513232
    vertex -30.581970807838672 -1.5898062801907074 36.62862360712905
  endloop
endfacet
facet normal -1.9920724275850814e-15 1.0 2.3908100449729087e-13
  outer loop
    vertex -27.87491557174424 -1.5898062801893948 31.10136426816642
    vertex -30.581970807838672 -1.5898062801907074 36.62862360712905
    vertex -30.3749155717566 -1.5898062801907016 36.601364268160765
  endloop
endfacet
facet normal -1.9920724275850814e-15 1.0 2.3908100449729087e-13
  outer loop
    vertex -27.87491557174424 -1.5898062801893948 31.10136426816642
    vertex -30.3749155717566 -1.5898062801907016 36.601364268160765
    vertex -30.16786033567464 -1.5898062801907076 36.628623607129974
  endloop
endfacet
facet normal -1.9920724275850814e-15 1.0 2.3908100449729087e-13
  outer loop
    vertex -27.87491557174424 -1.5898062801893948 31.10136426816642
    vertex -30.16786033567464 -1.5898062801907076 36.628623607129974
    vertex -29.974915571756824 -1.5898062801907245 36.7085439451341
  endloop
endfacet
facet normal -1.9920724275850814e-15 1.0 2.3908100449729087e-13
  outer loop
    vertex -27.87491557174424 -1.5898062801893948 31.10136426816642
    vertex -29.974915571756824 -1.5898062801907245 36.7085439451341
    vertex -29.80923014680788 -1.5898062801907535 36.83567884321279
  endloop
endfacet
facet normal -1.9920724275850814e-15 1.0 2.3908100449729087e-13
  outer loop
    vertex -27.87491557174424 -1.5898062801893948 31.10136426816642
    vertex -29.80923014680788 -1.5898062801907535 36.83567884321279
    vertex -29.682095248729937 -1.5898062801907933 37.001364268162305
  endloop
endfacet
facet normal -1.9920724275850814e-15 1.0 2.3908100449729087e-13
  outer loop
    vertex -27.87491557174424 -1.5898062801893948 31.10136426816642
    vertex -29.682095248729937 -1.5898062801907933 37.001364268162305
    vertex -29.602174910726667 -1.5898062801908388 37.194309032080476
  endloop
endfacet
facet normal -1.9920724275850814e-15 1.0 2.3908100449729087e-13
  outer loop
    vertex -27.87491557174424 -1.5898062801893948 31.10136426816642
    vertex -29.602174910726667 -1.5898062801908388 37.194309032080476
    vertex -29.574915571758382 -1.5898062801908899 37.40136426816255
  endloop
endfacet
facet normal -1.9920724275850814e-15 1.0 2.3908100449729087e-13
  outer loop
    vertex -27.87491557174424 -1.5898062801893948 31.10136426816642
    vertex -29.574915571758382 -1.5898062801908899 37.40136426816255
    vertex -27.874915571772487 -1.5898062801923762 43.70136426816642
  endloop
endfacet
facet normal -1.9920724275850814e-15 1.0 2.3908100449729087e-13
  outer loop
    vertex 0.12505872395772383 -1.589806280188905 29.10254345836741
    vertex -27.87491557174424 -1.5898062801893948 31.10136426816642
    vertex -4.874915571744215 -1.5898062801893396 31.101364268218013
  endloop
endfacet
facet normal -1.9920724275850814e-15 1.0 2.3908100449729087e-13
  outer loop
    vertex 0.12505872395772383 -1.589806280188905 29.10254345836741
    vertex -4.874915571744215 -1.5898062801893396 31.101364268218013
    vertex -3.1476562327891755 -1.5898062801907802 37.194309032139785
  endloop
endfacet
facet normal -1.9920724275850814e-15 1.0 2.3908100449729087e-13
  outer loop
    vertex -3.1476562327891755 -1.5898062801907802 37.194309032139785
    vertex -4.874915571744215 -1.5898062801893396 31.101364268218013
    vertex -3.1749155717583855 -1.5898062801908317 37.40136426822174
  endloop
endfacet
facet normal -1.9920724275850814e-15 1.0 2.3908100449729087e-13
  outer loop
    vertex 0.12505872395772383 -1.589806280188905 29.10254345836741
    vertex -3.1476562327891755 -1.5898062801907802 37.194309032139785
    vertex -3.0677358947850495 -1.5898062801907347 37.001364268221984
  endloop
endfacet
facet normal -1.9920724275850814e-15 1.0 2.3908100449729087e-13
  outer loop
    vertex 0.12505872395772383 -1.589806280188905 29.10254345836741
    vertex -3.0677358947850495 -1.5898062801907347 37.001364268221984
    vertex -2.9406009967063587 -1.5898062801906954 36.83567884327303
  endloop
endfacet
facet normal -1.9920724275850814e-15 1.0 2.3908100449729087e-13
  outer loop
    vertex 0.12505872395772383 -1.589806280188905 29.10254345836741
    vertex -2.9406009967063587 -1.5898062801906954 36.83567884327303
    vertex -2.7749155717568295 -1.5898062801906612 36.70854394519509
  endloop
endfacet
facet normal -1.9920724275850814e-15 1.0 2.3908100449729087e-13
  outer loop
    vertex 0.12505872395772383 -1.589806280188905 29.10254345836741
    vertex -2.7749155717568295 -1.5898062801906612 36.70854394519509
    vertex -2.581970807838677 -1.589806280190644 36.62862360719181
  endloop
endfacet
facet normal -1.9920724275850814e-15 1.0 2.3908100449729087e-13
  outer loop
    vertex 0.12505872395772383 -1.589806280188905 29.10254345836741
    vertex -2.581970807838677 -1.589806280190644 36.62862360719181
    vertex -2.374915571756605 -1.589806280190639 36.601364268223534
  endloop
endfacet
facet normal -1.9920724275850814e-15 1.0 2.3908100449729087e-13
  outer loop
    vertex 0.12505872395772383 -1.589806280188905 29.10254345836741
    vertex -2.374915571756605 -1.589806280190639 36.601364268223534
    vertex -2.167860335674645 -1.5898062801906445 36.62862360719274
  endloop
endfacet
facet normal -1.9920724275850814e-15 1.0 2.3908100449729087e-13
  outer loop
    vertex 0.12505872395772383 -1.589806280188905 29.10254345836741
    vertex -2.167860335674645 -1.5898062801906445 36.62862360719274
    vertex -1.974915571756831 -1.5898062801906618 36.70854394519689
  endloop
endfacet
facet normal -1.9920724275850814e-15 1.0 2.3908100449729087e-13
  outer loop
    vertex 0.12505872395772383 -1.589806280188905 29.10254345836741
    vertex -1.974915571756831 -1.5898062801906618 36.70854394519689
    vertex -1.8092301468078886 -1.5898062801906903 36.835678843275566
  endloop
endfacet
facet normal -1.9920724275850814e-15 1.0 2.3908100449729087e-13
  outer loop
    vertex 0.12505872395772383 -1.589806280188905 29.10254345836741
    vertex -1.8092301468078886 -1.5898062801906903 36.835678843275566
    vertex -1.6820952487299423 -1.5898062801907304 37.00136426822509
  endloop
endfacet
facet normal -1.9920724275850814e-15 1.0 2.3908100449729087e-13
  outer loop
    vertex 0.12505872395772383 -1.589806280188905 29.10254345836741
    vertex -1.6820952487299423 -1.5898062801907304 37.00136426822509
    vertex -1.6021749107266736 -1.589806280190776 37.19430903214325
  endloop
endfacet
facet normal -1.9920724275850814e-15 1.0 2.3908100449729087e-13
  outer loop
    vertex 0.12505872395772383 -1.589806280188905 29.10254345836741
    vertex -1.6021749107266736 -1.589806280190776 37.19430903214325
    vertex -1.5749155717583885 -1.589806280190827 37.40136426822533
  endloop
endfacet
facet normal -4.869345480402022e-16 -1.0 -2.4069910041748434e-13
  outer loop
    vertex -32.874940240798566 -4.589806275608807 31.100893269105715
    vertex -31.14765623278926 -4.589806275610338 37.19430903207631
    vertex -32.87493280426523 -4.589806275612373 45.70134610807859
  endloop
endfacet
facet normal -4.869345480402022e-16 -1.0 -2.4069910041748434e-13
  outer loop
    vertex -31.14765623278926 -4.589806275610338 37.19430903207631
    vertex -32.874940240798566 -4.589806275608807 31.100893269105715
    vertex -31.067735894785134 -4.589806275610293 37.001364268158504
  endloop
endfacet
facet normal -4.869345480402022e-16 -1.0 -2.4069910041748434e-13
  outer loop
    vertex -31.067735894785134 -4.589806275610293 37.001364268158504
    vertex -32.874940240798566 -4.589806275608807 31.100893269105715
    vertex -27.874915571744218 -4.58980627560898 31.101364268165675
  endloop
endfacet
facet normal -4.869345480402022e-16 -1.0 -2.4069910041748434e-13
  outer loop
    vertex -32.87493280426523 -4.589806275612373 45.70134610807859
    vertex -31.14765623278926 -4.589806275610338 37.19430903207631
    vertex -31.17491557175847 -4.589806275610389 37.40136426815826
  endloop
endfacet
facet normal -4.869345480402022e-16 -1.0 -2.4069910041748434e-13
  outer loop
    vertex -31.067735894785134 -4.589806275610293 37.001364268158504
    vertex -27.874915571744218 -4.58980627560898 31.101364268165675
    vertex -30.940600996706443 -4.589806275610253 36.83567884320955
  endloop
endfacet
facet normal -4.869345480402022e-16 -1.0 -2.4069910041748434e-13
  outer loop
    vertex -30.940600996706443 -4.589806275610253 36.83567884320955
    vertex -27.874915571744218 -4.58980627560898 31.101364268165675
    vertex -30.774915571756914 -4.589806275610219 36.70854394513161
  endloop
endfacet
facet normal -4.869345480402022e-16 -1.0 -2.4069910041748434e-13
  outer loop
    vertex -30.774915571756914 -4.589806275610219 36.70854394513161
    vertex -27.874915571744218 -4.58980627560898 31.101364268165675
    vertex -30.58197080783876 -4.589806275610202 36.62862360712834
  endloop
endfacet
facet normal -4.869345480402022e-16 -1.0 -2.4069910041748434e-13
  outer loop
    vertex -30.58197080783876 -4.589806275610202 36.62862360712834
    vertex -27.874915571744218 -4.58980627560898 31.101364268165675
    vertex -30.374915571756688 -4.589806275610196 36.601364268160054
  endloop
endfacet
facet normal -4.869345480402022e-16 -1.0 -2.4069910041748434e-13
  outer loop
    vertex -30.374915571756688 -4.589806275610196 36.601364268160054
    vertex -27.874915571744218 -4.58980627560898 31.101364268165675
    vertex -30.167860335674728 -4.5898062756102025 36.62862360712926
  endloop
endfacet
facet normal -4.869345480402022e-16 -1.0 -2.4069910041748434e-13
  outer loop
    vertex -30.167860335674728 -4.5898062756102025 36.62862360712926
    vertex -27.874915571744218 -4.58980627560898 31.101364268165675
    vertex -29.974915571756917 -4.589806275610219 36.70854394513339
  endloop
endfacet
facet normal -4.869345480402022e-16 -1.0 -2.4069910041748434e-13
  outer loop
    vertex -29.974915571756917 -4.589806275610219 36.70854394513339
    vertex -27.874915571744218 -4.58980627560898 31.101364268165675
    vertex -29.809230146807973 -4.589806275610248 36.83567884321208
  endloop
endfacet
facet normal -4.869345480402022e-16 -1.0 -2.4069910041748434e-13
  outer loop
    vertex -29.809230146807973 -4.589806275610248 36.83567884321208
    vertex -27.874915571744218 -4.58980627560898 31.101364268165675
    vertex -29.682095248730025 -4.589806275610288 37.001364268161595
  endloop
endfacet
facet normal -4.869345480402022e-16 -1.0 -2.4069910041748434e-13
  outer loop
    vertex -29.682095248730025 -4.589806275610288 37.001364268161595
    vertex -27.874915571744218 -4.58980627560898 31.101364268165675
    vertex -29.602174910726756 -4.589806275610334 37.194309032079765
  endloop
endfacet
facet normal -4.869345480402022e-16 -1.0 -2.4069910041748434e-13
  outer loop
    vertex -29.602174910726756 -4.589806275610334 37.194309032079765
    vertex -27.874915571744218 -4.58980627560898 31.101364268165675
    vertex -29.574915571758474 -4.589806275610385 37.40136426816184
  endloop
endfacet
facet normal -4.869345480402022e-16 -1.0 -2.4069910041748434e-13
  outer loop
    vertex -29.574915571758474 -4.589806275610385 37.40136426816184
    vertex -27.874915571744218 -4.58980627560898 31.101364268165675
    vertex -27.874915571772487 -4.589806275611983 43.70136426816568
  endloop
endfacet
facet normal -4.869345480402022e-16 -1.0 -2.4069910041748434e-13
  outer loop
    vertex -4.874915571744215 -4.589806275608924 31.101364268217274
    vertex -3.147656232789153 -4.58980627561027 37.194309032139074
    vertex -3.174915571758363 -4.589806275610321 37.40136426822102
  endloop
endfacet
facet normal -4.869345480402022e-16 -1.0 -2.4069910041748434e-13
  outer loop
    vertex -3.147656232789153 -4.58980627561027 37.194309032139074
    vertex -4.874915571744215 -4.589806275608924 31.101364268217274
    vertex -3.067735894785027 -4.589806275610224 37.001364268221266
  endloop
endfacet
facet normal -4.869345480402022e-16 -1.0 -2.4069910041748434e-13
  outer loop
    vertex -3.067735894785027 -4.589806275610224 37.001364268221266
    vertex -4.874915571744215 -4.589806275608924 31.101364268217274
    vertex 0.12505974215142598 -4.589806275608889 31.10136172124069
  endloop
endfacet
facet normal -4.869345480402022e-16 -1.0 -2.4069910041748434e-13
  outer loop
    vertex -3.067735894785027 -4.589806275610224 37.001364268221266
    vertex 0.12505974215142598 -4.589806275608889 31.10136172124069
    vertex -2.940600996706336 -4.589806275610185 36.83567884327231
  endloop
endfacet
facet normal -4.869345480402022e-16 -1.0 -2.4069910041748434e-13
  outer loop
    vertex -2.940600996706336 -4.589806275610185 36.83567884327231
    vertex 0.12505974215142598 -4.589806275608889 31.10136172124069
    vertex -2.774915571756807 -4.589806275610151 36.70854394519437
  endloop
endfacet
facet normal -4.869345480402022e-16 -1.0 -2.4069910041748434e-13
  outer loop
    vertex -2.774915571756807 -4.589806275610151 36.70854394519437
    vertex 0.12505974215142598 -4.589806275608889 31.10136172124069
    vertex -2.5819708078386543 -4.589806275610133 36.6286236071911
  endloop
endfacet
facet normal -4.869345480402022e-16 -1.0 -2.4069910041748434e-13
  outer loop
    vertex -2.5819708078386543 -4.589806275610133 36.6286236071911
    vertex 0.12505974215142598 -4.589806275608889 31.10136172124069
    vertex -2.374915571756582 -4.589806275610128 36.60136426822282
  endloop
endfacet
facet normal -4.869345480402022e-16 -1.0 -2.4069910041748434e-13
  outer loop
    vertex -2.374915571756582 -4.589806275610128 36.60136426822282
    vertex 0.12505974215142598 -4.589806275608889 31.10136172124069
    vertex -2.1678603356746224 -4.589806275610133 36.62862360719203
  endloop
endfacet
facet normal -4.869345480402022e-16 -1.0 -2.4069910041748434e-13
  outer loop
    vertex -2.1678603356746224 -4.589806275610133 36.62862360719203
    vertex 0.12505974215142598 -4.589806275608889 31.10136172124069
    vertex -1.9749155717568085 -4.589806275610151 36.70854394519617
  endloop
endfacet
facet normal -4.869345480402022e-16 -1.0 -2.4069910041748434e-13
  outer loop
    vertex -1.9749155717568085 -4.589806275610151 36.70854394519617
    vertex 0.12505974215142598 -4.589806275608889 31.10136172124069
    vertex -1.8092301468078662 -4.589806275610179 36.83567884327485
  endloop
endfacet
facet normal -4.869345480402022e-16 -1.0 -2.4069910041748434e-13
  outer loop
    vertex -1.8092301468078662 -4.589806275610179 36.83567884327485
    vertex 0.12505974215142598 -4.589806275608889 31.10136172124069
    vertex -1.6820952487299197 -4.589806275610219 37.00136426822437
  endloop
endfacet
facet normal -4.869345480402022e-16 -1.0 -2.4069910041748434e-13
  outer loop
    vertex -1.6820952487299197 -4.589806275610219 37.00136426822437
    vertex 0.12505974215142598 -4.589806275608889 31.10136172124069
    vertex -1.602174910726651 -4.589806275610265 37.194309032142534
  endloop
endfacet
facet normal -4.869345480402022e-16 -1.0 -2.4069910041748434e-13
  outer loop
    vertex -1.602174910726651 -4.589806275610265 37.194309032142534
    vertex 0.12505974215142598 -4.589806275608889 31.10136172124069
    vertex -1.5749155717583658 -4.589806275610316 37.40136426822461
  endloop
endfacet
facet normal -4.869345480402022e-16 -1.0 -2.4069910041748434e-13
  outer loop
    vertex -32.87493280426523 -4.589806275612373 45.70134610807859
    vertex -27.874915571772487 -4.589806275611983 43.70136426816568
    vertex 0.12506717893831523 -4.589806275612365 45.70053439388529
  endloop
endfacet
facet normal -4.869345480402022e-16 -1.0 -2.4069910041748434e-13
  outer loop
    vertex -27.874915571772487 -4.589806275611983 43.70136426816568
    vertex -32.87493280426523 -4.589806275612373 45.70134610807859
    vertex -31.067735894786917 -4.5898062756104805 37.80136426815851
  endloop
endfacet
facet normal -4.869345480402022e-16 -1.0 -2.4069910041748434e-13
  outer loop
    vertex -31.067735894786917 -4.5898062756104805 37.80136426815851
    vertex -32.87493280426523 -4.589806275612373 45.70134610807859
    vertex -31.147656232790183 -4.589806275610434 37.608419504240345
  endloop
endfacet
facet normal -4.869345480402022e-16 -1.0 -2.4069910041748434e-13
  outer loop
    vertex -31.147656232790183 -4.589806275610434 37.608419504240345
    vertex -32.87493280426523 -4.589806275612373 45.70134610807859
    vertex -31.17491557175847 -4.589806275610389 37.40136426815826
  endloop
endfacet
facet normal -4.869345480402022e-16 -1.0 -2.4069910041748434e-13
  outer loop
    vertex -27.874915571772487 -4.589806275611983 43.70136426816568
    vertex -31.067735894786917 -4.5898062756104805 37.80136426815851
    vertex -30.94060099670897 -4.58980627561052 37.967049693108024
  endloop
endfacet
facet normal -4.869345480402022e-16 -1.0 -2.4069910041748434e-13
  outer loop
    vertex -27.874915571772487 -4.589806275611983 43.70136426816568
    vertex -30.94060099670897 -4.58980627561052 37.967049693108024
    vertex -30.774915571760026 -4.589806275610554 38.09418459118671
  endloop
endfacet
facet normal -4.869345480402022e-16 -1.0 -2.4069910041748434e-13
  outer loop
    vertex -27.874915571772487 -4.589806275611983 43.70136426816568
    vertex -30.774915571760026 -4.589806275610554 38.09418459118671
    vertex -30.58197080784221 -4.589806275610572 38.17410492919084
  endloop
endfacet
facet normal -4.869345480402022e-16 -1.0 -2.4069910041748434e-13
  outer loop
    vertex -27.874915571772487 -4.589806275611983 43.70136426816568
    vertex -30.58197080784221 -4.589806275610572 38.17410492919084
    vertex -30.374915571760255 -4.589806275610578 38.20136426816005
  endloop
endfacet
facet normal -4.869345480402022e-16 -1.0 -2.4069910041748434e-13
  outer loop
    vertex -27.874915571772487 -4.589806275611983 43.70136426816568
    vertex -30.374915571760255 -4.589806275610578 38.20136426816005
    vertex -30.16786033567818 -4.589806275610572 38.17410492919176
  endloop
endfacet
facet normal -4.869345480402022e-16 -1.0 -2.4069910041748434e-13
  outer loop
    vertex -27.874915571772487 -4.589806275611983 43.70136426816568
    vertex -30.16786033567818 -4.589806275610572 38.17410492919176
    vertex -29.97491557176003 -4.58980627561055 38.094184591188494
  endloop
endfacet
facet normal -4.869345480402022e-16 -1.0 -2.4069910041748434e-13
  outer loop
    vertex -27.874915571772487 -4.589806275611983 43.70136426816568
    vertex -29.97491557176003 -4.58980627561055 38.094184591188494
    vertex -29.8092301468105 -4.589806275610521 37.96704969311055
  endloop
endfacet
facet normal -4.869345480402022e-16 -1.0 -2.4069910041748434e-13
  outer loop
    vertex -27.874915571772487 -4.589806275611983 43.70136426816568
    vertex -29.8092301468105 -4.589806275610521 37.96704969311055
    vertex -29.68209524873181 -4.589806275610481 37.8013642681616
  endloop
endfacet
facet normal -4.869345480402022e-16 -1.0 -2.4069910041748434e-13
  outer loop
    vertex -27.874915571772487 -4.589806275611983 43.70136426816568
    vertex -29.68209524873181 -4.589806275610481 37.8013642681616
    vertex -29.602174910727683 -4.58980627561043 37.60841950424379
  endloop
endfacet
facet normal -4.869345480402022e-16 -1.0 -2.4069910041748434e-13
  outer loop
    vertex -27.874915571772487 -4.589806275611983 43.70136426816568
    vertex -29.602174910727683 -4.58980627561043 37.60841950424379
    vertex -29.574915571758474 -4.589806275610385 37.40136426816184
  endloop
endfacet
facet normal -4.869345480402022e-16 -1.0 -2.4069910041748434e-13
  outer loop
    vertex 0.12506717893831523 -4.589806275612365 45.70053439388529
    vertex -27.874915571772487 -4.589806275611983 43.70136426816568
    vertex -4.874915571772482 -4.589806275612002 43.70136426821728
  endloop
endfacet
facet normal -4.869345480402022e-16 -1.0 -2.4069910041748434e-13
  outer loop
    vertex 0.12506717893831523 -4.589806275612365 45.70053439388529
    vertex -4.874915571772482 -4.589806275612002 43.70136426821728
    vertex -3.147656232790078 -4.589806275610366 37.6084195043031
  endloop
endfacet
facet normal -4.869345480402022e-16 -1.0 -2.4069910041748434e-13
  outer loop
    vertex -3.147656232790078 -4.589806275610366 37.6084195043031
    vertex -4.874915571772482 -4.589806275612002 43.70136426821728
    vertex -4.874915571744215 -4.589806275608924 31.101364268217274
  endloop
endfacet
facet normal -4.869345480402022e-16 -1.0 -2.4069910041748434e-13
  outer loop
    vertex -3.147656232790078 -4.589806275610366 37.6084195043031
    vertex -4.874915571744215 -4.589806275608924 31.101364268217274
    vertex -3.174915571758363 -4.589806275610321 37.40136426822102
  endloop
endfacet
facet normal -4.869345480402022e-16 -1.0 -2.4069910041748434e-13
  outer loop
    vertex 0.12506717893831523 -4.589806275612365 45.70053439388529
    vertex -3.147656232790078 -4.589806275610366 37.6084195043031
    vertex -3.067735894786809 -4.589806275610411 37.80136426822127
  endloop
endfacet
facet normal -4.869345480402022e-16 -1.0 -2.4069910041748434e-13
  outer loop
    vertex 0.12506717893831523 -4.589806275612365 45.70053439388529
    vertex -3.067735894786809 -4.589806275610411 37.80136426822127
    vertex -2.9406009967088624 -4.589806275610451 37.96704969317079
  endloop
endfacet
facet normal -4.869345480402022e-16 -1.0 -2.4069910041748434e-13
  outer loop
    vertex 0.12506717893831523 -4.589806275612365 45.70053439388529
    vertex -2.9406009967088624 -4.589806275610451 37.96704969317079
    vertex -2.7749155717599203 -4.589806275610486 38.09418459124947
  endloop
endfacet
facet normal -4.869345480402022e-16 -1.0 -2.4069910041748434e-13
  outer loop
    vertex 0.12506717893831523 -4.589806275612365 45.70053439388529
    vertex -2.7749155717599203 -4.589806275610486 38.09418459124947
    vertex -2.581970807842106 -4.589806275610503 38.17410492925361
  endloop
endfacet
facet normal -4.869345480402022e-16 -1.0 -2.4069910041748434e-13
  outer loop
    vertex 0.12506717893831523 -4.589806275612365 45.70053439388529
    vertex -2.581970807842106 -4.589806275610503 38.17410492925361
    vertex -2.3749155717601464 -4.589806275610509 38.20136426822282
  endloop
endfacet
facet normal -4.869345480402022e-16 -1.0 -2.4069910041748434e-13
  outer loop
    vertex 0.12506717893831523 -4.589806275612365 45.70053439388529
    vertex -2.3749155717601464 -4.589806275610509 38.20136426822282
    vertex -2.1678603356780743 -4.589806275610504 38.17410492925454
  endloop
endfacet
facet normal -4.869345480402022e-16 -1.0 -2.4069910041748434e-13
  outer loop
    vertex 0.12506717893831523 -4.589806275612365 45.70053439388529
    vertex -2.1678603356780743 -4.589806275610504 38.17410492925454
    vertex -1.9749155717599218 -4.5898062756104805 38.09418459125126
  endloop
endfacet
facet normal -4.869345480402022e-16 -1.0 -2.4069910041748434e-13
  outer loop
    vertex 0.12506717893831523 -4.589806275612365 45.70053439388529
    vertex -1.9749155717599218 -4.5898062756104805 38.09418459125126
    vertex -1.8092301468103928 -4.589806275610452 37.96704969317332
  endloop
endfacet
facet normal -4.869345480402022e-16 -1.0 -2.4069910041748434e-13
  outer loop
    vertex 0.12506717893831523 -4.589806275612365 45.70053439388529
    vertex -1.8092301468103928 -4.589806275610452 37.96704969317332
    vertex -1.6820952487317018 -4.589806275610413 37.80136426822437
  endloop
endfacet
facet normal -4.869345480402022e-16 -1.0 -2.4069910041748434e-13
  outer loop
    vertex 0.12506717893831523 -4.589806275612365 45.70053439388529
    vertex -1.6820952487317018 -4.589806275610413 37.80136426822437
    vertex -1.602174910727576 -4.589806275610362 37.60841950430657
  endloop
endfacet
facet normal -4.869345480402022e-16 -1.0 -2.4069910041748434e-13
  outer loop
    vertex 0.12506717893831523 -4.589806275612365 45.70053439388529
    vertex -1.602174910727576 -4.589806275610362 37.60841950430657
    vertex -1.5749155717583658 -4.589806275610316 37.40136426822461
  endloop
endfacet
facet normal -4.869345480402022e-16 -1.0 -2.4069910041748434e-13
  outer loop
    vertex 0.12506717893831523 -4.589806275612365 45.70053439388529
    vertex -1.5749155717583658 -4.589806275610316 37.40136426822461
    vertex 0.12505974215142598 -4.589806275608889 31.10136172124069
  endloop
endfacet
facet normal 2.459740080330704e-05 1.002918135342027e-12 0.9999999996974841
  outer loop
    vertex -32.87493280426525 -1.5898062801929462 45.70134610807928
    vertex 0.12506717893831523 -4.589806275612365 45.70053439388529
    vertex 0.12506717893829267 -1.5898062801928932 45.70053439388603
  endloop
endfacet
facet normal 2.459740080330704e-05 1.002918135342027e-12 0.9999999996974841
  outer loop
    vertex 0.12506717893831523 -4.589806275612365 45.70053439388529
    vertex -32.87493280426525 -1.5898062801929462 45.70134610807928
    vertex -32.87493280426523 -4.589806275612373 45.70134610807859
  endloop
endfacet
facet normal 1.9606965538188947e-06 3.17761862215843e-07 0.9999999999980274
  outer loop
    vertex -32.87507705537338 -22.5897757398474 40.30119163630537
    vertex -31.37502743663246 -10.589779368288687 40.30119220286367
    vertex -32.875027436498115 -10.589779368288685 40.30118084230116
  endloop
endfacet
facet normal 1.9606965538188947e-06 3.17761862215843e-07 0.9999999999980274
  outer loop
    vertex -31.37502743663246 -10.589779368288687 40.30119220286367
    vertex -32.87507705537338 -22.5897757398474 40.30119163630537
    vertex -31.375027436640046 -19.589779368288884 40.30119326752657
  endloop
endfacet
facet normal 1.9606965538188947e-06 3.17761862215843e-07 0.9999999999980274
  outer loop
    vertex -31.375027436640046 -19.589779368288884 40.30119326752657
    vertex -32.87507705537338 -22.5897757398474 40.30119163630537
    vertex -15.810804042237837 -19.589780069487276 40.30115810713535
  endloop
endfacet
facet normal 1.9606965538188947e-06 3.17761862215843e-07 0.9999999999980274
  outer loop
    vertex -15.810804042237837 -19.589780069487276 40.30115810713535
    vertex -32.87507705537338 -22.5897757398474 40.30119163630537
    vertex -15.810804042237683 -22.589775739847735 40.30115810713473
  endloop
endfacet
facet normal 1.1344261399165842e-08 0.9999999999998985 4.50798515567084e-07
  outer loop
    vertex -31.375027436640046 -19.589779368288884 40.30119326752657
    vertex -22.4407273228995 -19.589778913356003 37.96731657850973
    vertex -31.374940240932926 -19.589775739844903 31.100913146976733
  endloop
endfacet
facet normal 1.1344261399165842e-08 0.9999999999998985 4.50798515567084e-07
  outer loop
    vertex -22.4407273228995 -19.589778913356003 37.96731657850973
    vertex -31.375027436640046 -19.589779368288884 40.30119326752657
    vertex -22.275041897950267 -19.58977891335603 38.09445147658804
  endloop
endfacet
facet normal 1.1344261399165842e-08 0.9999999999998985 4.50798515567084e-07
  outer loop
    vertex -22.275041897950267 -19.58977891335603 38.09445147658804
    vertex -31.375027436640046 -19.589779368288884 40.30119326752657
    vertex -22.082097134032296 -19.589778913356053 38.174371814591744
  endloop
endfacet
facet normal 1.1344261399165842e-08 0.9999999999998985 4.50798515567084e-07
  outer loop
    vertex -22.082097134032296 -19.589778913356053 38.174371814591744
    vertex -31.375027436640046 -19.589779368288884 40.30119326752657
    vertex -15.810804042237837 -19.589780069487276 40.30115810713535
  endloop
endfacet
facet normal 1.1344261399165842e-08 0.9999999999998985 4.50798515567084e-07
  outer loop
    vertex -31.374940240932926 -19.589775739844903 31.100913146976733
    vertex -22.4407273228995 -19.589778913356003 37.96731657850973
    vertex -22.56786222097781 -19.58977891335596 37.80163115356049
  endloop
endfacet
facet normal 1.1344261399165842e-08 0.9999999999998985 4.50798515567084e-07
  outer loop
    vertex -31.374940240932926 -19.589775739844903 31.100913146976733
    vertex -22.56786222097781 -19.58977891335596 37.80163115356049
    vertex -22.64778255898153 -19.589778913355914 37.60868638964251
  endloop
endfacet
facet normal 1.1344261399165842e-08 0.9999999999998985 4.50798515567084e-07
  outer loop
    vertex -31.374940240932926 -19.589775739844903 31.100913146976733
    vertex -22.64778255898153 -19.589778913355914 37.60868638964251
    vertex -22.675041897950265 -19.589778913355865 37.401631153560494
  endloop
endfacet
facet normal 1.1344261399165842e-08 0.9999999999998985 4.50798515567084e-07
  outer loop
    vertex -22.082097134032296 -19.589778913356053 38.174371814591744
    vertex -15.810804042237837 -19.589780069487276 40.30115810713535
    vertex -21.87504189795027 -19.58977891335606 38.20163115356049
  endloop
endfacet
facet normal 1.1344261399165842e-08 0.9999999999998985 4.50798515567084e-07
  outer loop
    vertex -21.87504189795027 -19.58977891335606 38.20163115356049
    vertex -15.810804042237837 -19.589780069487276 40.30115810713535
    vertex -21.667986661868262 -19.589778913356053 38.174371814591744
  endloop
endfacet
facet normal 1.1344261399165842e-08 0.9999999999998985 4.50798515567084e-07
  outer loop
    vertex -21.667986661868262 -19.589778913356053 38.174371814591744
    vertex -15.810804042237837 -19.589780069487276 40.30115810713535
    vertex -21.47504189795027 -19.58977891335603 38.09445147658804
  endloop
endfacet
facet normal 1.1344261399165842e-08 0.9999999999998985 4.50798515567084e-07
  outer loop
    vertex -21.47504189795027 -19.58977891335603 38.09445147658804
    vertex -15.810804042237837 -19.589780069487276 40.30115810713535
    vertex -21.30935647300103 -19.589778913356003 37.96731657850973
  endloop
endfacet
facet normal 1.1344261399165842e-08 0.9999999999998985 4.50798515567084e-07
  outer loop
    vertex -21.30935647300103 -19.589778913356003 37.96731657850973
    vertex -15.810804042237837 -19.589780069487276 40.30115810713535
    vertex -21.182221574922725 -19.58977891335596 37.80163115356049
  endloop
endfacet
facet normal 1.1344261399165842e-08 0.9999999999998985 4.50798515567084e-07
  outer loop
    vertex -21.182221574922725 -19.58977891335596 37.80163115356049
    vertex -15.810804042237837 -19.589780069487276 40.30115810713535
    vertex -21.102301236919004 -19.58977891335591 37.60868638964251
  endloop
endfacet
facet normal 1.1344261399165842e-08 0.9999999999998985 4.50798515567084e-07
  outer loop
    vertex -21.102301236919004 -19.58977891335591 37.60868638964251
    vertex -15.810804042237837 -19.589780069487276 40.30115810713535
    vertex -21.075041897950268 -19.589778913355865 37.401631153560494
  endloop
endfacet
facet normal 1.1344261399165842e-08 0.9999999999998985 4.50798515567084e-07
  outer loop
    vertex -31.374940240932926 -19.589775739844903 31.100913146976733
    vertex -22.082097134032296 -19.589778913355676 36.628890492529244
    vertex 0.12505974215143725 -19.589775739844985 31.101361721236902
  endloop
endfacet
facet normal 1.1344261399165842e-08 0.9999999999998985 4.50798515567084e-07
  outer loop
    vertex -22.082097134032296 -19.589778913355676 36.628890492529244
    vertex -31.374940240932926 -19.589775739844903 31.100913146976733
    vertex -22.275041897950267 -19.589778913355698 36.70881083053295
  endloop
endfacet
facet normal 1.1344261399165842e-08 0.9999999999998985 4.50798515567084e-07
  outer loop
    vertex -22.275041897950267 -19.589778913355698 36.70881083053295
    vertex -31.374940240932926 -19.589775739844903 31.100913146976733
    vertex -22.4407273228995 -19.58977891335573 36.83594572861126
  endloop
endfacet
facet normal 1.1344261399165842e-08 0.9999999999998985 4.50798515567084e-07
  outer loop
    vertex -22.4407273228995 -19.58977891335573 36.83594572861126
    vertex -31.374940240932926 -19.589775739844903 31.100913146976733
    vertex -22.56786222097781 -19.58977891335577 37.001631153560496
  endloop
endfacet
facet normal 1.1344261399165842e-08 0.9999999999998985 4.50798515567084e-07
  outer loop
    vertex -22.56786222097781 -19.58977891335577 37.001631153560496
    vertex -31.374940240932926 -19.589775739844903 31.100913146976733
    vertex -22.64778255898153 -19.589778913355815 37.19457591747848
  endloop
endfacet
facet normal 1.1344261399165842e-08 0.9999999999998985 4.50798515567084e-07
  outer loop
    vertex -22.64778255898153 -19.589778913355815 37.19457591747848
    vertex -31.374940240932926 -19.589775739844903 31.100913146976733
    vertex -22.675041897950265 -19.589778913355865 37.401631153560494
  endloop
endfacet
facet normal 1.1344261399165842e-08 0.9999999999998985 4.50798515567084e-07
  outer loop
    vertex 0.12505974215143725 -19.589775739844985 31.101361721236902
    vertex -22.082097134032296 -19.589778913355676 36.628890492529244
    vertex -21.87504189795027 -19.589778913355673 36.6016311535605
  endloop
endfacet
facet normal 1.1344261399165842e-08 0.9999999999998985 4.50798515567084e-07
  outer loop
    vertex 0.12505974215143725 -19.589775739844985 31.101361721236902
    vertex -21.87504189795027 -19.589778913355673 36.6016311535605
    vertex -21.66798666186824 -19.589778913355676 36.628890492529244
  endloop
endfacet
facet normal 1.1344261399165842e-08 0.9999999999998985 4.50798515567084e-07
  outer loop
    vertex 0.12505974215143725 -19.589775739844985 31.101361721236902
    vertex -21.66798666186824 -19.589778913355676 36.628890492529244
    vertex -21.47504189795027 -19.589778913355698 36.70881083053295
  endloop
endfacet
facet normal 1.1344261399165842e-08 0.9999999999998985 4.50798515567084e-07
  outer loop
    vertex 0.12505974215143725 -19.589775739844985 31.101361721236902
    vertex -21.47504189795027 -19.589778913355698 36.70881083053295
    vertex -21.30935647300103 -19.58977891335573 36.83594572861126
  endloop
endfacet
facet normal 1.1344261399165842e-08 0.9999999999998985 4.50798515567084e-07
  outer loop
    vertex 0.12505974215143725 -19.589775739844985 31.101361721236902
    vertex -21.30935647300103 -19.58977891335573 36.83594572861126
    vertex -21.182221574922725 -19.58977891335577 37.001631153560496
  endloop
endfacet
facet normal 1.1344261399165842e-08 0.9999999999998985 4.50798515567084e-07
  outer loop
    vertex 0.12505974215143725 -19.589775739844985 31.101361721236902
    vertex -21.182221574922725 -19.58977891335577 37.001631153560496
    vertex -21.102301236919004 -19.58977891335581 37.19457591747848
  endloop
endfacet
facet normal 1.1344261399165842e-08 0.9999999999998985 4.50798515567084e-07
  outer loop
    vertex 0.12505974215143725 -19.589775739844985 31.101361721236902
    vertex -21.102301236919004 -19.58977891335581 37.19457591747848
    vertex -21.075041897950268 -19.589778913355865 37.401631153560494
  endloop
endfacet
facet normal 1.1344261399165842e-08 0.9999999999998985 4.50798515567084e-07
  outer loop
    vertex 0.12505974215143725 -19.589775739844985 31.101361721236902
    vertex -21.075041897950268 -19.589778913355865 37.401631153560494
    vertex -15.810804042237837 -19.589780069487276 40.30115810713535
  endloop
endfacet
facet normal 0.9238795325112594 -9.230180801236306e-14 0.38268343236515584
  outer loop
    vertex -22.56786222097781 -19.58977891335577 37.001631153560496
    vertex -22.647782558981554 -22.589775739846473 37.19457591747774
    vertex -22.567862220977837 -22.589775739846427 37.001631153559764
  endloop
endfacet
facet normal 0.9238795325112594 -9.230180801236306e-14 0.38268343236515584
  outer loop
    vertex -22.647782558981554 -22.589775739846473 37.19457591747774
    vertex -22.56786222097781 -19.58977891335577 37.001631153560496
    vertex -22.64778255898153 -19.589778913355815 37.19457591747848
  endloop
endfacet
facet normal -1.213973620321286e-15 -1.0 -2.7661962643485344e-13
  outer loop
    vertex -32.87494125924579 -22.589775739844526 29.10133378513802
    vertex -22.647782558981554 -22.589775739846473 37.19457591747774
    vertex -22.67504189795029 -22.589775739846523 37.40163115355976
  endloop
endfacet
facet normal -1.213973620321286e-15 -1.0 -2.7661962643485344e-13
  outer loop
    vertex -22.647782558981554 -22.589775739846473 37.19457591747774
    vertex -32.87494125924579 -22.589775739844526 29.10133378513802
    vertex -22.567862220977837 -22.589775739846427 37.001631153559764
  endloop
endfacet
facet normal -1.213973620321286e-15 -1.0 -2.7661962643485344e-13
  outer loop
    vertex -22.567862220977837 -22.589775739846427 37.001631153559764
    vertex -32.87494125924579 -22.589775739844526 29.10133378513802
    vertex -22.440727322899527 -22.589775739846388 36.835945728610525
  endloop
endfacet
facet normal -1.213973620321286e-15 -1.0 -2.7661962643485344e-13
  outer loop
    vertex -22.440727322899527 -22.589775739846388 36.835945728610525
    vertex -32.87494125924579 -22.589775739844526 29.10133378513802
    vertex -22.27504189795029 -22.589775739846356 36.708810830532215
  endloop
endfacet
facet normal -1.213973620321286e-15 -1.0 -2.7661962643485344e-13
  outer loop
    vertex -22.27504189795029 -22.589775739846356 36.708810830532215
    vertex -32.87494125924579 -22.589775739844526 29.10133378513802
    vertex -22.08209713403232 -22.58977573984634 36.62889049252851
  endloop
endfacet
facet normal -1.213973620321286e-15 -1.0 -2.7661962643485344e-13
  outer loop
    vertex -22.08209713403232 -22.58977573984634 36.62889049252851
    vertex -32.87494125924579 -22.589775739844526 29.10133378513802
    vertex 0.12505872395775203 -22.589775739844473 29.102543458362145
  endloop
endfacet
facet normal -1.213973620321286e-15 -1.0 -2.7661962643485344e-13
  outer loop
    vertex -22.08209713403232 -22.58977573984634 36.62889049252851
    vertex 0.12505872395775203 -22.589775739844473 29.102543458362145
    vertex -21.875041897950293 -22.589775739846328 36.601631153559765
  endloop
endfacet
facet normal -1.213973620321286e-15 -1.0 -2.7661962643485344e-13
  outer loop
    vertex -21.875041897950293 -22.589775739846328 36.601631153559765
    vertex 0.12505872395775203 -22.589775739844473 29.102543458362145
    vertex -21.667986661868266 -22.58977573984634 36.62889049252851
  endloop
endfacet
facet normal -1.213973620321286e-15 -1.0 -2.7661962643485344e-13
  outer loop
    vertex -21.667986661868266 -22.58977573984634 36.62889049252851
    vertex 0.12505872395775203 -22.589775739844473 29.102543458362145
    vertex -21.475041897950295 -22.589775739846353 36.708810830532215
  endloop
endfacet
facet normal -1.213973620321286e-15 -1.0 -2.7661962643485344e-13
  outer loop
    vertex -21.475041897950295 -22.589775739846353 36.708810830532215
    vertex 0.12505872395775203 -22.589775739844473 29.102543458362145
    vertex -21.30935647300106 -22.589775739846385 36.835945728610525
  endloop
endfacet
facet normal -1.213973620321286e-15 -1.0 -2.7661962643485344e-13
  outer loop
    vertex -21.30935647300106 -22.589775739846385 36.835945728610525
    vertex 0.12505872395775203 -22.589775739844473 29.102543458362145
    vertex -21.18222157492275 -22.589775739846424 37.001631153559764
  endloop
endfacet
facet normal -1.213973620321286e-15 -1.0 -2.7661962643485344e-13
  outer loop
    vertex -21.18222157492275 -22.589775739846424 37.001631153559764
    vertex 0.12505872395775203 -22.589775739844473 29.102543458362145
    vertex -21.102301236919033 -22.589775739846473 37.19457591747774
  endloop
endfacet
facet normal -1.213973620321286e-15 -1.0 -2.7661962643485344e-13
  outer loop
    vertex -21.102301236919033 -22.589775739846473 37.19457591747774
    vertex 0.12505872395775203 -22.589775739844473 29.102543458362145
    vertex -21.075041897950296 -22.58977573984652 37.40163115355976
  endloop
endfacet
facet normal -1.213973620321286e-15 -1.0 -2.7661962643485344e-13
  outer loop
    vertex -21.075041897950296 -22.58977573984652 37.40163115355976
    vertex 0.12505872395775203 -22.589775739844473 29.102543458362145
    vertex -15.810804042237683 -22.589775739847735 40.30115810713473
  endloop
endfacet
facet normal -1.213973620321286e-15 -1.0 -2.7661962643485344e-13
  outer loop
    vertex -15.810804042237683 -22.589775739847735 40.30115810713473
    vertex 0.12505872395775203 -22.589775739844473 29.102543458362145
    vertex 0.12505974215143162 -22.589775739844985 31.1013617212369
  endloop
endfacet
facet normal -1.213973620321286e-15 -1.0 -2.7661962643485344e-13
  outer loop
    vertex -32.87507705537338 -22.5897757398474 40.30119163630537
    vertex -22.08209713403232 -22.58977573984671 38.17437181459101
    vertex -15.810804042237683 -22.589775739847735 40.30115810713473
  endloop
endfacet
facet normal -1.213973620321286e-15 -1.0 -2.7661962643485344e-13
  outer loop
    vertex -22.08209713403232 -22.58977573984671 38.17437181459101
    vertex -32.87507705537338 -22.5897757398474 40.30119163630537
    vertex -22.27504189795029 -22.589775739846694 38.09445147658731
  endloop
endfacet
facet normal -1.213973620321286e-15 -1.0 -2.7661962643485344e-13
  outer loop
    vertex -22.27504189795029 -22.589775739846694 38.09445147658731
    vertex -32.87507705537338 -22.5897757398474 40.30119163630537
    vertex -22.440727322899527 -22.58977573984666 37.967316578509
  endloop
endfacet
facet normal -1.213973620321286e-15 -1.0 -2.7661962643485344e-13
  outer loop
    vertex -22.440727322899527 -22.58977573984666 37.967316578509
    vertex -32.87507705537338 -22.5897757398474 40.30119163630537
    vertex -32.87494125924579 -22.589775739844526 29.10133378513802
  endloop
endfacet
facet normal -1.213973620321286e-15 -1.0 -2.7661962643485344e-13
  outer loop
    vertex -22.440727322899527 -22.58977573984666 37.967316578509
    vertex -32.87494125924579 -22.589775739844526 29.10133378513802
    vertex -22.567862220977837 -22.58977573984662 37.80163115355976
  endloop
endfacet
facet normal -1.213973620321286e-15 -1.0 -2.7661962643485344e-13
  outer loop
    vertex -22.567862220977837 -22.58977573984662 37.80163115355976
    vertex -32.87494125924579 -22.589775739844526 29.10133378513802
    vertex -22.647782558981554 -22.589775739846573 37.608686389641775
  endloop
endfacet
facet normal -1.213973620321286e-15 -1.0 -2.7661962643485344e-13
  outer loop
    vertex -22.647782558981554 -22.589775739846573 37.608686389641775
    vertex -32.87494125924579 -22.589775739844526 29.10133378513802
    vertex -22.67504189795029 -22.589775739846523 37.40163115355976
  endloop
endfacet
facet normal -1.213973620321286e-15 -1.0 -2.7661962643485344e-13
  outer loop
    vertex -15.810804042237683 -22.589775739847735 40.30115810713473
    vertex -22.08209713403232 -22.58977573984671 38.17437181459101
    vertex -21.875041897950293 -22.58977573984672 38.20163115355976
  endloop
endfacet
facet normal -1.213973620321286e-15 -1.0 -2.7661962643485344e-13
  outer loop
    vertex -15.810804042237683 -22.589775739847735 40.30115810713473
    vertex -21.875041897950293 -22.58977573984672 38.20163115355976
    vertex -21.667986661868287 -22.589775739846708 38.17437181459101
  endloop
endfacet
facet normal -1.213973620321286e-15 -1.0 -2.7661962643485344e-13
  outer loop
    vertex -15.810804042237683 -22.589775739847735 40.30115810713473
    vertex -21.667986661868287 -22.589775739846708 38.17437181459101
    vertex -21.475041897950295 -22.58977573984669 38.09445147658731
  endloop
endfacet
facet normal -1.213973620321286e-15 -1.0 -2.7661962643485344e-13
  outer loop
    vertex -15.810804042237683 -22.589775739847735 40.30115810713473
    vertex -21.475041897950295 -22.58977573984669 38.09445147658731
    vertex -21.30935647300106 -22.58977573984666 37.967316578509
  endloop
endfacet
facet normal -1.213973620321286e-15 -1.0 -2.7661962643485344e-13
  outer loop
    vertex -15.810804042237683 -22.589775739847735 40.30115810713473
    vertex -21.30935647300106 -22.58977573984666 37.967316578509
    vertex -21.18222157492275 -22.589775739846615 37.80163115355976
  endloop
endfacet
facet normal -1.213973620321286e-15 -1.0 -2.7661962643485344e-13
  outer loop
    vertex -15.810804042237683 -22.589775739847735 40.30115810713473
    vertex -21.18222157492275 -22.589775739846615 37.80163115355976
    vertex -21.102301236919033 -22.58977573984657 37.608686389641775
  endloop
endfacet
facet normal -1.213973620321286e-15 -1.0 -2.7661962643485344e-13
  outer loop
    vertex -15.810804042237683 -22.589775739847735 40.30115810713473
    vertex -21.102301236919033 -22.58977573984657 37.608686389641775
    vertex -21.075041897950296 -22.58977573984652 37.40163115355976
  endloop
endfacet
facet normal -0.3826834323651059 -2.242542330262708e-13 0.9238795325112803
  outer loop
    vertex -21.667986661868266 -22.58977573984634 36.62889049252851
    vertex -21.47504189795027 -19.589778913355698 36.70881083053295
    vertex -21.66798666186824 -19.589778913355676 36.628890492529244
  endloop
endfacet
facet normal -0.3826834323651059 -2.242542330262708e-13 0.9238795325112803
  outer loop
    vertex -21.47504189795027 -19.589778913355698 36.70881083053295
    vertex -21.667986661868266 -22.58977573984634 36.62889049252851
    vertex -21.475041897950295 -22.589775739846353 36.708810830532215
  endloop
endfacet
facet normal -0.6087614290087265 -1.9272348952373047e-13 0.7933533402912306
  outer loop
    vertex -21.475041897950295 -22.589775739846353 36.708810830532215
    vertex -21.30935647300103 -19.58977891335573 36.83594572861126
    vertex -21.47504189795027 -19.589778913355698 36.70881083053295
  endloop
endfacet
facet normal -0.6087614290087265 -1.9272348952373047e-13 0.7933533402912306
  outer loop
    vertex -21.30935647300103 -19.58977891335573 36.83594572861126
    vertex -21.475041897950295 -22.589775739846353 36.708810830532215
    vertex -21.30935647300106 -22.589775739846385 36.835945728610525
  endloop
endfacet
facet normal -0.9238795325112594 -9.330445452137207e-14 0.38268343236515584
  outer loop
    vertex -21.102301236919033 -22.589775739846473 37.19457591747774
    vertex -21.182221574922725 -19.58977891335577 37.001631153560496
    vertex -21.18222157492275 -22.589775739846424 37.001631153559764
  endloop
endfacet
facet normal -0.9238795325112594 -9.330445452137207e-14 0.38268343236515584
  outer loop
    vertex -21.182221574922725 -19.58977891335577 37.001631153560496
    vertex -21.102301236919033 -22.589775739846473 37.19457591747774
    vertex -21.102301236919004 -19.58977891335581 37.19457591747848
  endloop
endfacet
facet normal -0.991444861373816 -3.219140595919949e-14 0.1305261922200097
  outer loop
    vertex -21.075041897950296 -22.58977573984652 37.40163115355976
    vertex -21.102301236919004 -19.58977891335581 37.19457591747848
    vertex -21.102301236919033 -22.589775739846473 37.19457591747774
  endloop
endfacet
facet normal -0.991444861373816 -3.219140595919949e-14 0.1305261922200097
  outer loop
    vertex -21.102301236919004 -19.58977891335581 37.19457591747848
    vertex -21.075041897950296 -22.58977573984652 37.40163115355976
    vertex -21.075041897950268 -19.589778913355865 37.401631153560494
  endloop
endfacet
facet normal -0.7933533402912437 1.4719796662435654e-13 -0.6087614290087096
  outer loop
    vertex -21.30935647300106 -22.58977573984666 37.967316578509
    vertex -21.182221574922725 -19.58977891335596 37.80163115356049
    vertex -21.18222157492275 -22.589775739846615 37.80163115355976
  endloop
endfacet
facet normal -0.7933533402912437 1.4719796662435654e-13 -0.6087614290087096
  outer loop
    vertex -21.182221574922725 -19.58977891335596 37.80163115356049
    vertex -21.30935647300106 -22.58977573984666 37.967316578509
    vertex -21.30935647300103 -19.589778913356003 37.96731657850973
  endloop
endfacet
facet normal 0.6087614290087265 -1.9206282706706163e-13 0.7933533402912306
  outer loop
    vertex -22.4407273228995 -19.58977891335573 36.83594572861126
    vertex -22.27504189795029 -22.589775739846356 36.708810830532215
    vertex -22.275041897950267 -19.589778913355698 36.70881083053295
  endloop
endfacet
facet normal 0.6087614290087265 -1.9206282706706163e-13 0.7933533402912306
  outer loop
    vertex -22.27504189795029 -22.589775739846356 36.708810830532215
    vertex -22.4407273228995 -19.58977891335573 36.83594572861126
    vertex -22.440727322899527 -22.589775739846388 36.835945728610525
  endloop
endfacet
facet normal -0.9238795325112594 9.230180801236306e-14 -0.38268343236515584
  outer loop
    vertex -21.18222157492275 -22.589775739846615 37.80163115355976
    vertex -21.102301236919004 -19.58977891335591 37.60868638964251
    vertex -21.102301236919033 -22.58977573984657 37.608686389641775
  endloop
endfacet
facet normal -0.9238795325112594 9.230180801236306e-14 -0.38268343236515584
  outer loop
    vertex -21.102301236919004 -19.58977891335591 37.60868638964251
    vertex -21.18222157492275 -22.589775739846615 37.80163115355976
    vertex -21.182221574922725 -19.58977891335596 37.80163115356049
  endloop
endfacet
facet normal 0.1305261922200558 -2.4036076671312054e-13 0.99144486137381
  outer loop
    vertex -22.082097134032296 -19.589778913355676 36.628890492529244
    vertex -21.875041897950293 -22.589775739846328 36.601631153559765
    vertex -21.87504189795027 -19.589778913355673 36.6016311535605
  endloop
endfacet
facet normal 0.1305261922200558 -2.4036076671312054e-13 0.99144486137381
  outer loop
    vertex -21.875041897950293 -22.589775739846328 36.601631153559765
    vertex -22.082097134032296 -19.589778913355676 36.628890492529244
    vertex -22.08209713403232 -22.58977573984634 36.62889049252851
  endloop
endfacet
facet normal 0.1305261922200558 2.405024211457152e-13 -0.99144486137381
  outer loop
    vertex -21.87504189795027 -19.58977891335606 38.20163115356049
    vertex -22.08209713403232 -22.58977573984671 38.17437181459101
    vertex -22.082097134032296 -19.589778913356053 38.174371814591744
  endloop
endfacet
facet normal 0.1305261922200558 2.405024211457152e-13 -0.99144486137381
  outer loop
    vertex -22.08209713403232 -22.58977573984671 38.17437181459101
    vertex -21.87504189795027 -19.58977891335606 38.20163115356049
    vertex -21.875041897950293 -22.58977573984672 38.20163115355976
  endloop
endfacet
facet normal -0.7933533402912437 -1.4805895870077097e-13 0.6087614290087096
  outer loop
    vertex -21.18222157492275 -22.589775739846424 37.001631153559764
    vertex -21.30935647300103 -19.58977891335573 36.83594572861126
    vertex -21.30935647300106 -22.589775739846385 36.835945728610525
  endloop
endfacet
facet normal -0.7933533402912437 -1.4805895870077097e-13 0.6087614290087096
  outer loop
    vertex -21.30935647300103 -19.58977891335573 36.83594572861126
    vertex -21.18222157492275 -22.589775739846424 37.001631153559764
    vertex -21.182221574922725 -19.58977891335577 37.001631153560496
  endloop
endfacet
facet normal -0.991444861373816 3.1115433720233067e-14 -0.1305261922200097
  outer loop
    vertex -21.102301236919033 -22.58977573984657 37.608686389641775
    vertex -21.075041897950268 -19.589778913355865 37.401631153560494
    vertex -21.075041897950296 -22.58977573984652 37.40163115355976
  endloop
endfacet
facet normal -0.991444861373816 3.1115433720233067e-14 -0.1305261922200097
  outer loop
    vertex -21.075041897950268 -19.589778913355865 37.401631153560494
    vertex -21.102301236919033 -22.58977573984657 37.608686389641775
    vertex -21.102301236919004 -19.58977891335591 37.60868638964251
  endloop
endfacet
facet normal 0.7933533402912437 -1.4719796662435654e-13 0.6087614290087096
  outer loop
    vertex -22.4407273228995 -19.58977891335573 36.83594572861126
    vertex -22.567862220977837 -22.589775739846427 37.001631153559764
    vertex -22.440727322899527 -22.589775739846388 36.835945728610525
  endloop
endfacet
facet normal 0.7933533402912437 -1.4719796662435654e-13 0.6087614290087096
  outer loop
    vertex -22.567862220977837 -22.589775739846427 37.001631153559764
    vertex -22.4407273228995 -19.58977891335573 36.83594572861126
    vertex -22.56786222097781 -19.58977891335577 37.001631153560496
  endloop
endfacet
facet normal -0.3826834323650677 2.2383892324397701e-13 -0.9238795325112961
  outer loop
    vertex -21.475041897950295 -22.58977573984669 38.09445147658731
    vertex -21.667986661868262 -19.589778913356053 38.174371814591744
    vertex -21.47504189795027 -19.58977891335603 38.09445147658804
  endloop
endfacet
facet normal -0.3826834323650677 2.2383892324397701e-13 -0.9238795325112961
  outer loop
    vertex -21.667986661868262 -19.589778913356053 38.174371814591744
    vertex -21.475041897950295 -22.58977573984669 38.09445147658731
    vertex -21.667986661868287 -22.589775739846708 38.17437181459101
  endloop
endfacet
facet normal 0.6087614290087265 1.9272348952373047e-13 -0.7933533402912306
  outer loop
    vertex -22.275041897950267 -19.58977891335603 38.09445147658804
    vertex -22.440727322899527 -22.58977573984666 37.967316578509
    vertex -22.4407273228995 -19.589778913356003 37.96731657850973
  endloop
endfacet
facet normal 0.6087614290087265 1.9272348952373047e-13 -0.7933533402912306
  outer loop
    vertex -22.440727322899527 -22.58977573984666 37.967316578509
    vertex -22.275041897950267 -19.58977891335603 38.09445147658804
    vertex -22.27504189795029 -22.589775739846694 38.09445147658731
  endloop
endfacet
facet normal 0.3826834323651059 2.242542330262708e-13 -0.9238795325112803
  outer loop
    vertex -22.082097134032296 -19.589778913356053 38.174371814591744
    vertex -22.27504189795029 -22.589775739846694 38.09445147658731
    vertex -22.275041897950267 -19.58977891335603 38.09445147658804
  endloop
endfacet
facet normal 0.3826834323651059 2.242542330262708e-13 -0.9238795325112803
  outer loop
    vertex -22.27504189795029 -22.589775739846694 38.09445147658731
    vertex -22.082097134032296 -19.589778913356053 38.174371814591744
    vertex -22.08209713403232 -22.58977573984671 38.17437181459101
  endloop
endfacet
facet normal 0.7933533402912437 1.4805895870077097e-13 -0.6087614290087096
  outer loop
    vertex -22.56786222097781 -19.58977891335596 37.80163115356049
    vertex -22.440727322899527 -22.58977573984666 37.967316578509
    vertex -22.567862220977837 -22.58977573984662 37.80163115355976
  endloop
endfacet
facet normal 0.7933533402912437 1.4805895870077097e-13 -0.6087614290087096
  outer loop
    vertex -22.440727322899527 -22.58977573984666 37.967316578509
    vertex -22.56786222097781 -19.58977891335596 37.80163115356049
    vertex -22.4407273228995 -19.589778913356003 37.96731657850973
  endloop
endfacet
facet normal 0.9238795325112594 9.330445452137207e-14 -0.38268343236515584
  outer loop
    vertex -22.64778255898153 -19.589778913355914 37.60868638964251
    vertex -22.567862220977837 -22.58977573984662 37.80163115355976
    vertex -22.647782558981554 -22.589775739846573 37.608686389641775
  endloop
endfacet
facet normal 0.9238795325112594 9.330445452137207e-14 -0.38268343236515584
  outer loop
    vertex -22.567862220977837 -22.58977573984662 37.80163115355976
    vertex -22.64778255898153 -19.589778913355914 37.60868638964251
    vertex -22.56786222097781 -19.58977891335596 37.80163115356049
  endloop
endfacet
facet normal -0.6087614290087265 1.9206282706706163e-13 -0.7933533402912306
  outer loop
    vertex -21.30935647300106 -22.58977573984666 37.967316578509
    vertex -21.47504189795027 -19.58977891335603 38.09445147658804
    vertex -21.30935647300103 -19.589778913356003 37.96731657850973
  endloop
endfacet
facet normal -0.6087614290087265 1.9206282706706163e-13 -0.7933533402912306
  outer loop
    vertex -21.47504189795027 -19.58977891335603 38.09445147658804
    vertex -21.30935647300106 -22.58977573984666 37.967316578509
    vertex -21.475041897950295 -22.58977573984669 38.09445147658731
  endloop
endfacet
facet normal 0.3826834323651059 -2.238389232439732e-13 0.9238795325112803
  outer loop
    vertex -22.275041897950267 -19.589778913355698 36.70881083053295
    vertex -22.08209713403232 -22.58977573984634 36.62889049252851
    vertex -22.082097134032296 -19.589778913355676 36.628890492529244
  endloop
endfacet
facet normal 0.3826834323651059 -2.238389232439732e-13 0.9238795325112803
  outer loop
    vertex -22.08209713403232 -22.58977573984634 36.62889049252851
    vertex -22.275041897950267 -19.589778913355698 36.70881083053295
    vertex -22.27504189795029 -22.589775739846356 36.708810830532215
  endloop
endfacet
facet normal -0.1305261922200558 -2.405024211457152e-13 0.99144486137381
  outer loop
    vertex -21.875041897950293 -22.589775739846328 36.601631153559765
    vertex -21.66798666186824 -19.589778913355676 36.628890492529244
    vertex -21.87504189795027 -19.589778913355673 36.6016311535605
  endloop
endfacet
facet normal -0.1305261922200558 -2.405024211457152e-13 0.99144486137381
  outer loop
    vertex -21.66798666186824 -19.589778913355676 36.628890492529244
    vertex -21.875041897950293 -22.589775739846328 36.601631153559765
    vertex -21.667986661868266 -22.58977573984634 36.62889049252851
  endloop
endfacet
facet normal -0.13052619222006975 2.4036076671312003e-13 -0.991444861373808
  outer loop
    vertex -21.667986661868287 -22.589775739846708 38.17437181459101
    vertex -21.87504189795027 -19.58977891335606 38.20163115356049
    vertex -21.667986661868262 -19.589778913356053 38.174371814591744
  endloop
endfacet
facet normal -0.13052619222006975 2.4036076671312003e-13 -0.991444861373808
  outer loop
    vertex -21.87504189795027 -19.58977891335606 38.20163115356049
    vertex -21.667986661868287 -22.589775739846708 38.17437181459101
    vertex -21.875041897950293 -22.58977573984672 38.20163115355976
  endloop
endfacet
facet normal 0.991444861373816 3.219140595919949e-14 -0.1305261922200097
  outer loop
    vertex -22.675041897950265 -19.589778913355865 37.401631153560494
    vertex -22.647782558981554 -22.589775739846573 37.608686389641775
    vertex -22.67504189795029 -22.589775739846523 37.40163115355976
  endloop
endfacet
facet normal 0.991444861373816 3.219140595919949e-14 -0.1305261922200097
  outer loop
    vertex -22.647782558981554 -22.589775739846573 37.608686389641775
    vertex -22.675041897950265 -19.589778913355865 37.401631153560494
    vertex -22.64778255898153 -19.589778913355914 37.60868638964251
  endloop
endfacet
facet normal 0.991444861373816 -3.1115433720233067e-14 0.1305261922200097
  outer loop
    vertex -22.64778255898153 -19.589778913355815 37.19457591747848
    vertex -22.67504189795029 -22.589775739846523 37.40163115355976
    vertex -22.647782558981554 -22.589775739846473 37.19457591747774
  endloop
endfacet
facet normal 0.991444861373816 -3.1115433720233067e-14 0.1305261922200097
  outer loop
    vertex -22.67504189795029 -22.589775739846523 37.40163115355976
    vertex -22.64778255898153 -19.589778913355815 37.19457591747848
    vertex -22.675041897950265 -19.589778913355865 37.401631153560494
  endloop
endfacet
facet normal 0.13052619221785108 -2.367352023368234e-13 0.9914448613741002
  outer loop
    vertex -30.581970807838672 -1.5898062801907074 36.62862360712905
    vertex -30.374915571756688 -4.589806275610196 36.601364268160054
    vertex -30.3749155717566 -1.5898062801907016 36.601364268160765
  endloop
endfacet
facet normal 0.13052619221785108 -2.367352023368234e-13 0.9914448613741002
  outer loop
    vertex -30.374915571756688 -4.589806275610196 36.601364268160054
    vertex -30.581970807838672 -1.5898062801907074 36.62862360712905
    vertex -30.58197080783876 -4.589806275610202 36.62862360712834
  endloop
endfacet
facet normal 0.3826834323630254 -2.2003737136008351e-13 0.9238795325121419
  outer loop
    vertex -30.774915571756825 -1.5898062801907242 36.70854394513232
    vertex -30.58197080783876 -4.589806275610202 36.62862360712834
    vertex -30.581970807838672 -1.5898062801907074 36.62862360712905
  endloop
endfacet
facet normal 0.3826834323630254 -2.2003737136008351e-13 0.9238795325121419
  outer loop
    vertex -30.58197080783876 -4.589806275610202 36.62862360712834
    vertex -30.774915571756825 -1.5898062801907242 36.70854394513232
    vertex -30.774915571756914 -4.589806275610219 36.70854394513161
  endloop
endfacet
facet normal 0.9238795325104494 -8.948679357297031e-14 0.3826834323671115
  outer loop
    vertex -31.06773589478504 -1.589806280190798 37.001364268159215
    vertex -31.14765623278926 -4.589806275610338 37.19430903207631
    vertex -31.067735894785134 -4.589806275610293 37.001364268158504
  endloop
endfacet
facet normal 0.9238795325104494 -8.948679357297031e-14 0.3826834323671115
  outer loop
    vertex -31.14765623278926 -4.589806275610338 37.19430903207631
    vertex -31.06773589478504 -1.589806280190798 37.001364268159215
    vertex -31.14765623278917 -1.5898062801908432 37.19430903207702
  endloop
endfacet
facet normal 0.7933533402898565 -1.4381598626184219e-13 0.6087614290105176
  outer loop
    vertex -30.94060099670635 -1.589806280190758 36.83567884321026
    vertex -31.067735894785134 -4.589806275610293 37.001364268158504
    vertex -30.940600996706443 -4.589806275610253 36.83567884320955
  endloop
endfacet
facet normal 0.7933533402898565 -1.4381598626184219e-13 0.6087614290105176
  outer loop
    vertex -31.067735894785134 -4.589806275610293 37.001364268158504
    vertex -30.94060099670635 -1.589806280190758 36.83567884321026
    vertex -31.06773589478504 -1.589806280190798 37.001364268159215
  endloop
endfacet
facet normal 0.6087614290069264 -1.8834435715410654e-13 0.7933533402926118
  outer loop
    vertex -30.94060099670635 -1.589806280190758 36.83567884321026
    vertex -30.774915571756914 -4.589806275610219 36.70854394513161
    vertex -30.774915571756825 -1.5898062801907242 36.70854394513232
  endloop
endfacet
facet normal 0.6087614290069264 -1.8834435715410654e-13 0.7933533402926118
  outer loop
    vertex -30.774915571756914 -4.589806275610219 36.70854394513161
    vertex -30.94060099670635 -1.589806280190758 36.83567884321026
    vertex -30.940600996706443 -4.589806275610253 36.83567884320955
  endloop
endfacet
facet normal -0.7933533402925789 -1.472484087638485e-13 0.6087614290069696
  outer loop
    vertex -29.682095248730025 -4.589806275610288 37.001364268161595
    vertex -29.80923014680788 -1.5898062801907535 36.83567884321279
    vertex -29.809230146807973 -4.589806275610248 36.83567884321208
  endloop
endfacet
facet normal -0.7933533402925789 -1.472484087638485e-13 0.6087614290069696
  outer loop
    vertex -29.80923014680788 -1.5898062801907535 36.83567884321279
    vertex -29.682095248730025 -4.589806275610288 37.001364268161595
    vertex -29.682095248729937 -1.5898062801907933 37.001364268162305
  endloop
endfacet
facet normal 0.1305261922222745 2.372999204977291e-13 -0.991444861373518
  outer loop
    vertex -30.374915571760162 -1.5898062801910826 38.20136426816076
    vertex -30.58197080784221 -4.589806275610572 38.17410492919084
    vertex -30.581970807842122 -1.589806280191077 38.17410492919155
  endloop
endfacet
facet normal 0.1305261922222745 2.372999204977291e-13 -0.991444861373518
  outer loop
    vertex -30.58197080784221 -4.589806275610572 38.17410492919084
    vertex -30.374915571760162 -1.5898062801910826 38.20136426816076
    vertex -30.374915571760255 -4.589806275610578 38.20136426816005
  endloop
endfacet
facet normal -0.9238795325104455 8.94867935729726e-14 -0.38268343236712116
  outer loop
    vertex -29.68209524873181 -4.589806275610481 37.8013642681616
    vertex -29.60217491072759 -1.5898062801909356 37.6084195042445
    vertex -29.602174910727683 -4.58980627561043 37.60841950424379
  endloop
endfacet
facet normal -0.9238795325104455 8.94867935729726e-14 -0.38268343236712116
  outer loop
    vertex -29.60217491072759 -1.5898062801909356 37.6084195042445
    vertex -29.68209524873181 -4.589806275610481 37.8013642681616
    vertex -29.68209524873172 -1.5898062801909867 37.80136426816231
  endloop
endfacet
facet normal -0.9914448613741007 -3.334868407927493e-14 0.1305261922178476
  outer loop
    vertex -29.574915571758474 -4.589806275610385 37.40136426816184
    vertex -29.602174910726667 -1.5898062801908388 37.194309032080476
    vertex -29.602174910726756 -4.589806275610334 37.194309032079765
  endloop
endfacet
facet normal -0.9914448613741007 -3.334868407927493e-14 0.1305261922178476
  outer loop
    vertex -29.602174910726667 -1.5898062801908388 37.194309032080476
    vertex -29.574915571758474 -4.589806275610385 37.40136426816184
    vertex -29.574915571758382 -1.5898062801908899 37.40136426816255
  endloop
endfacet
facet normal 0.9238795325121499 9.348393423588838e-14 -0.38268343236300634
  outer loop
    vertex -31.147656232790094 -1.5898062801909398 37.608419504241056
    vertex -31.067735894786917 -4.5898062756104805 37.80136426815851
    vertex -31.147656232790183 -4.589806275610434 37.608419504240345
  endloop
endfacet
facet normal 0.9238795325121499 9.348393423588838e-14 -0.38268343236300634
  outer loop
    vertex -31.067735894786917 -4.5898062756104805 37.80136426815851
    vertex -31.147656232790094 -1.5898062801909398 37.608419504241056
    vertex -31.067735894786825 -1.5898062801909854 37.80136426815922
  endloop
endfacet
facet normal -0.6087614290069435 1.8834435715410344e-13 -0.793353340292599
  outer loop
    vertex -29.8092301468105 -4.589806275610521 37.96704969311055
    vertex -29.974915571759936 -1.5898062801910549 38.094184591189205
    vertex -29.80923014681041 -1.5898062801910262 37.967049693111264
  endloop
endfacet
facet normal -0.6087614290069435 1.8834435715410344e-13 -0.793353340292599
  outer loop
    vertex -29.974915571759936 -1.5898062801910549 38.094184591189205
    vertex -29.8092301468105 -4.589806275610521 37.96704969311055
    vertex -29.97491557176003 -4.58980627561055 38.094184591188494
  endloop
endfacet
facet normal 0.7933533402925789 1.472484087638485e-13 -0.6087614290069696
  outer loop
    vertex -31.067735894786825 -1.5898062801909854 37.80136426815922
    vertex -30.94060099670897 -4.58980627561052 37.967049693108024
    vertex -31.067735894786917 -4.5898062756104805 37.80136426815851
  endloop
endfacet
facet normal 0.7933533402925789 1.472484087638485e-13 -0.6087614290069696
  outer loop
    vertex -30.94060099670897 -4.58980627561052 37.967049693108024
    vertex -31.067735894786825 -1.5898062801909854 37.80136426815922
    vertex -30.94060099670888 -1.5898062801910255 37.967049693108734
  endloop
endfacet
facet normal -0.9914448613735173 2.905922378604732e-14 -0.13052619222227793
  outer loop
    vertex -29.602174910727683 -4.58980627561043 37.60841950424379
    vertex -29.574915571758382 -1.5898062801908899 37.40136426816255
    vertex -29.574915571758474 -4.589806275610385 37.40136426816184
  endloop
endfacet
facet normal -0.9914448613735173 2.905922378604732e-14 -0.13052619222227793
  outer loop
    vertex -29.574915571758382 -1.5898062801908899 37.40136426816255
    vertex -29.602174910727683 -4.58980627561043 37.60841950424379
    vertex -29.60217491072759 -1.5898062801909356 37.6084195042445
  endloop
endfacet
facet normal -0.6087614290105267 -1.909781475740328e-13 0.7933533402898494
  outer loop
    vertex -29.974915571756917 -4.589806275610219 36.70854394513339
    vertex -29.80923014680788 -1.5898062801907535 36.83567884321279
    vertex -29.974915571756824 -1.5898062801907245 36.7085439451341
  endloop
endfacet
facet normal -0.6087614290105267 -1.909781475740328e-13 0.7933533402898494
  outer loop
    vertex -29.80923014680788 -1.5898062801907535 36.83567884321279
    vertex -29.974915571756917 -4.589806275610219 36.70854394513339
    vertex -29.809230146807973 -4.589806275610248 36.83567884321208
  endloop
endfacet
facet normal -0.1305261922222745 -2.372999204977291e-13 0.991444861373518
  outer loop
    vertex -30.374915571756688 -4.589806275610196 36.601364268160054
    vertex -30.16786033567464 -1.5898062801907076 36.628623607129974
    vertex -30.3749155717566 -1.5898062801907016 36.601364268160765
  endloop
endfacet
facet normal -0.1305261922222745 -2.372999204977291e-13 0.991444861373518
  outer loop
    vertex -30.16786033567464 -1.5898062801907076 36.628623607129974
    vertex -30.374915571756688 -4.589806275610196 36.601364268160054
    vertex -30.167860335674728 -4.5898062756102025 36.62862360712926
  endloop
endfacet
facet normal 0.6087614290105267 1.909781475740328e-13 -0.7933533402898494
  outer loop
    vertex -30.774915571759937 -1.5898062801910597 38.09418459118742
    vertex -30.94060099670897 -4.58980627561052 37.967049693108024
    vertex -30.94060099670888 -1.5898062801910255 37.967049693108734
  endloop
endfacet
facet normal 0.6087614290105267 1.909781475740328e-13 -0.7933533402898494
  outer loop
    vertex -30.94060099670897 -4.58980627561052 37.967049693108024
    vertex -30.774915571759937 -1.5898062801910597 38.09418459118742
    vertex -30.774915571760026 -4.589806275610554 38.09418459118671
  endloop
endfacet
facet normal -0.7933533402898565 1.4381598626184219e-13 -0.6087614290105176
  outer loop
    vertex -29.8092301468105 -4.589806275610521 37.96704969311055
    vertex -29.68209524873172 -1.5898062801909867 37.80136426816231
    vertex -29.68209524873181 -4.589806275610481 37.8013642681616
  endloop
endfacet
facet normal -0.7933533402898565 1.4381598626184219e-13 -0.6087614290105176
  outer loop
    vertex -29.68209524873172 -1.5898062801909867 37.80136426816231
    vertex -29.8092301468105 -4.589806275610521 37.96704969311055
    vertex -29.80923014681041 -1.5898062801910262 37.967049693111264
  endloop
endfacet
facet normal -0.3826834323630254 2.2003737136008351e-13 -0.9238795325121419
  outer loop
    vertex -29.97491557176003 -4.58980627561055 38.094184591188494
    vertex -30.16786033567809 -1.5898062801910773 38.174104929192474
    vertex -29.974915571759936 -1.5898062801910549 38.094184591189205
  endloop
endfacet
facet normal -0.3826834323630254 2.2003737136008351e-13 -0.9238795325121419
  outer loop
    vertex -30.16786033567809 -1.5898062801910773 38.174104929192474
    vertex -29.97491557176003 -4.58980627561055 38.094184591188494
    vertex -30.16786033567818 -4.589806275610572 38.17410492919176
  endloop
endfacet
facet normal -0.382683432367125 -2.216930412333776e-13 0.9238795325104437
  outer loop
    vertex -30.167860335674728 -4.5898062756102025 36.62862360712926
    vertex -29.974915571756824 -1.5898062801907245 36.7085439451341
    vertex -30.16786033567464 -1.5898062801907076 36.628623607129974
  endloop
endfacet
facet normal -0.382683432367125 -2.216930412333776e-13 0.9238795325104437
  outer loop
    vertex -29.974915571756824 -1.5898062801907245 36.7085439451341
    vertex -30.167860335674728 -4.5898062756102025 36.62862360712926
    vertex -29.974915571756917 -4.589806275610219 36.70854394513339
  endloop
endfacet
facet normal 0.382683432367125 2.216930412333776e-13 -0.9238795325104437
  outer loop
    vertex -30.581970807842122 -1.589806280191077 38.17410492919155
    vertex -30.774915571760026 -4.589806275610554 38.09418459118671
    vertex -30.774915571759937 -1.5898062801910597 38.09418459118742
  endloop
endfacet
facet normal 0.382683432367125 2.216930412333776e-13 -0.9238795325104437
  outer loop
    vertex -30.774915571760026 -4.589806275610554 38.09418459118671
    vertex -30.581970807842122 -1.589806280191077 38.17410492919155
    vertex -30.58197080784221 -4.589806275610572 38.17410492919084
  endloop
endfacet
facet normal -0.13052619221785108 2.367352023368234e-13 -0.9914448613741002
  outer loop
    vertex -30.16786033567818 -4.589806275610572 38.17410492919176
    vertex -30.374915571760162 -1.5898062801910826 38.20136426816076
    vertex -30.16786033567809 -1.5898062801910773 38.174104929192474
  endloop
endfacet
facet normal -0.13052619221785108 2.367352023368234e-13 -0.9914448613741002
  outer loop
    vertex -30.374915571760162 -1.5898062801910826 38.20136426816076
    vertex -30.16786033567818 -4.589806275610572 38.17410492919176
    vertex -30.374915571760255 -4.589806275610578 38.20136426816005
  endloop
endfacet
facet normal 0.9914448613735173 -2.905922378604732e-14 0.13052619222227793
  outer loop
    vertex -31.14765623278917 -1.5898062801908432 37.19430903207702
    vertex -31.17491557175847 -4.589806275610389 37.40136426815826
    vertex -31.14765623278926 -4.589806275610338 37.19430903207631
  endloop
endfacet
facet normal 0.9914448613735173 -2.905922378604732e-14 0.13052619222227793
  outer loop
    vertex -31.17491557175847 -4.589806275610389 37.40136426815826
    vertex -31.14765623278917 -1.5898062801908432 37.19430903207702
    vertex -31.17491557175838 -1.5898062801908945 37.40136426815897
  endloop
endfacet
facet normal -0.9238795325121499 -9.348393423588838e-14 0.38268343236300634
  outer loop
    vertex -29.602174910726756 -4.589806275610334 37.194309032079765
    vertex -29.682095248729937 -1.5898062801907933 37.001364268162305
    vertex -29.682095248730025 -4.589806275610288 37.001364268161595
  endloop
endfacet
facet normal -0.9238795325121499 -9.348393423588838e-14 0.38268343236300634
  outer loop
    vertex -29.682095248729937 -1.5898062801907933 37.001364268162305
    vertex -29.602174910726756 -4.589806275610334 37.194309032079765
    vertex -29.602174910726667 -1.5898062801908388 37.194309032080476
  endloop
endfacet
facet normal 0.9914448613741007 3.334868407927493e-14 -0.1305261922178476
  outer loop
    vertex -31.17491557175838 -1.5898062801908945 37.40136426815897
    vertex -31.147656232790183 -4.589806275610434 37.608419504240345
    vertex -31.17491557175847 -4.589806275610389 37.40136426815826
  endloop
endfacet
facet normal 0.9914448613741007 3.334868407927493e-14 -0.1305261922178476
  outer loop
    vertex -31.147656232790183 -4.589806275610434 37.608419504240345
    vertex -31.17491557175838 -1.5898062801908945 37.40136426815897
    vertex -31.147656232790094 -1.5898062801909398 37.608419504241056
  endloop
endfacet
facet normal 0.49996825397492306 -7.70714235998861e-14 0.8660437315847664
  outer loop
    vertex -15.810804042237837 -19.589780069487276 40.30115810713535
    vertex 0.12505974215143162 -22.589775739844985 31.1013617212369
    vertex 0.12505974215143725 -19.589775739844985 31.101361721236902
  endloop
endfacet
facet normal 0.49996825397492306 -7.70714235998861e-14 0.8660437315847664
  outer loop
    vertex 0.12505974215143162 -22.589775739844985 31.1013617212369
    vertex -15.810804042237837 -19.589780069487276 40.30115810713535
    vertex -15.810804042237683 -22.589775739847735 40.30115810713473
  endloop
endfacet
facet normal 0.7933533402925889 1.472484087638465e-13 -0.6087614290069565
  outer loop
    vertex -3.0677358947868316 -1.5898062801909227 37.80136426822198
    vertex -2.9406009967088624 -4.589806275610451 37.96704969317079
    vertex -3.067735894786809 -4.589806275610411 37.80136426822127
  endloop
endfacet
facet normal 0.7933533402925889 1.472484087638465e-13 -0.6087614290069565
  outer loop
    vertex -2.9406009967088624 -4.589806275610451 37.96704969317079
    vertex -3.0677358947868316 -1.5898062801909227 37.80136426822198
    vertex -2.940600996708885 -1.5898062801909625 37.967049693171504
  endloop
endfacet
facet normal 0.6087614290105097 1.9097814757403674e-13 -0.7933533402898625
  outer loop
    vertex -2.774915571759943 -1.589806280190997 38.09418459125018
    vertex -2.9406009967088624 -4.589806275610451 37.96704969317079
    vertex -2.940600996708885 -1.5898062801909625 37.967049693171504
  endloop
endfacet
facet normal 0.6087614290105097 1.9097814757403674e-13 -0.7933533402898625
  outer loop
    vertex -2.9406009967088624 -4.589806275610451 37.96704969317079
    vertex -2.774915571759943 -1.589806280190997 38.09418459125018
    vertex -2.7749155717599203 -4.589806275610486 38.09418459124947
  endloop
endfacet
facet normal -0.3826834323630484 2.2003737136008048e-13 -0.9238795325121324
  outer loop
    vertex -1.9749155717599218 -4.5898062756104805 38.09418459125126
    vertex -2.167860335678097 -1.5898062801910142 38.17410492925526
    vertex -1.9749155717599443 -1.5898062801909918 38.09418459125198
  endloop
endfacet
facet normal -0.3826834323630484 2.2003737136008048e-13 -0.9238795325121324
  outer loop
    vertex -2.167860335678097 -1.5898062801910142 38.17410492925526
    vertex -1.9749155717599218 -4.5898062756104805 38.09418459125126
    vertex -2.1678603356780743 -4.589806275610504 38.17410492925454
  endloop
endfacet
facet normal -0.6087614290069264 1.8834435715410556e-13 -0.7933533402926118
  outer loop
    vertex -1.8092301468103928 -4.589806275610452 37.96704969317332
    vertex -1.9749155717599443 -1.5898062801909918 38.09418459125198
    vertex -1.8092301468104153 -1.5898062801909636 37.96704969317404
  endloop
endfacet
facet normal -0.6087614290069264 1.8834435715410556e-13 -0.7933533402926118
  outer loop
    vertex -1.9749155717599443 -1.5898062801909918 38.09418459125198
    vertex -1.8092301468103928 -4.589806275610452 37.96704969317332
    vertex -1.9749155717599218 -4.5898062756104805 38.09418459125126
  endloop
endfacet
facet normal -0.9238795325104455 8.948679357297119e-14 -0.38268343236712116
  outer loop
    vertex -1.6820952487317018 -4.589806275610413 37.80136426822437
    vertex -1.6021749107275984 -1.5898062801908726 37.608419504307285
    vertex -1.602174910727576 -4.589806275610362 37.60841950430657
  endloop
endfacet
facet normal -0.9238795325104455 8.948679357297119e-14 -0.38268343236712116
  outer loop
    vertex -1.6021749107275984 -1.5898062801908726 37.608419504307285
    vertex -1.6820952487317018 -4.589806275610413 37.80136426822437
    vertex -1.6820952487317244 -1.5898062801909236 37.801364268225086
  endloop
endfacet
facet normal 0.1305261922222745 2.372999204977292e-13 -0.991444861373518
  outer loop
    vertex -2.374915571760169 -1.58980628019102 38.201364268223536
    vertex -2.581970807842106 -4.589806275610503 38.17410492925361
    vertex -2.581970807842129 -1.589806280191014 38.17410492925433
  endloop
endfacet
facet normal 0.1305261922222745 2.372999204977292e-13 -0.991444861373518
  outer loop
    vertex -2.581970807842106 -4.589806275610503 38.17410492925361
    vertex -2.374915571760169 -1.58980628019102 38.201364268223536
    vertex -2.3749155717601464 -4.589806275610509 38.20136426822282
  endloop
endfacet
facet normal -0.7933533402898565 1.4381598626184092e-13 -0.6087614290105176
  outer loop
    vertex -1.8092301468103928 -4.589806275610452 37.96704969317332
    vertex -1.6820952487317244 -1.5898062801909236 37.801364268225086
    vertex -1.6820952487317018 -4.589806275610413 37.80136426822437
  endloop
endfacet
facet normal -0.7933533402898565 1.4381598626184092e-13 -0.6087614290105176
  outer loop
    vertex -1.6820952487317244 -1.5898062801909236 37.801364268225086
    vertex -1.8092301468103928 -4.589806275610452 37.96704969317332
    vertex -1.8092301468104153 -1.5898062801909636 37.96704969317404
  endloop
endfacet
facet normal -0.13052619221782455 2.36735202336824e-13 -0.9914448613741037
  outer loop
    vertex -2.1678603356780743 -4.589806275610504 38.17410492925454
    vertex -2.374915571760169 -1.58980628019102 38.201364268223536
    vertex -2.167860335678097 -1.5898062801910142 38.17410492925526
  endloop
endfacet
facet normal -0.13052619221782455 2.36735202336824e-13 -0.9914448613741037
  outer loop
    vertex -2.374915571760169 -1.58980628019102 38.201364268223536
    vertex -2.1678603356780743 -4.589806275610504 38.17410492925454
    vertex -2.3749155717601464 -4.589806275610509 38.20136426822282
  endloop
endfacet
facet normal 0.9238795325121499 9.348393423588971e-14 -0.38268343236300634
  outer loop
    vertex -3.1476562327901 -1.5898062801908772 37.60841950430382
    vertex -3.067735894786809 -4.589806275610411 37.80136426822127
    vertex -3.147656232790078 -4.589806275610366 37.6084195043031
  endloop
endfacet
facet normal 0.9238795325121499 9.348393423588971e-14 -0.38268343236300634
  outer loop
    vertex -3.067735894786809 -4.589806275610411 37.80136426822127
    vertex -3.1476562327901 -1.5898062801908772 37.60841950430382
    vertex -3.0677358947868316 -1.5898062801909227 37.80136426822198
  endloop
endfacet
facet normal -0.9914448613741007 -3.334868407927639e-14 0.1305261922178476
  outer loop
    vertex -1.5749155717583658 -4.589806275610316 37.40136426822461
    vertex -1.6021749107266736 -1.589806280190776 37.19430903214325
    vertex -1.602174910726651 -4.589806275610265 37.194309032142534
  endloop
endfacet
facet normal -0.9914448613741007 -3.334868407927639e-14 0.1305261922178476
  outer loop
    vertex -1.6021749107266736 -1.589806280190776 37.19430903214325
    vertex -1.5749155717583658 -4.589806275610316 37.40136426822461
    vertex -1.5749155717583885 -1.589806280190827 37.40136426822533
  endloop
endfacet
facet normal -0.9238795325121499 -9.348393423588971e-14 0.38268343236300634
  outer loop
    vertex -1.602174910726651 -4.589806275610265 37.194309032142534
    vertex -1.6820952487299423 -1.5898062801907304 37.00136426822509
    vertex -1.6820952487299197 -4.589806275610219 37.00136426822437
  endloop
endfacet
facet normal -0.9238795325121499 -9.348393423588971e-14 0.38268343236300634
  outer loop
    vertex -1.6820952487299423 -1.5898062801907304 37.00136426822509
    vertex -1.602174910726651 -4.589806275610265 37.194309032142534
    vertex -1.6021749107266736 -1.589806280190776 37.19430903214325
  endloop
endfacet
facet normal 0.3826834323671481 2.2169304123337592e-13 -0.9238795325104343
  outer loop
    vertex -2.581970807842129 -1.589806280191014 38.17410492925433
    vertex -2.7749155717599203 -4.589806275610486 38.09418459124947
    vertex -2.774915571759943 -1.589806280190997 38.09418459125018
  endloop
endfacet
facet normal 0.3826834323671481 2.2169304123337592e-13 -0.9238795325104343
  outer loop
    vertex -2.7749155717599203 -4.589806275610486 38.09418459124947
    vertex -2.581970807842129 -1.589806280191014 38.17410492925433
    vertex -2.581970807842106 -4.589806275610503 38.17410492925361
  endloop
endfacet
facet normal -0.7933533402925889 -1.472484087638465e-13 0.6087614290069565
  outer loop
    vertex -1.6820952487299197 -4.589806275610219 37.00136426822437
    vertex -1.8092301468078886 -1.5898062801906903 36.835678843275566
    vertex -1.8092301468078662 -4.589806275610179 36.83567884327485
  endloop
endfacet
facet normal -0.7933533402925889 -1.472484087638465e-13 0.6087614290069565
  outer loop
    vertex -1.8092301468078886 -1.5898062801906903 36.835678843275566
    vertex -1.6820952487299197 -4.589806275610219 37.00136426822437
    vertex -1.6820952487299423 -1.5898062801907304 37.00136426822509
  endloop
endfacet
facet normal -0.6087614290105097 -1.9097814757403674e-13 0.7933533402898625
  outer loop
    vertex -1.9749155717568085 -4.589806275610151 36.70854394519617
    vertex -1.8092301468078886 -1.5898062801906903 36.835678843275566
    vertex -1.974915571756831 -1.5898062801906618 36.70854394519689
  endloop
endfacet
facet normal -0.6087614290105097 -1.9097814757403674e-13 0.7933533402898625
  outer loop
    vertex -1.8092301468078886 -1.5898062801906903 36.835678843275566
    vertex -1.9749155717568085 -4.589806275610151 36.70854394519617
    vertex -1.8092301468078662 -4.589806275610179 36.83567884327485
  endloop
endfacet
facet normal -0.3826834323671481 -2.2169304123337592e-13 0.9238795325104343
  outer loop
    vertex -2.1678603356746224 -4.589806275610133 36.62862360719203
    vertex -1.974915571756831 -1.5898062801906618 36.70854394519689
    vertex -2.167860335674645 -1.5898062801906445 36.62862360719274
  endloop
endfacet
facet normal -0.3826834323671481 -2.2169304123337592e-13 0.9238795325104343
  outer loop
    vertex -1.974915571756831 -1.5898062801906618 36.70854394519689
    vertex -2.1678603356746224 -4.589806275610133 36.62862360719203
    vertex -1.9749155717568085 -4.589806275610151 36.70854394519617
  endloop
endfacet
facet normal -0.9914448613735173 2.9059223786045826e-14 -0.13052619222227793
  outer loop
    vertex -1.602174910727576 -4.589806275610362 37.60841950430657
    vertex -1.5749155717583885 -1.589806280190827 37.40136426822533
    vertex -1.5749155717583658 -4.589806275610316 37.40136426822461
  endloop
endfacet
facet normal -0.9914448613735173 2.9059223786045826e-14 -0.13052619222227793
  outer loop
    vertex -1.5749155717583885 -1.589806280190827 37.40136426822533
    vertex -1.602174910727576 -4.589806275610362 37.60841950430657
    vertex -1.6021749107275984 -1.5898062801908726 37.608419504307285
  endloop
endfacet
facet normal 0.9914448613735173 -2.9059223786045826e-14 0.13052619222227793
  outer loop
    vertex -3.1476562327891755 -1.5898062801907802 37.194309032139785
    vertex -3.174915571758363 -4.589806275610321 37.40136426822102
    vertex -3.147656232789153 -4.58980627561027 37.194309032139074
  endloop
endfacet
facet normal 0.9914448613735173 -2.9059223786045826e-14 0.13052619222227793
  outer loop
    vertex -3.174915571758363 -4.589806275610321 37.40136426822102
    vertex -3.1476562327891755 -1.5898062801907802 37.194309032139785
    vertex -3.1749155717583855 -1.5898062801908317 37.40136426822174
  endloop
endfacet
facet normal 0.9914448613741007 3.334868407927639e-14 -0.1305261922178476
  outer loop
    vertex -3.1749155717583855 -1.5898062801908317 37.40136426822174
    vertex -3.147656232790078 -4.589806275610366 37.6084195043031
    vertex -3.174915571758363 -4.589806275610321 37.40136426822102
  endloop
endfacet
facet normal 0.9914448613741007 3.334868407927639e-14 -0.1305261922178476
  outer loop
    vertex -3.147656232790078 -4.589806275610366 37.6084195043031
    vertex -3.1749155717583855 -1.5898062801908317 37.40136426822174
    vertex -3.1476562327901 -1.5898062801908772 37.60841950430382
  endloop
endfacet
facet normal 0.9238795325104455 -8.948679357297119e-14 0.38268343236712116
  outer loop
    vertex -3.0677358947850495 -1.5898062801907347 37.001364268221984
    vertex -3.147656232789153 -4.58980627561027 37.194309032139074
    vertex -3.067735894785027 -4.589806275610224 37.001364268221266
  endloop
endfacet
facet normal 0.9238795325104455 -8.948679357297119e-14 0.38268343236712116
  outer loop
    vertex -3.147656232789153 -4.58980627561027 37.194309032139074
    vertex -3.0677358947850495 -1.5898062801907347 37.001364268221984
    vertex -3.1476562327891755 -1.5898062801907802 37.194309032139785
  endloop
endfacet
facet normal -0.1305261922222745 -2.372999204977292e-13 0.991444861373518
  outer loop
    vertex -2.374915571756582 -4.589806275610128 36.60136426822282
    vertex -2.167860335674645 -1.5898062801906445 36.62862360719274
    vertex -2.374915571756605 -1.589806280190639 36.601364268223534
  endloop
endfacet
facet normal -0.1305261922222745 -2.372999204977292e-13 0.991444861373518
  outer loop
    vertex -2.167860335674645 -1.5898062801906445 36.62862360719274
    vertex -2.374915571756582 -4.589806275610128 36.60136426822282
    vertex -2.1678603356746224 -4.589806275610133 36.62862360719203
  endloop
endfacet
facet normal 0.13052619221782455 -2.36735202336824e-13 0.9914448613741037
  outer loop
    vertex -2.581970807838677 -1.589806280190644 36.62862360719181
    vertex -2.374915571756582 -4.589806275610128 36.60136426822282
    vertex -2.374915571756605 -1.589806280190639 36.601364268223534
  endloop
endfacet
facet normal 0.13052619221782455 -2.36735202336824e-13 0.9914448613741037
  outer loop
    vertex -2.374915571756582 -4.589806275610128 36.60136426822282
    vertex -2.581970807838677 -1.589806280190644 36.62862360719181
    vertex -2.5819708078386543 -4.589806275610133 36.6286236071911
  endloop
endfacet
facet normal 0.6087614290069264 -1.8834435715410556e-13 0.7933533402926118
  outer loop
    vertex -2.9406009967063587 -1.5898062801906954 36.83567884327303
    vertex -2.774915571756807 -4.589806275610151 36.70854394519437
    vertex -2.7749155717568295 -1.5898062801906612 36.70854394519509
  endloop
endfacet
facet normal 0.6087614290069264 -1.8834435715410556e-13 0.7933533402926118
  outer loop
    vertex -2.774915571756807 -4.589806275610151 36.70854394519437
    vertex -2.9406009967063587 -1.5898062801906954 36.83567884327303
    vertex -2.940600996706336 -4.589806275610185 36.83567884327231
  endloop
endfacet
facet normal 0.3826834323630484 -2.2003737136008048e-13 0.9238795325121324
  outer loop
    vertex -2.7749155717568295 -1.5898062801906612 36.70854394519509
    vertex -2.5819708078386543 -4.589806275610133 36.6286236071911
    vertex -2.581970807838677 -1.589806280190644 36.62862360719181
  endloop
endfacet
facet normal 0.3826834323630484 -2.2003737136008048e-13 0.9238795325121324
  outer loop
    vertex -2.5819708078386543 -4.589806275610133 36.6286236071911
    vertex -2.7749155717568295 -1.5898062801906612 36.70854394519509
    vertex -2.774915571756807 -4.589806275610151 36.70854394519437
  endloop
endfacet
facet normal 0.7933533402898565 -1.4381598626184092e-13 0.6087614290105176
  outer loop
    vertex -2.9406009967063587 -1.5898062801906954 36.83567884327303
    vertex -3.067735894785027 -4.589806275610224 37.001364268221266
    vertex -2.940600996706336 -4.589806275610185 36.83567884327231
  endloop
endfacet
facet normal 0.7933533402898565 -1.4381598626184092e-13 0.6087614290105176
  outer loop
    vertex -3.067735894785027 -4.589806275610224 37.001364268221266
    vertex -2.9406009967063587 -1.5898062801906954 36.83567884327303
    vertex -3.0677358947850495 -1.5898062801907347 37.001364268221984
  endloop
endfacet
facet normal -0.9914448607076985 0.1305261922200542 -3.6343169918987566e-05
  outer loop
    vertex -29.909088745813076 -8.348325209918865 31.10144250504927
    vertex -29.874941258573934 -8.08950616478812 29.10144375544598
    vertex -29.909015432261974 -8.34832520989064 29.101442506392992
  endloop
endfacet
facet normal -0.9914448607076985 0.1305261922200542 -3.6343169918987566e-05
  outer loop
    vertex -29.874941258573934 -8.08950616478812 29.10144375544598
    vertex -29.909088745813076 -8.348325209918865 31.10144250504927
    vertex -29.875014572125036 -8.089506164816342 31.101443754102263
  endloop
endfacet
facet normal -0.13052619213236152 -0.9914448613738098 -4.784683323372702e-06
  outer loop
    vertex -30.87494125790208 -7.089506164788113 29.101407098684533
    vertex -30.616195526524564 -7.123580338527269 31.10141658481198
    vertex -30.875014571453185 -7.089506164816337 31.101407097340815
  endloop
endfacet
facet normal -0.13052619213236152 -0.9914448613738098 -4.784683323372702e-06
  outer loop
    vertex -30.616195526524564 -7.123580338527269 31.10141658481198
    vertex -30.87494125790208 -7.089506164788113 29.101407098684533
    vertex -30.61612221297346 -7.123580338499045 29.101416586155697
  endloop
endfacet
facet normal -0.3826834321079793 0.9238795325112874 -1.4027927652389396e-05
  outer loop
    vertex -30.375014571789098 -8.955531568600787 31.10142542570226
    vertex -30.616122212973437 -9.055431991077194 29.101416586128433
    vertex -30.61619552652454 -9.055431991105417 31.101416584784715
  endloop
endfacet
facet normal -0.3826834321079793 0.9238795325112874 -1.4027927652389396e-05
  outer loop
    vertex -30.616122212973437 -9.055431991077194 29.101416586128433
    vertex -30.375014571789098 -8.955531568600787 31.10142542570226
    vertex -30.374941258237996 -8.955531568572564 29.101425427045978
  endloop
endfacet
facet normal 0.13052619213234978 -0.9914448613738114 4.78465534177066e-06
  outer loop
    vertex -31.133760302830723 -7.123580338499045 29.101397611212406
    vertex -30.875014571453185 -7.089506164816337 31.101407097340815
    vertex -31.13383361638183 -7.123580338527269 31.101397609868688
  endloop
endfacet
facet normal 0.13052619213234978 -0.9914448613738114 4.78465534177066e-06
  outer loop
    vertex -30.875014571453185 -7.089506164816337 31.101407097340815
    vertex -31.133760302830723 -7.123580338499045 29.101397611212406
    vertex -30.87494125790208 -7.089506164788113 29.101407098684533
  endloop
endfacet
facet normal -0.9238795318905677 -0.38268343236509356 -3.386645006558386e-05
  outer loop
    vertex -29.909015432261974 -7.830687119685596 29.101442506400296
    vertex -30.008989168250586 -7.589506164816338 31.10143884303261
    vertex -30.008915854699485 -7.589506164788117 29.10143884437633
  endloop
endfacet
facet normal -0.9238795318905677 -0.38268343236509356 -3.386645006558386e-05
  outer loop
    vertex -30.008989168250586 -7.589506164816338 31.10143884303261
    vertex -29.909015432261974 -7.830687119685596 29.101442506400296
    vertex -29.909088745813076 -7.830687119713818 31.10144250505658
  endloop
endfacet
facet normal -0.9238795318905687 0.3826834323650921 -3.386643926508883e-05
  outer loop
    vertex -30.008989168250586 -8.589506164816347 31.1014388430185
    vertex -29.909015432261974 -8.34832520989064 29.101442506392992
    vertex -30.008915854699485 -8.589506164788123 29.101438844362217
  endloop
endfacet
facet normal -0.9238795318905687 0.3826834323650921 -3.386643926508883e-05
  outer loop
    vertex -29.909015432261974 -8.34832520989064 29.101442506392992
    vertex -30.008989168250586 -8.589506164816347 31.1014388430185
    vertex -29.909088745813076 -8.348325209918865 31.10144250504927
  endloop
endfacet
facet normal -0.9914448607076988 -0.13052619222005166 -3.634317360283531e-05
  outer loop
    vertex -29.874941258573934 -8.08950616478812 29.10144375544598
    vertex -29.909088745813076 -7.830687119713818 31.10144250505658
    vertex -29.909015432261974 -7.830687119685596 29.101442506400296
  endloop
endfacet
facet normal -0.9914448607076988 -0.13052619222005166 -3.634317360283531e-05
  outer loop
    vertex -29.909088745813076 -7.830687119713818 31.10144250505658
    vertex -29.874941258573934 -8.08950616478812 29.10144375544598
    vertex -29.875014572125036 -8.089506164816342 31.101443754102263
  endloop
endfacet
facet normal -0.7933533397582351 0.6087614290086926 -2.9081766742212224e-05
  outer loop
    vertex -30.167907790741697 -8.796612946002893 31.101433017571292
    vertex -30.008915854699485 -8.589506164788123 29.101438844362217
    vertex -30.167834477190592 -8.79661294597467 29.10143301891501
  endloop
endfacet
facet normal -0.7933533397582351 0.6087614290086926 -2.9081766742212224e-05
  outer loop
    vertex -30.008915854699485 -8.589506164788123 29.101438844362217
    vertex -30.167907790741697 -8.796612946002893 31.101433017571292
    vertex -30.008989168250586 -8.589506164816347 31.1014388430185
  endloop
endfacet
facet normal -0.6087614285997202 0.7933533402912344 -2.2315219875744235e-05
  outer loop
    vertex -30.167907790741697 -8.796612946002893 31.101433017571292
    vertex -30.374941258237996 -8.955531568572564 29.101425427045978
    vertex -30.375014571789098 -8.955531568600787 31.10142542570226
  endloop
endfacet
facet normal -0.6087614285997202 0.7933533402912344 -2.2315219875744235e-05
  outer loop
    vertex -30.374941258237996 -8.955531568572564 29.101425427045978
    vertex -30.167907790741697 -8.796612946002893 31.101433017571292
    vertex -30.167834477190592 -8.79661294597467 29.10143301891501
  endloop
endfacet
facet normal 0.38268343210798855 -0.9238795325112836 1.4027927652389735e-05
  outer loop
    vertex -31.374941257566164 -7.223480761003678 29.101388770294864
    vertex -31.13383361638183 -7.123580338527269 31.101397609868688
    vertex -31.37501457111727 -7.223480761031902 31.101388768951146
  endloop
endfacet
facet normal 0.38268343210798855 -0.9238795325112836 1.4027927652389735e-05
  outer loop
    vertex -31.13383361638183 -7.123580338527269 31.101397609868688
    vertex -31.374941257566164 -7.223480761003678 29.101388770294864
    vertex -31.133760302830723 -7.123580338499045 29.101397611212406
  endloop
endfacet
facet normal -0.38268343210797995 -0.9238795325112868 -1.4027953727091127e-05
  outer loop
    vertex -30.61612221297346 -7.123580338499045 29.101416586155697
    vertex -30.375014571789123 -7.223480761031898 31.101425425726703
    vertex -30.616195526524564 -7.123580338527269 31.10141658481198
  endloop
endfacet
facet normal -0.38268343210797995 -0.9238795325112868 -1.4027953727091127e-05
  outer loop
    vertex -30.375014571789123 -7.223480761031898 31.101425425726703
    vertex -30.61612221297346 -7.123580338499045 29.101416586155697
    vertex -30.374941258238017 -7.223480761003676 29.10142542707042
  endloop
endfacet
facet normal -0.7933533397581962 -0.6087614290087425 -2.9081783923317334e-05
  outer loop
    vertex -30.008915854699485 -7.589506164788117 29.10143884437633
    vertex -30.16790779074172 -7.382399383629789 31.10143301759125
    vertex -30.167834477190617 -7.382399383601566 29.10143301893497
  endloop
endfacet
facet normal -0.7933533397581962 -0.6087614290087425 -2.9081783923317334e-05
  outer loop
    vertex -30.16790779074172 -7.382399383629789 31.10143301759125
    vertex -30.008915854699485 -7.589506164788117 29.10143884437633
    vertex -30.008989168250586 -7.589506164816338 31.10143884303261
  endloop
endfacet
facet normal -0.6087614285997142 -0.7933533402912383 -2.2315242266597973e-05
  outer loop
    vertex -30.374941258238017 -7.223480761003676 29.10142542707042
    vertex -30.16790779074172 -7.382399383629789 31.10143301759125
    vertex -30.375014571789123 -7.223480761031898 31.101425425726703
  endloop
endfacet
facet normal -0.6087614285997142 -0.7933533402912383 -2.2315242266597973e-05
  outer loop
    vertex -30.16790779074172 -7.382399383629789 31.10143301759125
    vertex -30.374941258238017 -7.223480761003676 29.10142542707042
    vertex -30.167834477190617 -7.382399383601566 29.10143301893497
  endloop
endfacet
facet normal 0.13052619213236152 0.9914448613738098 4.784683323372702e-06
  outer loop
    vertex -30.875014571453185 -9.08950616481635 31.10140709731259
    vertex -31.1337603028307 -9.055431991077194 29.101397611185142
    vertex -31.133833616381803 -9.055431991105419 31.101397609841424
  endloop
endfacet
facet normal 0.13052619213236152 0.9914448613738098 4.784683323372702e-06
  outer loop
    vertex -31.1337603028307 -9.055431991077194 29.101397611185142
    vertex -30.875014571453185 -9.08950616481635 31.10140709731259
    vertex -30.87494125790208 -9.089506164788126 29.101407098656306
  endloop
endfacet
facet normal 0.9914448607076985 -0.1305261922200542 3.6343169918987566e-05
  outer loop
    vertex -31.840867083542186 -7.8306871196855985 29.101371690947854
    vertex -31.87501457078133 -8.089506164816346 31.101370440551147
    vertex -31.874941257230226 -8.089506164788123 29.101370441894865
  endloop
endfacet
facet normal 0.9914448607076985 -0.1305261922200542 3.6343169918987566e-05
  outer loop
    vertex -31.87501457078133 -8.089506164816346 31.101370440551147
    vertex -31.840867083542186 -7.8306871196855985 29.101371690947854
    vertex -31.84094039709329 -7.830687119713824 31.101371689604136
  endloop
endfacet
facet normal 0.9238795318905685 0.38268343236509167 3.3866450065583886e-05
  outer loop
    vertex -31.84094039709329 -8.348325209918867 31.10137168959683
    vertex -31.740966661104675 -8.589506164788125 29.10137535296451
    vertex -31.840867083542186 -8.348325209890644 29.10137169094055
  endloop
endfacet
facet normal 0.9238795318905685 0.38268343236509167 3.3866450065583886e-05
  outer loop
    vertex -31.740966661104675 -8.589506164788125 29.10137535296451
    vertex -31.84094039709329 -8.348325209918867 31.10137168959683
    vertex -31.74103997465578 -8.589506164816347 31.101375351620792
  endloop
endfacet
facet normal -0.1305261921323551 0.9914448613738108 -4.784655341770856e-06
  outer loop
    vertex -30.61619552652454 -9.055431991105417 31.101416584784715
    vertex -30.87494125790208 -9.089506164788126 29.101407098656306
    vertex -30.875014571453185 -9.08950616481635 31.10140709731259
  endloop
endfacet
facet normal -0.1305261921323551 0.9914448613738108 -4.784655341770856e-06
  outer loop
    vertex -30.87494125790208 -9.089506164788126 29.101407098656306
    vertex -30.61619552652454 -9.055431991105417 31.101416584784715
    vertex -30.616122212973437 -9.055431991077194 29.101416586128433
  endloop
endfacet
facet normal 0.9914448607076987 0.13052619222005232 3.63431736028353e-05
  outer loop
    vertex -31.87501457078133 -8.089506164816346 31.101370440551147
    vertex -31.840867083542186 -8.348325209890644 29.10137169094055
    vertex -31.874941257230226 -8.089506164788123 29.101370441894865
  endloop
endfacet
facet normal 0.9914448607076987 0.13052619222005232 3.63431736028353e-05
  outer loop
    vertex -31.840867083542186 -8.348325209890644 29.10137169094055
    vertex -31.87501457078133 -8.089506164816346 31.101370440551147
    vertex -31.84094039709329 -8.348325209918867 31.10137168959683
  endloop
endfacet
facet normal 0.9238795318905687 -0.3826834323650921 3.386643926508883e-05
  outer loop
    vertex -31.740966661104675 -7.589506164788117 29.10137535297862
    vertex -31.84094039709329 -7.830687119713824 31.101371689604136
    vertex -31.840867083542186 -7.8306871196855985 29.101371690947854
  endloop
endfacet
facet normal 0.9238795318905687 -0.3826834323650921 3.386643926508883e-05
  outer loop
    vertex -31.84094039709329 -7.830687119713824 31.101371689604136
    vertex -31.740966661104675 -7.589506164788117 29.10137535297862
    vertex -31.74103997465578 -7.589506164816342 31.101375351634903
  endloop
endfacet
facet normal 0.38268343210797995 0.9238795325112868 1.4027953727091127e-05
  outer loop
    vertex -31.133833616381803 -9.055431991105419 31.101397609841424
    vertex -31.374941257566142 -8.955531568572564 29.101388770270418
    vertex -31.375014571117244 -8.955531568600788 31.1013887689267
  endloop
endfacet
facet normal 0.38268343210797995 0.9238795325112868 1.4027953727091127e-05
  outer loop
    vertex -31.374941257566142 -8.955531568572564 29.101388770270418
    vertex -31.133833616381803 -9.055431991105419 31.101397609841424
    vertex -31.1337603028307 -9.055431991077194 29.101397611185142
  endloop
endfacet
facet normal 0.7933533397582331 -0.6087614290086951 2.9081766742212146e-05
  outer loop
    vertex -31.582048038613568 -7.3823993836015696 29.10138117842583
    vertex -31.74103997465578 -7.589506164816342 31.101375351634903
    vertex -31.740966661104675 -7.589506164788117 29.10137535297862
  endloop
endfacet
facet normal 0.7933533397582331 -0.6087614290086951 2.9081766742212146e-05
  outer loop
    vertex -31.74103997465578 -7.589506164816342 31.101375351634903
    vertex -31.582048038613568 -7.3823993836015696 29.10138117842583
    vertex -31.58212135216467 -7.382399383629794 31.10138117708211
  endloop
endfacet
facet normal 0.6087614285997202 -0.7933533402912344 2.2315219875744235e-05
  outer loop
    vertex -31.582048038613568 -7.3823993836015696 29.10138117842583
    vertex -31.37501457111727 -7.223480761031902 31.101388768951146
    vertex -31.58212135216467 -7.382399383629794 31.10138117708211
  endloop
endfacet
facet normal 0.6087614285997202 -0.7933533402912344 2.2315219875744235e-05
  outer loop
    vertex -31.37501457111727 -7.223480761031902 31.101388768951146
    vertex -31.582048038613568 -7.3823993836015696 29.10138117842583
    vertex -31.374941257566164 -7.223480761003678 29.101388770294864
  endloop
endfacet
facet normal 0.6087614285997176 0.7933533402912358 2.23152422665981e-05
  outer loop
    vertex -31.375014571117244 -8.955531568600788 31.1013887689267
    vertex -31.582048038613543 -8.796612945974672 29.10138117840587
    vertex -31.58212135216465 -8.796612946002897 31.10138117706215
  endloop
endfacet
facet normal 0.6087614285997176 0.7933533402912358 2.23152422665981e-05
  outer loop
    vertex -31.582048038613543 -8.796612945974672 29.10138117840587
    vertex -31.375014571117244 -8.955531568600788 31.1013887689267
    vertex -31.374941257566142 -8.955531568572564 29.101388770270418
  endloop
endfacet
facet normal 0.7933533397581941 0.6087614290087451 2.908178392331726e-05
  outer loop
    vertex -31.74103997465578 -8.589506164816347 31.101375351620792
    vertex -31.582048038613543 -8.796612945974672 29.10138117840587
    vertex -31.740966661104675 -8.589506164788125 29.10137535296451
  endloop
endfacet
facet normal 0.7933533397581941 0.6087614290087451 2.908178392331726e-05
  outer loop
    vertex -31.582048038613543 -8.796612945974672 29.10138117840587
    vertex -31.74103997465578 -8.589506164816347 31.101375351620792
    vertex -31.58212135216465 -8.796612946002897 31.10138117706215
  endloop
endfacet
facet normal 0.13052619213236152 0.9914448613738098 4.784683323372465e-06
  outer loop
    vertex -1.8750145909370846 -9.08950616481627 31.10247014363449
    vertex -2.1337603223146018 -9.055431991077112 29.102460657507045
    vertex -2.1338336358657055 -9.055431991105337 31.102460656163327
  endloop
endfacet
facet normal 0.13052619213236152 0.9914448613738098 4.784683323372465e-06
  outer loop
    vertex -2.1337603223146018 -9.055431991077112 29.102460657507045
    vertex -1.8750145909370846 -9.08950616481627 31.10247014363449
    vertex -1.8749412773859808 -9.089506164788045 29.10247014497821
  endloop
endfacet
facet normal 0.6087614285997074 0.7933533402912435 2.2315242266597963e-05
  outer loop
    vertex -2.375014590601147 -8.95553156860071 31.102451815248603
    vertex -2.582048058097445 -8.796612945974598 29.102444224727773
    vertex -2.5821213716485487 -8.796612946002822 31.102444223384055
  endloop
endfacet
facet normal 0.6087614285997074 0.7933533402912435 2.2315242266597963e-05
  outer loop
    vertex -2.582048058097445 -8.796612945974598 29.102444224727773
    vertex -2.375014590601147 -8.95553156860071 31.102451815248603
    vertex -2.374941277050043 -8.955531568572486 29.10245181659232
  endloop
endfacet
facet normal 0.7933533397582299 0.6087614290086986 2.9081783923319025e-05
  outer loop
    vertex -2.7410399941396575 -8.589506164816278 31.102438397942695
    vertex -2.582048058097445 -8.796612945974598 29.102444224727773
    vertex -2.7409666805885537 -8.589506164788054 29.102438399286413
  endloop
endfacet
facet normal 0.7933533397582299 0.6087614290086986 2.9081783923319025e-05
  outer loop
    vertex -2.582048058097445 -8.796612945974598 29.102444224727773
    vertex -2.7410399941396575 -8.589506164816278 31.102438397942695
    vertex -2.5821213716485487 -8.796612946002822 31.102444223384055
  endloop
endfacet
facet normal 0.9238795318905654 0.38268343236509933 3.386645006558443e-05
  outer loop
    vertex -2.8409404165771694 -8.348325209918803 31.102434735918727
    vertex -2.7409666805885537 -8.589506164788054 29.102438399286413
    vertex -2.8408671030260657 -8.348325209890579 29.102434737262453
  endloop
endfacet
facet normal 0.9238795318905654 0.38268343236509933 3.386645006558443e-05
  outer loop
    vertex -2.7409666805885537 -8.589506164788054 29.102438399286413
    vertex -2.8409404165771694 -8.348325209918803 31.102434735918727
    vertex -2.7410399941396575 -8.589506164816278 31.102438397942695
  endloop
endfacet
facet normal 0.3826834321079707 0.9238795325112906 1.4027953727090788e-05
  outer loop
    vertex -2.1338336358657055 -9.055431991105337 31.102460656163327
    vertex -2.374941277050043 -8.955531568572486 29.10245181659232
    vertex -2.375014590601147 -8.95553156860071 31.102451815248603
  endloop
endfacet
facet normal 0.3826834321079707 0.9238795325112906 1.4027953727090788e-05
  outer loop
    vertex -2.374941277050043 -8.955531568572486 29.10245181659232
    vertex -2.1338336358657055 -9.055431991105337 31.102460656163327
    vertex -2.1337603223146018 -9.055431991077112 29.102460657507045
  endloop
endfacet
facet normal 0.9914448607076983 0.13052619222005513 3.634317360283608e-05
  outer loop
    vertex -2.875014590265209 -8.089506164816287 31.10243348687305
    vertex -2.8408671030260657 -8.348325209890579 29.102434737262453
    vertex -2.874941276714105 -8.089506164788064 29.102433488216768
  endloop
endfacet
facet normal 0.9914448607076983 0.13052619222005513 3.634317360283608e-05
  outer loop
    vertex -2.8408671030260657 -8.348325209890579 29.102434737262453
    vertex -2.875014590265209 -8.089506164816287 31.10243348687305
    vertex -2.8409404165771694 -8.348325209918803 31.102434735918727
  endloop
endfacet
facet normal 0.9914448607076982 -0.130526192220057 3.634316991898843e-05
  outer loop
    vertex -2.8408671030260657 -7.830687119685545 29.102434737269757
    vertex -2.875014590265209 -8.089506164816287 31.10243348687305
    vertex -2.874941276714105 -8.089506164788064 29.102433488216768
  endloop
endfacet
facet normal 0.9914448607076982 -0.130526192220057 3.634316991898843e-05
  outer loop
    vertex -2.875014590265209 -8.089506164816287 31.10243348687305
    vertex -2.8408671030260657 -7.830687119685545 29.102434737269757
    vertex -2.8409404165771694 -7.83068711971377 31.10243473592604
  endloop
endfacet
facet normal 0.6087614285997066 -0.7933533402912447 2.231521987574453e-05
  outer loop
    vertex -2.582048058097445 -7.382399383601524 29.10244422474773
    vertex -2.375014590601147 -7.223480761031862 31.102451815273046
    vertex -2.5821213716485487 -7.382399383629749 31.102444223404014
  endloop
endfacet
facet normal 0.6087614285997066 -0.7933533402912447 2.231521987574453e-05
  outer loop
    vertex -2.375014590601147 -7.223480761031862 31.102451815273046
    vertex -2.582048058097445 -7.382399383601524 29.10244422474773
    vertex -2.374941277050043 -7.223480761003638 29.102451816616764
  endloop
endfacet
facet normal 0.9238795318905657 -0.38268343236509983 3.386643926508963e-05
  outer loop
    vertex -2.7409666805885537 -7.589506164788069 29.102438399300524
    vertex -2.8409404165771694 -7.83068711971377 31.10243473592604
    vertex -2.8408671030260657 -7.830687119685545 29.102434737269757
  endloop
endfacet
facet normal 0.9238795318905657 -0.38268343236509983 3.386643926508963e-05
  outer loop
    vertex -2.8409404165771694 -7.83068711971377 31.10243473592604
    vertex -2.7409666805885537 -7.589506164788069 29.102438399300524
    vertex -2.7410399941396575 -7.589506164816294 31.102438397956806
  endloop
endfacet
facet normal 0.13052619213236097 -0.99144486137381 4.78465534177153e-06
  outer loop
    vertex -2.1337603223146018 -7.123580338499008 29.10246065753431
    vertex -1.8750145909370846 -7.0895061648163 31.102470143662718
    vertex -2.1338336358657055 -7.123580338527232 31.10246065619059
  endloop
endfacet
facet normal 0.13052619213236097 -0.99144486137381 4.78465534177153e-06
  outer loop
    vertex -1.8750145909370846 -7.0895061648163 31.102470143662718
    vertex -2.1337603223146018 -7.123580338499008 29.10246065753431
    vertex -1.8749412773859808 -7.089506164788077 29.102470145006436
  endloop
endfacet
facet normal -0.9914448607076982 0.130526192220057 -3.634316991898843e-05
  outer loop
    vertex -0.9090887652969997 -8.3483252099188 31.102505551371177
    vertex -0.8749412780578567 -8.089506164788059 29.10250680176788
    vertex -0.9090154517458959 -8.348325209890577 29.102505552714895
  endloop
endfacet
facet normal -0.9914448607076982 0.130526192220057 -3.634316991898843e-05
  outer loop
    vertex -0.8749412780578567 -8.089506164788059 29.10250680176788
    vertex -0.9090887652969997 -8.3483252099188 31.102505551371177
    vertex -0.8750145916089604 -8.089506164816283 31.102506800424166
  endloop
endfacet
facet normal -0.7933533397582291 0.6087614290087003 -2.908176674221289e-05
  outer loop
    vertex -1.1679078102256208 -8.796612946002819 31.102496063893195
    vertex -1.008915874183408 -8.589506164788052 29.10250189068412
    vertex -1.167834496674517 -8.796612945974594 29.102496065236913
  endloop
endfacet
facet normal -0.7933533397582291 0.6087614290087003 -2.908176674221289e-05
  outer loop
    vertex -1.008915874183408 -8.589506164788052 29.10250189068412
    vertex -1.1679078102256208 -8.796612946002819 31.102496063893195
    vertex -1.0089891877345116 -8.589506164816274 31.102501889340402
  endloop
endfacet
facet normal -0.13052619213236152 -0.9914448613738098 -4.784683323372465e-06
  outer loop
    vertex -1.8749412773859808 -7.089506164788077 29.102470145006436
    vertex -1.6161955460084636 -7.123580338527232 31.102479631133882
    vertex -1.8750145909370846 -7.0895061648163 31.102470143662718
  endloop
endfacet
facet normal -0.13052619213236152 -0.9914448613738098 -4.784683323372465e-06
  outer loop
    vertex -1.6161955460084636 -7.123580338527232 31.102479631133882
    vertex -1.8749412773859808 -7.089506164788077 29.102470145006436
    vertex -1.6161222324573599 -7.123580338499008 29.1024796324776
  endloop
endfacet
facet normal -0.9914448607076984 -0.13052619222005446 -3.634317360283609e-05
  outer loop
    vertex -0.8749412780578567 -8.089506164788059 29.10250680176788
    vertex -0.9090887652969997 -7.830687119713764 31.10250555137848
    vertex -0.9090154517458959 -7.830687119685542 29.1025055527222
  endloop
endfacet
facet normal -0.9914448607076984 -0.13052619222005446 -3.634317360283609e-05
  outer loop
    vertex -0.9090887652969997 -7.830687119713764 31.10250555137848
    vertex -0.8749412780578567 -8.089506164788059 29.10250680176788
    vertex -0.8750145916089604 -8.089506164816283 31.102506800424166
  endloop
endfacet
facet normal 0.3826834321079793 -0.9238795325112874 1.4027927652390045e-05
  outer loop
    vertex -2.374941277050043 -7.223480761003638 29.102451816616764
    vertex -2.1338336358657055 -7.123580338527232 31.10246065619059
    vertex -2.375014590601147 -7.223480761031862 31.102451815273046
  endloop
endfacet
facet normal 0.3826834321079793 -0.9238795325112874 1.4027927652390045e-05
  outer loop
    vertex -2.1338336358657055 -7.123580338527232 31.10246065619059
    vertex -2.374941277050043 -7.223480761003638 29.102451816616764
    vertex -2.1337603223146018 -7.123580338499008 29.10246065753431
  endloop
endfacet
facet normal -0.9238795318905646 -0.3826834323651012 -3.3866450065584394e-05
  outer loop
    vertex -0.9090154517458959 -7.830687119685542 29.1025055527222
    vertex -1.0089891877345116 -7.5895061648162905 31.102501889354514
    vertex -1.008915874183408 -7.589506164788069 29.102501890698232
  endloop
endfacet
facet normal -0.9238795318905646 -0.3826834323651012 -3.3866450065584394e-05
  outer loop
    vertex -1.0089891877345116 -7.5895061648162905 31.102501889354514
    vertex -0.9090154517458959 -7.830687119685542 29.1025055527222
    vertex -0.9090887652969997 -7.830687119713764 31.10250555137848
  endloop
endfacet
facet normal -0.13052619213236097 0.99144486137381 -4.78465534177153e-06
  outer loop
    vertex -1.6161955460084636 -9.055431991105337 31.10247963110662
    vertex -1.8749412773859808 -9.089506164788045 29.10247014497821
    vertex -1.8750145909370846 -9.08950616481627 31.10247014363449
  endloop
endfacet
facet normal -0.13052619213236097 0.99144486137381 -4.78465534177153e-06
  outer loop
    vertex -1.8749412773859808 -9.089506164788045 29.10247014497821
    vertex -1.6161955460084636 -9.055431991105337 31.10247963110662
    vertex -1.6161222324573599 -9.055431991077112 29.102479632450336
  endloop
endfacet
facet normal -0.9238795318905649 0.3826834323651017 -3.3866439265089605e-05
  outer loop
    vertex -1.0089891877345116 -8.589506164816274 31.102501889340402
    vertex -0.9090154517458959 -8.348325209890577 29.102505552714895
    vertex -1.008915874183408 -8.589506164788052 29.10250189068412
  endloop
endfacet
facet normal -0.9238795318905649 0.3826834323651017 -3.3866439265089605e-05
  outer loop
    vertex -0.9090154517458959 -8.348325209890577 29.102505552714895
    vertex -1.0089891877345116 -8.589506164816274 31.102501889340402
    vertex -0.9090887652969997 -8.3483252099188 31.102505551371177
  endloop
endfacet
facet normal -0.3826834321079707 -0.9238795325112906 -1.4027953727090788e-05
  outer loop
    vertex -1.6161222324573599 -7.123580338499008 29.1024796324776
    vertex -1.3750145912730225 -7.223480761031859 31.102488472048606
    vertex -1.6161955460084636 -7.123580338527232 31.102479631133882
  endloop
endfacet
facet normal -0.3826834321079707 -0.9238795325112906 -1.4027953727090788e-05
  outer loop
    vertex -1.3750145912730225 -7.223480761031859 31.102488472048606
    vertex -1.6161222324573599 -7.123580338499008 29.1024796324776
    vertex -1.3749412777219188 -7.223480761003637 29.102488473392324
  endloop
endfacet
facet normal -0.6087614285997074 -0.7933533402912435 -2.2315242266597963e-05
  outer loop
    vertex -1.3749412777219188 -7.223480761003637 29.102488473392324
    vertex -1.1679078102256208 -7.382399383629746 31.102496063913154
    vertex -1.3750145912730225 -7.223480761031859 31.102488472048606
  endloop
endfacet
facet normal -0.6087614285997074 -0.7933533402912435 -2.2315242266597963e-05
  outer loop
    vertex -1.1679078102256208 -7.382399383629746 31.102496063913154
    vertex -1.3749412777219188 -7.223480761003637 29.102488473392324
    vertex -1.167834496674517 -7.382399383601524 29.102496065256872
  endloop
endfacet
facet normal -0.3826834321079748 0.9238795325112895 -1.4027927652389879e-05
  outer loop
    vertex -1.3750145912730225 -8.955531568600708 31.102488472024163
    vertex -1.6161222324573599 -9.055431991077112 29.102479632450336
    vertex -1.6161955460084636 -9.055431991105337 31.10247963110662
  endloop
endfacet
facet normal -0.3826834321079748 0.9238795325112895 -1.4027927652389879e-05
  outer loop
    vertex -1.6161222324573599 -9.055431991077112 29.102479632450336
    vertex -1.3750145912730225 -8.955531568600708 31.102488472024163
    vertex -1.3749412777219188 -8.955531568572484 29.102488473367877
  endloop
endfacet
facet normal -0.7933533397582299 -0.6087614290086986 -2.9081783923319025e-05
  outer loop
    vertex -1.008915874183408 -7.589506164788069 29.102501890698232
    vertex -1.1679078102256208 -7.382399383629746 31.102496063913154
    vertex -1.167834496674517 -7.382399383601524 29.102496065256872
  endloop
endfacet
facet normal -0.7933533397582299 -0.6087614290086986 -2.9081783923319025e-05
  outer loop
    vertex -1.1679078102256208 -7.382399383629746 31.102496063913154
    vertex -1.008915874183408 -7.589506164788069 29.102501890698232
    vertex -1.0089891877345116 -7.5895061648162905 31.102501889354514
  endloop
endfacet
facet normal -0.6087614285997134 0.7933533402912396 -2.2315219875744777e-05
  outer loop
    vertex -1.1679078102256208 -8.796612946002819 31.102496063893195
    vertex -1.3749412777219188 -8.955531568572484 29.102488473367877
    vertex -1.3750145912730225 -8.955531568600708 31.102488472024163
  endloop
endfacet
facet normal -0.6087614285997134 0.7933533402912396 -2.2315219875744777e-05
  outer loop
    vertex -1.3749412777219188 -8.955531568572484 29.102488473367877
    vertex -1.1679078102256208 -8.796612946002819 31.102496063893195
    vertex -1.167834496674517 -8.796612945974594 29.102496065236913
  endloop
endfacet
facet normal 0.7933533397582291 -0.6087614290087003 2.908176674221289e-05
  outer loop
    vertex -2.582048058097445 -7.382399383601524 29.10244422474773
    vertex -2.7410399941396575 -7.589506164816294 31.102438397956806
    vertex -2.7409666805885537 -7.589506164788069 29.102438399300524
  endloop
endfacet
facet normal 0.7933533397582291 -0.6087614290087003 2.908176674221289e-05
  outer loop
    vertex -2.7410399941396575 -7.589506164816294 31.102438397956806
    vertex -2.582048058097445 -7.382399383601524 29.10244422474773
    vertex -2.5821213716485487 -7.382399383629749 31.102444223404014
  endloop
endfacet
facet normal -1.1407765607689826e-05 -8.941567600660645e-06 0.9999999998949558
  outer loop
    vertex -30.875014571453185 -7.089506164816337 31.101407097340815
    vertex -2.1338336358657055 -7.123580338527232 31.10246065619059
    vertex -1.8750145909370846 -7.0895061648163 31.102470143662718
  endloop
endfacet
facet normal -1.1407765607689826e-05 -8.941567600660645e-06 0.9999999998949558
  outer loop
    vertex -2.1338336358657055 -7.123580338527232 31.10246065619059
    vertex -30.875014571453185 -7.089506164816337 31.101407097340815
    vertex -30.616195526524564 -7.123580338527269 31.10141658481198
  endloop
endfacet
facet normal -1.1407765607689826e-05 -8.941567600660645e-06 0.9999999998949558
  outer loop
    vertex -2.1338336358657055 -7.123580338527232 31.10246065619059
    vertex -30.616195526524564 -7.123580338527269 31.10141658481198
    vertex -2.375014590601147 -7.223480761031862 31.102451815273046
  endloop
endfacet
facet normal -1.1407765607689826e-05 -8.941567600660645e-06 0.9999999998949558
  outer loop
    vertex -2.375014590601147 -7.223480761031862 31.102451815273046
    vertex -30.616195526524564 -7.123580338527269 31.10141658481198
    vertex -30.375014571789123 -7.223480761031898 31.101425425726703
  endloop
endfacet
facet normal -1.1407765607689826e-05 -8.941567600660645e-06 0.9999999998949558
  outer loop
    vertex -2.375014590601147 -7.223480761031862 31.102451815273046
    vertex -30.375014571789123 -7.223480761031898 31.101425425726703
    vertex -2.5821213716485487 -7.382399383629749 31.102444223404014
  endloop
endfacet
facet normal -1.1407765607689826e-05 -8.941567600660645e-06 0.9999999998949558
  outer loop
    vertex -2.5821213716485487 -7.382399383629749 31.102444223404014
    vertex -30.375014571789123 -7.223480761031898 31.101425425726703
    vertex -30.16790779074172 -7.382399383629789 31.10143301759125
  endloop
endfacet
facet normal -1.1407765607689826e-05 -8.941567600660645e-06 0.9999999998949558
  outer loop
    vertex -2.5821213716485487 -7.382399383629749 31.102444223404014
    vertex -30.16790779074172 -7.382399383629789 31.10143301759125
    vertex -2.7410399941396575 -7.589506164816294 31.102438397956806
  endloop
endfacet
facet normal -1.1407765607689826e-05 -8.941567600660645e-06 0.9999999998949558
  outer loop
    vertex -2.7410399941396575 -7.589506164816294 31.102438397956806
    vertex -30.16790779074172 -7.382399383629789 31.10143301759125
    vertex -30.008989168250586 -7.589506164816338 31.10143884303261
  endloop
endfacet
facet normal -1.1407765607689826e-05 -8.941567600660645e-06 0.9999999998949558
  outer loop
    vertex -2.7410399941396575 -7.589506164816294 31.102438397956806
    vertex -30.008989168250586 -7.589506164816338 31.10143884303261
    vertex -2.8409404165771694 -7.83068711971377 31.10243473592604
  endloop
endfacet
facet normal -1.1407765607689826e-05 -8.941567600660645e-06 0.9999999998949558
  outer loop
    vertex -2.8409404165771694 -7.83068711971377 31.10243473592604
    vertex -30.008989168250586 -7.589506164816338 31.10143884303261
    vertex -29.909088745813076 -7.830687119713818 31.10144250505658
  endloop
endfacet
facet normal -1.1407765607689826e-05 -8.941567600660645e-06 0.9999999998949558
  outer loop
    vertex -2.8409404165771694 -7.83068711971377 31.10243473592604
    vertex -29.909088745813076 -7.830687119713818 31.10144250505658
    vertex -2.875014590265209 -8.089506164816287 31.10243348687305
  endloop
endfacet
facet normal -1.1407765607689826e-05 -8.941567600660645e-06 0.9999999998949558
  outer loop
    vertex -2.875014590265209 -8.089506164816287 31.10243348687305
    vertex -29.909088745813076 -7.830687119713818 31.10144250505658
    vertex -29.875014572125036 -8.089506164816342 31.101443754102263
  endloop
endfacet
facet normal -1.1407765607689826e-05 -8.941567600660645e-06 0.9999999998949558
  outer loop
    vertex -2.875014590265209 -8.089506164816287 31.10243348687305
    vertex -29.875014572125036 -8.089506164816342 31.101443754102263
    vertex -2.8409404165771694 -8.348325209918803 31.102434735918727
  endloop
endfacet
facet normal -1.1407765607689826e-05 -8.941567600660645e-06 0.9999999998949558
  outer loop
    vertex -2.8409404165771694 -8.348325209918803 31.102434735918727
    vertex -29.875014572125036 -8.089506164816342 31.101443754102263
    vertex -29.909088745813076 -8.348325209918865 31.10144250504927
  endloop
endfacet
facet normal -1.1407765607689826e-05 -8.941567600660645e-06 0.9999999998949558
  outer loop
    vertex -2.8409404165771694 -8.348325209918803 31.102434735918727
    vertex -29.909088745813076 -8.348325209918865 31.10144250504927
    vertex -2.7410399941396575 -8.589506164816278 31.102438397942695
  endloop
endfacet
facet normal -1.1407765607689826e-05 -8.941567600660645e-06 0.9999999998949558
  outer loop
    vertex -2.7410399941396575 -8.589506164816278 31.102438397942695
    vertex -29.909088745813076 -8.348325209918865 31.10144250504927
    vertex -30.008989168250586 -8.589506164816347 31.1014388430185
  endloop
endfacet
facet normal -1.1407765607689826e-05 -8.941567600660645e-06 0.9999999998949558
  outer loop
    vertex -2.7410399941396575 -8.589506164816278 31.102438397942695
    vertex -30.008989168250586 -8.589506164816347 31.1014388430185
    vertex -2.5821213716485487 -8.796612946002822 31.102444223384055
  endloop
endfacet
facet normal -1.1407765607689826e-05 -8.941567600660645e-06 0.9999999998949558
  outer loop
    vertex -2.5821213716485487 -8.796612946002822 31.102444223384055
    vertex -30.008989168250586 -8.589506164816347 31.1014388430185
    vertex -30.167907790741697 -8.796612946002893 31.101433017571292
  endloop
endfacet
facet normal -1.1407765607689826e-05 -8.941567600660645e-06 0.9999999998949558
  outer loop
    vertex -2.5821213716485487 -8.796612946002822 31.102444223384055
    vertex -30.167907790741697 -8.796612946002893 31.101433017571292
    vertex -2.375014590601147 -8.95553156860071 31.102451815248603
  endloop
endfacet
facet normal -1.1407765607689826e-05 -8.941567600660645e-06 0.9999999998949558
  outer loop
    vertex -2.375014590601147 -8.95553156860071 31.102451815248603
    vertex -30.167907790741697 -8.796612946002893 31.101433017571292
    vertex -30.375014571789098 -8.955531568600787 31.10142542570226
  endloop
endfacet
facet normal -1.1407765607689826e-05 -8.941567600660645e-06 0.9999999998949558
  outer loop
    vertex -2.375014590601147 -8.95553156860071 31.102451815248603
    vertex -30.375014571789098 -8.955531568600787 31.10142542570226
    vertex -2.1338336358657055 -9.055431991105337 31.102460656163327
  endloop
endfacet
facet normal -1.1407765607689826e-05 -8.941567600660645e-06 0.9999999998949558
  outer loop
    vertex -2.1338336358657055 -9.055431991105337 31.102460656163327
    vertex -30.375014571789098 -8.955531568600787 31.10142542570226
    vertex -30.61619552652454 -9.055431991105417 31.101416584784715
  endloop
endfacet
facet normal -1.1407765607689826e-05 -8.941567600660645e-06 0.9999999998949558
  outer loop
    vertex -2.1338336358657055 -9.055431991105337 31.102460656163327
    vertex -30.61619552652454 -9.055431991105417 31.101416584784715
    vertex -1.8750145909370846 -9.08950616481627 31.10247014363449
  endloop
endfacet
facet normal -1.1407765607689826e-05 -8.941567600660645e-06 0.9999999998949558
  outer loop
    vertex -1.8750145909370846 -9.08950616481627 31.10247014363449
    vertex -30.61619552652454 -9.055431991105417 31.101416584784715
    vertex -30.875014571453185 -9.08950616481635 31.10140709731259
  endloop
endfacet
facet normal -1.1407765607689826e-05 -8.941567600660645e-06 0.9999999998949558
  outer loop
    vertex -32.874940240798566 -4.589806275608807 31.100893269105715
    vertex -31.37501457111727 -7.223480761031902 31.101388768951146
    vertex -27.874915571744218 -4.58980627560898 31.101364268165675
  endloop
endfacet
facet normal -1.1407765607689826e-05 -8.941567600660645e-06 0.9999999998949558
  outer loop
    vertex -31.37501457111727 -7.223480761031902 31.101388768951146
    vertex -32.874940240798566 -4.589806275608807 31.100893269105715
    vertex -31.58212135216467 -7.382399383629794 31.10138117708211
  endloop
endfacet
facet normal -1.1407765607689826e-05 -8.941567600660645e-06 0.9999999998949558
  outer loop
    vertex -31.58212135216467 -7.382399383629794 31.10138117708211
    vertex -32.874940240798566 -4.589806275608807 31.100893269105715
    vertex -31.74103997465578 -7.589506164816342 31.101375351634903
  endloop
endfacet
facet normal -1.1407765607689826e-05 -8.941567600660645e-06 0.9999999998949558
  outer loop
    vertex -31.74103997465578 -7.589506164816342 31.101375351634903
    vertex -32.874940240798566 -4.589806275608807 31.100893269105715
    vertex -31.84094039709329 -7.830687119713824 31.101371689604136
  endloop
endfacet
facet normal -1.1407765607689826e-05 -8.941567600660645e-06 0.9999999998949558
  outer loop
    vertex -31.84094039709329 -7.830687119713824 31.101371689604136
    vertex -32.874940240798566 -4.589806275608807 31.100893269105715
    vertex -32.87494024079099 -10.589775739844713 31.100900721751316
  endloop
endfacet
facet normal -1.1407765607689826e-05 -8.941567600660645e-06 0.9999999998949558
  outer loop
    vertex -27.874915571744218 -4.58980627560898 31.101364268165675
    vertex -31.37501457111727 -7.223480761031902 31.101388768951146
    vertex -31.13383361638183 -7.123580338527269 31.101397609868688
  endloop
endfacet
facet normal -1.1407765607689826e-05 -8.941567600660645e-06 0.9999999998949558
  outer loop
    vertex -27.874915571744218 -4.58980627560898 31.101364268165675
    vertex -31.13383361638183 -7.123580338527269 31.101397609868688
    vertex -30.875014571453185 -7.089506164816337 31.101407097340815
  endloop
endfacet
facet normal -1.1407765607689826e-05 -8.941567600660645e-06 0.9999999998949558
  outer loop
    vertex -27.874915571744218 -4.58980627560898 31.101364268165675
    vertex -30.875014571453185 -7.089506164816337 31.101407097340815
    vertex -1.8750145909370846 -7.0895061648163 31.102470143662718
  endloop
endfacet
facet normal -1.1407765607689826e-05 -8.941567600660645e-06 0.9999999998949558
  outer loop
    vertex -31.84094039709329 -7.830687119713824 31.101371689604136
    vertex -32.87494024079099 -10.589775739844713 31.100900721751316
    vertex -31.87501457078133 -8.089506164816346 31.101370440551147
  endloop
endfacet
facet normal -1.1407765607689826e-05 -8.941567600660645e-06 0.9999999998949558
  outer loop
    vertex -31.87501457078133 -8.089506164816346 31.101370440551147
    vertex -32.87494024079099 -10.589775739844713 31.100900721751316
    vertex -31.84094039709329 -8.348325209918867 31.10137168959683
  endloop
endfacet
facet normal -1.1407765607689826e-05 -8.941567600660645e-06 0.9999999998949558
  outer loop
    vertex -31.84094039709329 -8.348325209918867 31.10137168959683
    vertex -32.87494024079099 -10.589775739844713 31.100900721751316
    vertex -31.74103997465578 -8.589506164816347 31.101375351620792
  endloop
endfacet
facet normal -1.1407765607689826e-05 -8.941567600660645e-06 0.9999999998949558
  outer loop
    vertex -31.74103997465578 -8.589506164816347 31.101375351620792
    vertex -32.87494024079099 -10.589775739844713 31.100900721751316
    vertex -31.58212135216465 -8.796612946002897 31.10138117706215
  endloop
endfacet
facet normal -1.1407765607689826e-05 -8.941567600660645e-06 0.9999999998949558
  outer loop
    vertex -31.58212135216465 -8.796612946002897 31.10138117706215
    vertex -32.87494024079099 -10.589775739844713 31.100900721751316
    vertex -31.375014571117244 -8.955531568600788 31.1013887689267
  endloop
endfacet
facet normal -1.1407765607689826e-05 -8.941567600660645e-06 0.9999999998949558
  outer loop
    vertex -31.375014571117244 -8.955531568600788 31.1013887689267
    vertex -32.87494024079099 -10.589775739844713 31.100900721751316
    vertex -31.133833616381803 -9.055431991105419 31.101397609841424
  endloop
endfacet
facet normal -1.1407765607689826e-05 -8.941567600660645e-06 0.9999999998949558
  outer loop
    vertex -31.133833616381803 -9.055431991105419 31.101397609841424
    vertex -32.87494024079099 -10.589775739844713 31.100900721751316
    vertex -30.875014571453185 -9.08950616481635 31.10140709731259
  endloop
endfacet
facet normal -1.1407765607689826e-05 -8.941567600660645e-06 0.9999999998949558
  outer loop
    vertex 0.12505974215142598 -4.589806275608889 31.10136172124069
    vertex -0.8750145916089604 -8.089506164816283 31.102506800424166
    vertex 0.12505974215143725 -19.589775739844985 31.101361721236902
  endloop
endfacet
facet normal -1.1407765607689826e-05 -8.941567600660645e-06 0.9999999998949558
  outer loop
    vertex -0.8750145916089604 -8.089506164816283 31.102506800424166
    vertex 0.12505974215142598 -4.589806275608889 31.10136172124069
    vertex -0.9090887652969997 -7.830687119713764 31.10250555137848
  endloop
endfacet
facet normal -1.1407765607689826e-05 -8.941567600660645e-06 0.9999999998949558
  outer loop
    vertex -0.9090887652969997 -7.830687119713764 31.10250555137848
    vertex 0.12505974215142598 -4.589806275608889 31.10136172124069
    vertex -1.0089891877345116 -7.5895061648162905 31.102501889354514
  endloop
endfacet
facet normal -1.1407765607689826e-05 -8.941567600660645e-06 0.9999999998949558
  outer loop
    vertex -1.0089891877345116 -7.5895061648162905 31.102501889354514
    vertex 0.12505974215142598 -4.589806275608889 31.10136172124069
    vertex -1.1679078102256208 -7.382399383629746 31.102496063913154
  endloop
endfacet
facet normal -1.1407765607689826e-05 -8.941567600660645e-06 0.9999999998949558
  outer loop
    vertex -1.1679078102256208 -7.382399383629746 31.102496063913154
    vertex 0.12505974215142598 -4.589806275608889 31.10136172124069
    vertex -1.3750145912730225 -7.223480761031859 31.102488472048606
  endloop
endfacet
facet normal -1.1407765607689826e-05 -8.941567600660645e-06 0.9999999998949558
  outer loop
    vertex -1.3750145912730225 -7.223480761031859 31.102488472048606
    vertex 0.12505974215142598 -4.589806275608889 31.10136172124069
    vertex -4.874915571744215 -4.589806275608924 31.101364268217274
  endloop
endfacet
facet normal -1.1407765607689826e-05 -8.941567600660645e-06 0.9999999998949558
  outer loop
    vertex -1.3750145912730225 -7.223480761031859 31.102488472048606
    vertex -4.874915571744215 -4.589806275608924 31.101364268217274
    vertex -1.6161955460084636 -7.123580338527232 31.102479631133882
  endloop
endfacet
facet normal -1.1407765607689826e-05 -8.941567600660645e-06 0.9999999998949558
  outer loop
    vertex -1.6161955460084636 -7.123580338527232 31.102479631133882
    vertex -4.874915571744215 -4.589806275608924 31.101364268217274
    vertex -1.8750145909370846 -7.0895061648163 31.102470143662718
  endloop
endfacet
facet normal -1.1407765607689826e-05 -8.941567600660645e-06 0.9999999998949558
  outer loop
    vertex -1.8750145909370846 -7.0895061648163 31.102470143662718
    vertex -4.874915571744215 -4.589806275608924 31.101364268217274
    vertex -27.874915571744218 -4.58980627560898 31.101364268165675
  endloop
endfacet
facet normal -1.1407765607689826e-05 -8.941567600660645e-06 0.9999999998949558
  outer loop
    vertex 0.12505974215143725 -19.589775739844985 31.101361721236902
    vertex -0.8750145916089604 -8.089506164816283 31.102506800424166
    vertex -0.9090887652969997 -8.3483252099188 31.102505551371177
  endloop
endfacet
facet normal -1.1407765607689826e-05 -8.941567600660645e-06 0.9999999998949558
  outer loop
    vertex 0.12505974215143725 -19.589775739844985 31.101361721236902
    vertex -0.9090887652969997 -8.3483252099188 31.102505551371177
    vertex -1.0089891877345116 -8.589506164816274 31.102501889340402
  endloop
endfacet
facet normal -1.1407765607689826e-05 -8.941567600660645e-06 0.9999999998949558
  outer loop
    vertex 0.12505974215143725 -19.589775739844985 31.101361721236902
    vertex -1.0089891877345116 -8.589506164816274 31.102501889340402
    vertex -1.1679078102256208 -8.796612946002819 31.102496063893195
  endloop
endfacet
facet normal -1.1407765607689826e-05 -8.941567600660645e-06 0.9999999998949558
  outer loop
    vertex 0.12505974215143725 -19.589775739844985 31.101361721236902
    vertex -1.1679078102256208 -8.796612946002819 31.102496063893195
    vertex -1.3750145912730225 -8.955531568600708 31.102488472024163
  endloop
endfacet
facet normal -1.1407765607689826e-05 -8.941567600660645e-06 0.9999999998949558
  outer loop
    vertex 0.12505974215143725 -19.589775739844985 31.101361721236902
    vertex -1.3750145912730225 -8.955531568600708 31.102488472024163
    vertex -1.6161955460084636 -9.055431991105337 31.10247963110662
  endloop
endfacet
facet normal -1.1407765607689826e-05 -8.941567600660645e-06 0.9999999998949558
  outer loop
    vertex 0.12505974215143725 -19.589775739844985 31.101361721236902
    vertex -1.6161955460084636 -9.055431991105337 31.10247963110662
    vertex -1.8750145909370846 -9.08950616481627 31.10247014363449
  endloop
endfacet
facet normal -1.1407765607689826e-05 -8.941567600660645e-06 0.9999999998949558
  outer loop
    vertex 0.12505974215143725 -19.589775739844985 31.101361721236902
    vertex -1.8750145909370846 -9.08950616481627 31.10247014363449
    vertex -30.875014571453185 -9.08950616481635 31.10140709731259
  endloop
endfacet
facet normal -1.1407765607689826e-05 -8.941567600660645e-06 0.9999999998949558
  outer loop
    vertex 0.12505974215143725 -19.589775739844985 31.101361721236902
    vertex -30.875014571453185 -9.08950616481635 31.10140709731259
    vertex -31.37494024092534 -10.589775739844713 31.100912082313837
  endloop
endfacet
facet normal -1.1407765607689826e-05 -8.941567600660645e-06 0.9999999998949558
  outer loop
    vertex -31.37494024092534 -10.589775739844713 31.100912082313837
    vertex -30.875014571453185 -9.08950616481635 31.10140709731259
    vertex -32.87494024079099 -10.589775739844713 31.100900721751316
  endloop
endfacet
facet normal -1.1407765607689826e-05 -8.941567600660645e-06 0.9999999998949558
  outer loop
    vertex 0.12505974215143725 -19.589775739844985 31.101361721236902
    vertex -31.37494024092534 -10.589775739844713 31.100912082313837
    vertex -31.374940240932926 -19.589775739844903 31.100913146976733
  endloop
endfacet
facet normal -1.1407765607689826e-05 -8.941567600660645e-06 0.9999999998949558
  outer loop
    vertex -27.87491557174424 -1.5898062801893948 31.10136426816642
    vertex -4.874915571744215 -4.589806275608924 31.101364268217274
    vertex -4.874915571744215 -1.5898062801893396 31.101364268218013
  endloop
endfacet
facet normal -1.1407765607689826e-05 -8.941567600660645e-06 0.9999999998949558
  outer loop
    vertex -4.874915571744215 -4.589806275608924 31.101364268217274
    vertex -27.87491557174424 -1.5898062801893948 31.10136426816642
    vertex -27.874915571744218 -4.58980627560898 31.101364268165675
  endloop
endfacet
facet normal 0.9999999999550886 -7.783452800518433e-16 9.477505682037838e-06
  outer loop
    vertex -31.37502743663246 -10.589779368288687 40.30119220286367
    vertex -31.374940240932926 -19.589775739844903 31.100913146976733
    vertex -31.37494024092534 -10.589775739844713 31.100912082313837
  endloop
endfacet
facet normal 0.9999999999550886 -7.783452800518433e-16 9.477505682037838e-06
  outer loop
    vertex -31.374940240932926 -19.589775739844903 31.100913146976733
    vertex -31.37502743663246 -10.589779368288687 40.30119220286367
    vertex -31.375027436640046 -19.589779368288884 40.30119326752657
  endloop
endfacet
facet normal -2.518133305126502e-12 0.9999999999999372 3.548881375225777e-07
  outer loop
    vertex -31.37502743663246 -10.589779368288687 40.30119220286367
    vertex -32.87494024079099 -10.589775739844713 31.100900721751316
    vertex -32.875027436498115 -10.589779368288685 40.30118084230116
  endloop
endfacet
facet normal -2.518133305126502e-12 0.9999999999999372 3.548881375225777e-07
  outer loop
    vertex -32.87494024079099 -10.589775739844713 31.100900721751316
    vertex -31.37502743663246 -10.589779368288687 40.30119220286367
    vertex -31.37494024092534 -10.589775739844713 31.100912082313837
  endloop
endfacet
endsolid Mosquito 2x18650
